time,close,T10Y2Y,HY_Spread,Copper_Gold_Log,WEI,Sahm_Rule,UM_Sentiment
1973-05-28,102.3,,,,,-0.03,77
1973-06-04,103.72,,,,,-0.03,77
1973-06-11,102.26,,,,,-0.03,77
1973-06-18,100.99,,,,,-0.03,77
1973-06-25,100.98,,,,,-0.03,77
1973-07-02,99.48,,,,,-0.07,77
1973-07-09,103.03,,,,,-0.07,77
1973-07-16,107.68,,,,,-0.07,77
1973-07-23,109.36,,,,,-0.07,77
1973-07-30,106.82,,,,,-0.1,77
1973-08-06,105.32,,,,,-0.1,77
1973-08-13,103.71,,,,,-0.1,77
1973-08-20,102.4,,,,,-0.1,77
1973-08-27,104.87,,,,,-0.1,77
1973-09-03,107.02,,,,,-0.07,72
1973-09-10,106.07,,,,,-0.07,72
1973-09-17,109.46,,,,,-0.07,72
1973-09-24,111.2,,,,,-0.07,72
1973-10-01,112.56,,,,,0,72
1973-10-08,114.1,,,,,0,72
1973-10-15,113.25,,,,,0,72
1973-10-22,112.79,,,,,0,72
1973-10-29,108.93,,,,,-0.07,72
1973-11-05,105.77,,,,,-0.07,72
1973-11-12,101.38,,,,,-0.07,72
1973-11-19,97.3,,,,,-0.07,72
1973-11-26,93.51,,,,,-0.03,76.5
1973-12-03,92.32,,,,,-0.03,76.5
1973-12-10,89.63,,,,,-0.03,76.5
1973-12-17,89.52,,,,,-0.03,76.5
1973-12-24,91.68,,,,,-0.03,76.5
1973-12-31,94.1,,,,,0.03,76.5
1974-01-07,92.23,,,,,0.03,76.5
1974-01-14,95.32,,,,,0.03,76.5
1974-01-21,95.4,,,,,0.03,76.5
1974-01-28,94.15,,,,,0.23,76.5
1974-02-04,92.2,,,,,0.23,76.5
1974-02-11,90.98,,,,,0.23,76.5
1974-02-18,92.93,,,,,0.23,76.5
1974-02-25,94.05,,,,,0.4,61.8
1974-03-04,95.17,,,,,0.4,61.8
1974-03-11,96.53,,,,,0.4,61.8
1974-03-18,95.45,,,,,0.4,61.8
1974-03-25,92.27,,,,,0.4,61.8
1974-04-01,90.7,,,,,0.5,61.8
1974-04-08,89.79,,,,,0.5,61.8
1974-04-15,90.31,,,,,0.5,61.8
1974-04-22,86.24,,,,,0.5,61.8
1974-04-29,87.47,,,,,0.43,61.8
1974-05-06,84.3,,,,,0.43,61.8
1974-05-13,81.93,,,,,0.43,61.8
1974-05-20,81.45,,,,,0.43,61.8
1974-05-27,80.2,,,,,0.43,61.8
1974-06-03,83.71,,,,,0.43,72.1
1974-06-10,82.76,,,,,0.43,72.1
1974-06-17,79.11,,,,,0.43,72.1
1974-06-24,75.96,,,,,0.43,72.1
1974-07-01,73.57,,,,,0.47,72.1
1974-07-08,71.68,,,,,0.47,72.1
1974-07-15,73.4,,,,,0.47,72.1
1974-07-22,72.83,,,,,0.47,72.1
1974-07-29,69.4,,,,,0.57,72.1
1974-08-05,70.69,,,,,0.57,72.1
1974-08-12,65.86,,,,,0.57,72.1
1974-08-19,62.57,,,,,0.57,72.1
1974-08-26,62.37,,,,,0.57,72.1
1974-09-02,60.7,,,,,0.63,64.4
1974-09-09,56.66,,,,,0.63,64.4
1974-09-16,59.9,,,,,0.63,64.4
1974-09-23,57.12,,,,,0.63,64.4
1974-09-30,55.16,,,,,0.83,64.4
1974-10-07,60.42,,,,,0.83,64.4
1974-10-14,62.75,,,,,0.83,64.4
1974-10-21,62.88,,,,,0.83,64.4
1974-10-28,65.06,,,,,1.07,64.4
1974-11-04,66.51,,,,,1.07,64.4
1974-11-11,64.41,,,,,1.07,64.4
1974-11-18,62.07,,,,,1.07,64.4
1974-11-25,62.95,,,,,1.07,64.4
1974-12-02,58.21,,,,,1.43,59.5
1974-12-09,59.22,,,,,1.43,59.5
1974-12-16,58.67,,,,,1.43,59.5
1974-12-23,58.74,,,,,1.43,59.5
1974-12-30,61.23,,,,,1.83,59.5
1975-01-06,63.69,,,,,1.83,59.5
1975-01-13,64.4,,,,,1.83,59.5
1975-01-20,65.38,,,,,1.83,59.5
1975-01-27,69.78,,,,,2.37,59.5
1975-02-03,71.12,,,,,2.37,59.5
1975-02-10,73.26,,,,,2.37,59.5
1975-02-17,73.79,,,,,2.37,59.5
1975-02-24,73,,,,,2.37,59.5
1975-03-03,74.4,,,,,2.77,57.6
1975-03-10,76.07,,,,,2.77,57.6
1975-03-17,75.92,,,,,2.77,57.6
1975-03-24,76.18,,,,,2.77,57.6
1975-03-31,74.73,,,,,3.27,57.6
1975-04-07,76.31,,,,,3.27,57.6
1975-04-14,78.08,,,,,3.27,57.6
1975-04-21,78.64,,,,,3.27,57.6
1975-04-28,80.25,,,,,3.5,57.6
1975-05-05,82.82,,,,,3.5,57.6
1975-05-12,82.44,,,,,3.5,57.6
1975-05-19,82.62,,,,,3.5,57.6
1975-05-26,83.1,,,,,3.5,57.6
1975-06-02,84.77,,,,,3.83,72.8
1975-06-09,83.43,,,,,3.83,72.8
1975-06-16,85.24,,,,,3.83,72.8
1975-06-23,86.5,,,,,3.83,72.8
1975-06-30,86.2,,,,,3.77,72.8
1975-07-07,87.2,,,,,3.77,72.8
1975-07-14,87.02,,,,,3.77,72.8
1975-07-21,83.6,,,,,3.77,72.8
1975-07-28,81.82,,,,,3.5,72.8
1975-08-04,79.55,,,,,3.5,72.8
1975-08-11,78.58,,,,,3.5,72.8
1975-08-18,76.45,,,,,3.5,72.8
1975-08-25,79.01,,,,,3.5,72.8
1975-09-01,77.78,,,,,3.17,75.7
1975-09-08,74.72,,,,,3.17,75.7
1975-09-15,76.39,,,,,3.17,75.7
1975-09-22,76.14,,,,,3.17,75.7
1975-09-29,75.5,,,,,2.87,75.7
1975-10-06,76.96,,,,,2.87,75.7
1975-10-13,77.63,,,,,2.87,75.7
1975-10-20,78.62,,,,,2.87,75.7
1975-10-27,76.99,,,,,2.7,75.7
1975-11-03,77.21,,,,,2.7,75.7
1975-11-10,78.98,,,,,2.7,75.7
1975-11-17,77.74,,,,,2.7,75.7
1975-11-24,78.8,,,,,2.7,75.7
1975-12-01,74.72,,,,,2.27,75.6
1975-12-08,74.91,,,,,2.27,75.6
1975-12-15,75.92,,,,,2.27,75.6
1975-12-22,77.13,,,,,2.27,75.6
1975-12-29,78.06,,,,,1.8,75.6
1976-01-05,82.31,,,,,1.8,75.6
1976-01-12,84.3,,,,,1.8,75.6
1976-01-19,85.26,,,,,1.8,75.6
1976-01-26,87.05,,,,,1.8,75.6
1976-02-02,87.25,,,,,0.93,75.6
1976-02-09,88.96,,,,,0.93,75.6
1976-02-16,91.02,,,,,0.93,75.6
1976-02-23,90.26,,,,,0.93,75.6
1976-03-01,89.47,,,,,0.2,84.6
1976-03-08,90.99,,,,,0.2,84.6
1976-03-15,89.54,,,,,0.2,84.6
1976-03-22,90.89,,,,,0.2,84.6
1976-03-29,90.63,,,,,-0.27,84.6
1976-04-05,88.89,,,,,-0.27,84.6
1976-04-12,89.17,,,,,-0.27,84.6
1976-04-19,90.6,,,,,-0.27,84.6
1976-04-26,90.08,,,,,-0.27,84.6
1976-05-03,90.02,,,,,-0.1,84.6
1976-05-10,89.78,,,,,-0.1,84.6
1976-05-17,89.39,,,,,-0.1,84.6
1976-05-24,88.04,,,,,-0.1,84.6
1976-05-31,87.75,0.7,,,,-0.1,83.3
1976-06-07,87.71,0.86,,,,-0.1,83.3
1976-06-14,90.05,0.79,,,,-0.1,83.3
1976-06-21,90.05,0.82,,,,-0.1,83.3
1976-06-28,90.88,0.86,,,,0,83.3
1976-07-05,91.48,0.9,,,,0,83.3
1976-07-12,92.4,1.05,,,,0,83.3
1976-07-19,91.6,0.95,,,,0,83.3
1976-07-26,91.29,1.1,,,,0,83.3
1976-08-02,91.64,1.08,,,,0.1,83.3
1976-08-09,91.81,1.17,,,,0.1,83.3
1976-08-16,90.19,1.15,,,,0.1,83.3
1976-08-23,89.14,1.14,,,,0.1,83.3
1976-08-30,91.02,1.13,,,,0.3,89.7
1976-09-06,91.19,1.17,,,,0.3,89.7
1976-09-13,91.61,1.19,,,,0.3,89.7
1976-09-20,92.31,1.19,,,,0.3,89.7
1976-09-27,90.44,1.22,,,,0.4,89.7
1976-10-04,89.38,1.34,,,,0.4,89.7
1976-10-11,89.06,1.53,,,,0.4,89.7
1976-10-18,89.26,1.41,,,,0.4,89.7
1976-10-25,90.35,1.42,,,,0.4,89.7
1976-11-01,89.47,1.4,,,,0.43,89.7
1976-11-08,88.1,1.42,,,,0.43,89.7
1976-11-15,89.97,1.57,,,,0.43,89.7
1976-11-22,91.42,1.58,,,,0.43,89.7
1976-11-29,92.31,1.55,,,,0.5,87
1976-12-06,94.62,1.51,,,,0.5,87
1976-12-13,94.64,1.48,,,,0.5,87
1976-12-20,95.22,1.48,,,,0.5,87
1976-12-27,97.88,1.47,,,,0.47,87
1977-01-03,97.53,1.39,,,,0.47,87
1977-01-10,97.2,1.32,,,,0.47,87
1977-01-17,97.32,1.26,,,,0.47,87
1977-01-24,95.72,1.18,,,,0.47,87
1977-01-31,96.74,1.25,,,,0.27,87
1977-02-07,96.09,1.34,,,,0.27,87
1977-02-14,96.38,1.35,,,,0.27,87
1977-02-21,94.9,1.34,,,,0.27,87
1977-02-28,96.07,1.38,,,,0.1,87.1
1977-03-07,96.07,1.35,,,,0.1,87.1
1977-03-14,96.44,1.36,,,,0.1,87.1
1977-03-21,95.28,1.38,,,,0.1,87.1
1977-03-28,94.54,1.41,,,,-0.07,87.1
1977-04-04,94.03,1.41,,,,-0.07,87.1
1977-04-11,96.26,1.47,,,,-0.07,87.1
1977-04-18,95.12,1.37,,,,-0.07,87.1
1977-04-25,95.48,1.37,,,,-0.07,87.1
1977-05-02,96.9,1.31,,,,-0.1,87.1
1977-05-09,97.41,1.18,,,,-0.1,87.1
1977-05-16,98,1.12,,,,-0.1,87.1
1977-05-23,95.9,1.18,,,,-0.1,87.1
1977-05-30,96.19,1.19,,,,-0.2,90.2
1977-06-06,97.07,1.19,,,,-0.2,90.2
1977-06-13,98.61,1.12,,,,-0.2,90.2
1977-06-20,99.66,1.14,,,,-0.2,90.2
1977-06-27,99.9,1.12,,,,-0.07,90.2
1977-07-04,100.81,1.14,,,,-0.07,90.2
1977-07-11,101.41,1.09,,,,-0.07,90.2
1977-07-18,103.11,0.94,,,,-0.07,90.2
1977-07-25,100.65,0.93,,,,-0.07,90.2
1977-08-01,100.86,0.91,,,,-0.03,90.2
1977-08-08,100.76,0.83,,,,-0.03,90.2
1977-08-15,100.85,0.74,,,,-0.03,90.2
1977-08-22,99.89,0.7,,,,-0.03,90.2
1977-08-29,100.83,0.73,,,,0.07,89
1977-09-05,100.91,0.74,,,,0.07,89
1977-09-12,100.74,0.63,,,,0.07,89
1977-09-19,99.57,0.54,,,,0.07,89
1977-09-26,100.85,0.6,,,,0.07,89
1977-10-03,101.62,0.55,,,,0,89
1977-10-10,99.05,0.35,,,,0,89
1977-10-17,98.54,0.34,,,,0,89
1977-10-24,97.49,0.42,,,,0,89
1977-10-31,97.21,0.44,,,,0.03,89
1977-11-07,100.94,0.44,,,,0.03,89
1977-11-14,102.22,0.43,,,,0.03,89
1977-11-21,104.33,0.42,,,,0.03,89
1977-11-28,104.1,0.44,,,,-0.03,84.4
1977-12-05,103.57,0.48,,,,-0.03,84.4
1977-12-12,104.05,0.54,,,,-0.03,84.4
1977-12-19,103.94,0.51,,,,-0.03,84.4
1977-12-26,105.05,0.56,,,,-0.03,84.4
1978-01-02,101.66,0.57,,,,-0.13,84.4
1978-01-09,99.77,0.41,,,,-0.13,84.4
1978-01-16,100.63,0.42,,,,-0.13,84.4
1978-01-23,100.62,0.49,,,,-0.13,84.4
1978-01-30,102.22,0.49,,,,-0.17,83.7
1978-02-06,103.58,0.49,,,,-0.17,83.7
1978-02-13,102.25,0.46,,,,-0.17,83.7
1978-02-20,102.7,0.43,,,,-0.17,83.7
1978-02-27,101.95,0.45,,,,-0.2,84.3
1978-03-06,103.42,0.46,,,,-0.2,84.3
1978-03-13,104.94,0.45,,,,-0.2,84.3
1978-03-20,105.39,0.45,,,,-0.2,84.3
1978-03-27,106.2,0.45,,,,-0.07,78.8
1978-04-03,108.23,0.42,,,,-0.07,78.8
1978-04-10,111.29,0.51,,,,-0.07,78.8
1978-04-17,113.32,0.35,,,,-0.07,78.8
1978-04-24,115.18,0.27,,,,-0.07,78.8
1978-05-01,117.27,0.37,,,,-0.1,81.6
1978-05-08,119.4,0.34,,,,-0.1,81.6
1978-05-15,121.57,0.33,,,,-0.1,81.6
1978-05-22,119.86,0.3,,,,-0.1,81.6
1978-05-29,121.03,0.29,,,,0,82.9
1978-06-05,124.41,0.31,,,,0,82.9
1978-06-12,123.69,0.29,,,,0,82.9
1978-06-19,120.74,0.09,,,,0,82.9
1978-06-26,120.3,0.15,,,,0,82.9
1978-07-03,119.16,0.18,,,,-0.17,80
1978-07-10,121.58,0.18,,,,-0.17,80
1978-07-17,123.6,0.16,,,,-0.17,80
1978-07-24,125.62,0.11,,,,-0.17,80
1978-07-31,129.71,0.13,,,,0.07,82.4
1978-08-07,132,0.21,,,,0.07,82.4
1978-08-14,134.71,0,,,,0.07,82.4
1978-08-21,135.84,-0.06,,,,0.07,82.4
1978-08-28,135.35,-0.07,,,,0,78.4
1978-09-04,138.36,-0.1,,,,0,78.4
1978-09-11,137.36,-0.13,,,,0,78.4
1978-09-18,132.3,-0.18,,,,0,78.4
1978-09-25,132.89,-0.18,,,,0,78.4
1978-10-02,134,-0.09,,,,0.1,80.4
1978-10-09,135.58,-0.18,,,,0.1,80.4
1978-10-16,123.82,-0.2,,,,0.1,80.4
1978-10-23,115.25,-0.33,,,,0.1,80.4
1978-10-30,115.49,-0.63,,,,-0.03,79.3
1978-11-06,114.84,-0.6,,,,-0.03,79.3
1978-11-13,113.69,-0.47,,,,-0.03,79.3
1978-11-20,116.17,-0.74,,,,-0.03,79.3
1978-11-27,116.19,-0.7,,,,-0.03,75
1978-12-04,118.77,-0.61,,,,-0.03,75
1978-12-11,117.41,-0.58,,,,-0.03,75
1978-12-18,116.93,-0.85,,,,-0.03,75
1978-12-25,117.98,-0.83,,,,-0.03,75
1979-01-01,122.05,-0.77,,,,0,66.1
1979-01-08,123.74,-0.78,,,,0,66.1
1979-01-15,124.65,-0.76,,,,0,66.1
1979-01-22,127.04,-0.74,,,,0,66.1
1979-01-29,125.82,-0.59,,,,0,72.1
1979-02-05,123.76,-0.59,,,,0,72.1
1979-02-12,125.57,-0.57,,,,0,72.1
1979-02-19,125.04,-0.71,,,,0,72.1
1979-02-26,123.67,-0.71,,,,-0.03,73.9
1979-03-05,127.25,-0.68,,,,-0.03,73.9
1979-03-12,128.55,-0.72,,,,-0.03,73.9
1979-03-19,130.58,-0.65,,,,-0.03,73.9
1979-03-26,131.76,-0.61,,,,-0.03,73.9
1979-04-02,133.75,-0.65,,,,-0.07,68.4
1979-04-09,133.54,-0.65,,,,-0.07,68.4
1979-04-16,133.67,-0.54,,,,-0.07,68.4
1979-04-23,134.37,-0.61,,,,-0.07,68.4
1979-04-30,133.72,-0.55,,,,0,66
1979-05-07,129.69,-0.56,,,,0,66
1979-05-14,131.01,-0.48,,,,0,66
1979-05-21,132.68,-0.52,,,,0,66
1979-05-28,131.76,-0.5,,,,0.03,68.1
1979-06-04,134.96,-0.4,,,,0.03,68.1
1979-06-11,136.25,-0.25,,,,0.03,68.1
1979-06-18,137.24,-0.32,,,,0.03,68.1
1979-06-25,138.13,-0.15,,,,0.03,68.1
1979-07-02,138.64,-0.18,,,,0,65.8
1979-07-09,138.52,-0.06,,,,0,65.8
1979-07-16,137.98,-0.1,,,,0,65.8
1979-07-23,140.02,-0.28,,,,0,65.8
1979-07-30,142.63,-0.29,,,,-0.03,60.4
1979-08-06,145.07,-0.3,,,,-0.03,60.4
1979-08-13,147.84,-0.39,,,,-0.03,60.4
1979-08-20,149.4,-0.58,,,,-0.03,60.4
1979-08-27,150.44,-0.56,,,,-0.03,60.4
1979-09-03,148.07,-0.68,,,,0.07,64.5
1979-09-10,150.56,-0.76,,,,0.07,64.5
1979-09-17,150.65,-0.74,,,,0.07,64.5
1979-09-24,149.98,-0.67,,,,0.07,64.5
1979-10-01,152.29,-0.76,,,,0.13,66.7
1979-10-08,140.71,-1.09,,,,0.13,66.7
1979-10-15,136.59,-1.34,,,,0.13,66.7
1979-10-22,133.75,-1.61,,,,0.13,66.7
1979-10-29,136.88,-1.35,,,,0.23,62.1
1979-11-05,135.86,-1.1,,,,0.23,62.1
1979-11-12,139.07,-1.2,,,,0.23,62.1
1979-11-19,139.85,-1.18,,,,0.23,62.1
1979-11-26,144.26,-0.95,,,,0.17,63.3
1979-12-03,147.49,-0.91,,,,0.17,63.3
1979-12-10,150.03,-1.02,,,,0.17,63.3
1979-12-17,150.17,-1.03,,,,0.17,63.3
1979-12-24,150.83,-0.89,,,,0.17,63.3
1979-12-31,148.02,-0.81,,,,0.13,61
1980-01-07,153.87,-0.65,,,,0.13,61
1980-01-14,156.14,-0.7,,,,0.13,61
1980-01-21,159.7,-0.72,,,,0.13,61
1980-01-28,162.3,-0.75,,,,0.23,67
1980-02-04,165.25,-0.51,,,,0.23,67
1980-02-11,162.56,-0.93,,,,0.23,67
1980-02-18,160.08,-1.46,,,,0.23,67
1980-02-25,158.03,-2.01,,,,0.3,66.9
1980-03-03,146.19,-2.34,,,,0.3,66.9
1980-03-10,144.44,-2.28,,,,0.3,66.9
1980-03-17,138.8,-2.27,,,,0.3,66.9
1980-03-24,129.25,-2.17,,,,0.3,66.9
1980-03-31,136.01,-1.99,,,,0.4,56.5
1980-04-07,137.75,-1.43,,,,0.4,56.5
1980-04-14,134.66,-0.71,,,,0.4,56.5
1980-04-21,137.92,-0.44,,,,0.4,56.5
1980-04-28,140.25,-0.13,,,,0.67,52.7
1980-05-05,143.06,0.7,,,,0.67,52.7
1980-05-12,147.24,0.83,,,,0.67,52.7
1980-05-19,149.48,0.97,,,,0.67,52.7
1980-05-26,150.45,1.08,,,,0.67,52.7
1980-06-02,152.68,1.05,,,,1.27,51.7
1980-06-09,156.59,1.07,,,,1.27,51.7
1980-06-16,156.51,0.88,,,,1.27,51.7
1980-06-23,159.18,1.07,,,,1.27,51.7
1980-06-30,160.87,1.24,,,,1.77,58.7
1980-07-07,164.82,1.31,,,,1.77,58.7
1980-07-14,169.99,1.32,,,,1.77,58.7
1980-07-21,169.63,1.19,,,,1.77,58.7
1980-07-28,172.49,1.04,,,,2.03,62.3
1980-08-04,175.88,1.04,,,,2.03,62.3
1980-08-11,179.89,0.83,,,,2.03,62.3
1980-08-18,181.7,0.03,,,,2.03,62.3
1980-08-25,181.52,0.12,,,,2.03,62.3
1980-09-01,185.61,0.39,,,,1.93,67.3
1980-09-08,189.58,0.05,,,,1.93,67.3
1980-09-15,195.33,-0.31,,,,1.93,67.3
1980-09-22,190.77,-0.2,,,,1.93,67.3
1980-09-29,193.43,-0.23,,,,1.83,73.7
1980-10-06,197.79,-0.21,,,,1.83,73.7
1980-10-13,197.24,-0.22,,,,1.83,73.7
1980-10-20,196.17,-0.49,,,,1.83,73.7
1980-10-27,192.78,-0.62,,,,1.73,75
1980-11-03,193.51,-0.7,,,,1.73,75
1980-11-10,201.76,-0.46,,,,1.73,75
1980-11-17,206.07,-1.03,,,,1.73,75
1980-11-24,208.15,-1.41,,,,1.73,75
1980-12-01,203.02,-1.49,,,,1.7,76.7
1980-12-08,191.22,-1.53,,,,1.7,76.7
1980-12-15,197.91,-1.41,,,,1.7,76.7
1980-12-22,201.28,-0.7,,,,1.7,76.7
1980-12-29,203.55,-0.68,,,,1.57,64.5
1981-01-05,197.66,-0.96,,,,1.57,64.5
1981-01-12,201.13,-0.55,,,,1.57,64.5
1981-01-19,197.52,-0.9,,,,1.57,64.5
1981-01-26,197.81,-0.58,,,,1.57,64.5
1981-02-02,197.87,-0.8,,,,1.4,71.4
1981-02-09,193.89,-0.8,,,,1.4,71.4
1981-02-16,192.29,-0.65,,,,1.4,71.4
1981-02-23,198.01,-0.65,,,,1.4,71.4
1981-03-02,199.89,-0.71,,,,1.23,66.9
1981-03-09,202.17,-0.59,,,,1.23,66.9
1981-03-16,206.29,-0.11,,,,1.23,66.9
1981-03-23,208.82,-0.31,,,,1.23,66.9
1981-03-30,212.65,-0.17,,,,1.1,66.5
1981-04-06,215.15,-0.31,,,,1.1,66.5
1981-04-13,216.64,-0.44,,,,1.1,66.5
1981-04-20,219.56,-0.78,,,,1.1,66.5
1981-04-27,216.68,-0.73,,,,0.83,72.4
1981-05-04,214.84,-1.36,,,,0.83,72.4
1981-05-11,216.51,-1.56,,,,0.83,72.4
1981-05-18,219.23,-1.7,,,,0.83,72.4
1981-05-25,223.47,-1.23,,,,0.83,72.4
1981-06-01,221.3,-1.25,,,,0.47,76.3
1981-06-08,222.76,-1.08,,,,0.47,76.3
1981-06-15,219.56,-1.09,,,,0.47,76.3
1981-06-22,219.76,-0.95,,,,0.47,76.3
1981-06-29,212.8,-0.92,,,,0.1,73.1
1981-07-06,210.54,-1.02,,,,0.1,73.1
1981-07-13,212.76,-1,,,,0.1,73.1
1981-07-20,208,-1.28,,,,0.1,73.1
1981-07-27,211.63,-1.17,,,,0.1,73.1
1981-08-03,211.36,-1.17,,,,0,74.1
1981-08-10,212.12,-1.48,,,,0,74.1
1981-08-17,206.76,-1.36,,,,0,74.1
1981-08-24,197.55,-1.39,,,,0,74.1
1981-08-31,189.63,-1.42,,,,-0.13,77.2
1981-09-07,189.81,-1.42,,,,-0.13,77.2
1981-09-14,184.27,-1.06,,,,-0.13,77.2
1981-09-21,175.12,-0.86,,,,-0.13,77.2
1981-09-28,184.37,-0.82,,,,0.07,73.1
1981-10-05,191.27,-0.79,,,,0.07,73.1
1981-10-12,190.24,-0.43,,,,0.07,73.1
1981-10-19,191.91,-0.18,,,,0.07,73.1
1981-10-26,195.24,0.04,,,,0.07,73.1
1981-11-02,199.97,0.08,,,,0.4,70.3
1981-11-09,200.16,0.35,,,,0.4,70.3
1981-11-16,198.6,0.93,,,,0.4,70.3
1981-11-23,201.02,0.81,,,,0.4,70.3
1981-11-30,200.88,0.92,,,,0.8,62.5
1981-12-07,198.64,0.49,,,,0.8,62.5
1981-12-14,197.01,0.32,,,,0.8,62.5
1981-12-21,195.7,0.06,,,,0.8,62.5
1981-12-28,195.84,0.35,,,,1.07,64.3
1982-01-04,192.05,0.37,,,,1.07,64.3
1982-01-11,187.32,0.01,,,,1.07,64.3
1982-01-18,185.83,-0.37,,,,1.07,64.3
1982-01-25,188.39,-0.1,,,,1.07,64.3
1982-02-01,188.21,-0.24,,,,1.23,71
1982-02-08,182.52,-0.36,,,,1.23,71
1982-02-15,180.65,-0.7,,,,1.23,71
1982-02-22,179.43,-0.41,,,,1.23,71
1982-03-01,173.97,-0.2,,,,1.4,66.5
1982-03-08,168.23,-0.38,,,,1.4,66.5
1982-03-15,171.76,-0.46,,,,1.4,66.5
1982-03-22,175.2,-0.34,,,,1.4,66.5
1982-03-29,178.56,-0.34,,,,1.47,62
1982-04-05,181.15,-0.3,,,,1.47,62
1982-04-12,182.25,-0.53,,,,1.47,62
1982-04-19,184.93,-0.33,,,,1.47,62
1982-04-26,184.7,-0.15,,,,1.47,62
1982-05-03,188.13,-0.24,,,,1.77,65.5
1982-05-10,188.22,-0.33,,,,1.77,65.5
1982-05-17,182.4,0.05,,,,1.77,65.5
1982-05-24,178.54,0.09,,,,1.77,65.5
1982-05-31,174.82,0,,,,2,67.5
1982-06-07,173.55,-0.1,,,,2,67.5
1982-06-14,168.5,-0.31,,,,2,67.5
1982-06-21,170.48,-0.24,,,,2,67.5
1982-06-28,170.05,-0.2,,,,2.17,65.7
1982-07-05,168.07,-0.07,,,,2.17,65.7
1982-07-12,170.18,-0.11,,,,2.17,65.7
1982-07-19,172.11,0.47,,,,2.17,65.7
1982-07-26,167.35,0.41,,,,2.17,65.7
1982-08-02,163.59,0.62,,,,2.3,65.4
1982-08-09,159.14,0.62,,,,2.3,65.4
1982-08-16,166.96,0.86,,,,2.3,65.4
1982-08-23,177.6,0.88,,,,2.3,65.4
1982-08-30,182.05,0.65,,,,2.4,65.4
1982-09-06,182.47,0.66,,,,2.4,65.4
1982-09-13,186.61,0.46,,,,2.4,65.4
1982-09-20,188.61,0.44,,,,2.4,65.4
1982-09-27,188.7,0.5,,,,2.53,69.3
1982-10-04,198.89,0.45,,,,2.53,69.3
1982-10-11,204.46,0.77,,,,2.53,69.3
1982-10-18,215.29,0.9,,,,2.53,69.3
1982-10-25,212.63,0.88,,,,2.53,69.3
1982-11-01,227.03,0.75,,,,2.47,73.4
1982-11-08,232.61,0.71,,,,2.47,73.4
1982-11-15,229.41,0.63,,,,2.47,73.4
1982-11-22,228.64,0.75,,,,2.47,73.4
1982-11-29,237.16,0.75,,,,2.47,72.1
1982-12-06,233.85,0.79,,,,2.47,72.1
1982-12-13,228.93,0.98,,,,2.47,72.1
1982-12-20,232.33,0.95,,,,2.47,72.1
1982-12-27,232.41,0.88,,,,2.37,71.9
1983-01-03,238.6,1.1,,,,2.37,71.9
1983-01-10,245.63,1.19,,,,2.37,71.9
1983-01-17,243.97,1.15,,,,2.37,71.9
1983-01-24,246.93,1.24,,,,2.37,71.9
1983-01-31,251.65,1.17,,,,2.13,70.4
1983-02-07,256.64,1.1,,,,2.13,70.4
1983-02-14,261.29,1.04,,,,2.13,70.4
1983-02-21,262.44,0.98,,,,2.13,70.4
1983-02-28,265.94,1.02,,,,1.87,74.6
1983-03-07,266.18,0.93,,,,1.87,74.6
1983-03-14,265.01,0.8,,,,1.87,74.6
1983-03-21,270.89,0.73,,,,1.87,74.6
1983-03-28,270.8,0.75,,,,1.57,80.8
1983-04-04,268.1,0.84,,,,1.57,80.8
1983-04-11,281.6,0.8,,,,1.57,80.8
1983-04-18,288.55,0.84,,,,1.57,80.8
1983-04-25,293.06,0.89,,,,1.57,80.8
1983-05-02,301.64,0.91,,,,1.27,89.1
1983-05-09,303.94,0.94,,,,1.27,89.1
1983-05-16,303.56,0.88,,,,1.27,89.1
1983-05-23,312.05,0.74,,,,1.27,89.1
1983-05-30,313.85,0.82,,,,0.97,93.3
1983-06-06,315.24,0.76,,,,0.97,93.3
1983-06-13,326.11,0.59,,,,0.97,93.3
1983-06-20,328.91,0.57,,,,0.97,93.3
1983-06-27,321.58,0.73,,,,0.7,92.2
1983-07-04,319.57,0.7,,,,0.7,92.2
1983-07-11,312.87,0.66,,,,0.7,92.2
1983-07-18,320.71,0.66,,,,0.7,92.2
1983-07-25,303.96,0.8,,,,0.7,92.2
1983-08-01,300.2,0.85,,,,0.3,92.8
1983-08-08,299.58,0.72,,,,0.3,92.8
1983-08-15,299.1,0.85,,,,0.3,92.8
1983-08-22,290.31,0.79,,,,0.3,92.8
1983-08-29,297.85,0.81,,,,-0.07,90.9
1983-09-05,302.23,0.82,,,,-0.07,90.9
1983-09-12,298.27,0.87,,,,-0.07,90.9
1983-09-19,303.61,0.86,,,,-0.07,90.9
1983-09-26,296.65,0.86,,,,-0.07,90.9
1983-10-03,297.36,0.89,,,,-0.23,89.9
1983-10-10,289.65,0.94,,,,-0.23,89.9
1983-10-17,279.49,0.93,,,,-0.23,89.9
1983-10-24,276.14,1.06,,,,-0.23,89.9
1983-10-31,273.17,1.09,,,,-0.23,89.3
1983-11-07,277.13,1.08,,,,-0.23,89.3
1983-11-14,281.28,1.04,,,,-0.23,89.3
1983-11-21,285.49,0.92,,,,-0.23,89.3
1983-11-28,283.91,0.98,,,,-0.37,91.1
1983-12-05,280.51,1.05,,,,-0.37,91.1
1983-12-12,276.01,1.01,,,,-0.37,91.1
1983-12-19,276.54,0.93,,,,-0.37,91.1
1983-12-26,278.6,0.97,,,,-0.37,91.1
1984-01-02,287.9,1.05,,,,-0.33,94.2
1984-01-09,286.85,1.09,,,,-0.33,94.2
1984-01-16,284.41,1.04,,,,-0.33,94.2
1984-01-23,273.18,1.01,,,,-0.33,94.2
1984-01-30,264.01,1.07,,,,-0.27,100.1
1984-02-06,254.04,1.1,,,,-0.27,100.1
1984-02-13,251.33,1.05,,,,-0.27,100.1
1984-02-20,251.44,1.05,,,,-0.27,100.1
1984-02-27,255.54,1.07,,,,-0.2,97.4
1984-03-05,249.01,1.09,,,,-0.2,97.4
1984-03-12,253.37,1.07,,,,-0.2,97.4
1984-03-19,249.98,0.89,,,,-0.2,97.4
1984-03-26,250.78,0.93,,,,-0.2,97.4
1984-04-02,243.94,0.96,,,,-0.13,101
1984-04-09,244.01,0.91,,,,-0.13,101
1984-04-16,245.35,1,,,,-0.13,101
1984-04-23,246.9,0.9,,,,-0.13,101
1984-04-30,250.89,0.93,,,,-0.07,96.1
1984-05-07,250.57,0.93,,,,-0.07,96.1
1984-05-14,244.61,1.03,,,,-0.07,96.1
1984-05-21,235.23,0.95,,,,-0.07,96.1
1984-05-28,235.9,0.91,,,,-0.1,98.1
1984-06-04,240.35,0.73,,,,-0.1,98.1
1984-06-11,235.64,0.64,,,,-0.1,98.1
1984-06-18,241.11,0.58,,,,-0.1,98.1
1984-06-25,239.65,0.63,,,,-0.1,98.1
1984-07-02,236.72,0.7,,,,-0.23,95.5
1984-07-09,234.67,0.46,,,,-0.23,95.5
1984-07-16,229.37,0.43,,,,-0.23,95.5
1984-07-23,229.3,0.34,,,,-0.23,95.5
1984-07-30,246.24,0.26,,,,-0.1,96.6
1984-08-06,252.43,0.28,,,,-0.1,96.6
1984-08-13,250.37,0.3,,,,-0.1,96.6
1984-08-20,254.78,0.25,,,,-0.1,96.6
1984-08-27,254.64,0.28,,,,-0.1,96.6
1984-09-03,251.68,0.27,,,,0,99.1
1984-09-10,255.6,0.23,,,,0,99.1
1984-09-17,252.68,0.34,,,,0,99.1
1984-09-24,249.94,0.36,,,,0,99.1
1984-10-01,245.46,0.5,,,,0.1,100.9
1984-10-08,246.11,0.53,,,,0.1,100.9
1984-10-15,251.18,0.56,,,,0.1,100.9
1984-10-22,247.38,0.7,,,,0.1,100.9
1984-10-29,247.92,0.7,,,,0.07,96.3
1984-11-05,249.5,0.9,,,,0.07,96.3
1984-11-12,245.12,0.98,,,,0.07,96.3
1984-11-19,245.45,0.95,,,,0.07,96.3
1984-11-26,242.53,1.08,,,,-0.03,95.7
1984-12-03,238.94,1.19,,,,-0.03,95.7
1984-12-10,239.04,1.36,,,,-0.03,95.7
1984-12-17,244.28,1.4,,,,-0.03,95.7
1984-12-24,246.08,1.44,,,,-0.03,95.7
1984-12-31,246.1,1.59,,,,-0.07,92.9
1985-01-07,252.2,1.51,,,,-0.07,92.9
1985-01-14,263.1,1.48,,,,-0.07,92.9
1985-01-21,274,1.35,,,,-0.07,92.9
1985-01-28,278.4,1.25,,,,0.03,96
1985-02-04,288.4,1.34,,,,0.03,96
1985-02-11,287.7,1.36,,,,0.03,96
1985-02-18,286.2,1.42,,,,0.03,96
1985-02-25,287.2,1.13,,,,0.1,93.7
1985-03-04,282.4,1.15,,,,0.1,93.7
1985-03-11,278,1.11,,,,0.1,93.7
1985-03-18,278.9,1.13,,,,0.1,93.7
1985-03-25,279.2,1.22,,,,0.1,93.7
1985-04-01,277.4,1.22,,,,0.13,93.7
1985-04-08,280.6,1.3,,,,0.13,93.7
1985-04-15,282.8,1.35,,,,0.13,93.7
1985-04-22,284.1,1.47,,,,0.13,93.7
1985-04-29,280.3,1.43,,,,0.1,94.6
1985-05-06,287.5,1.53,,,,0.1,94.6
1985-05-13,291.7,1.5,,,,0.1,94.6
1985-05-20,292.1,1.43,,,,0.1,94.6
1985-05-27,290.8,1.36,,,,0.1,94.6
1985-06-03,291,1.38,,,,0.1,91.8
1985-06-10,288,1.45,,,,0.1,91.8
1985-06-17,288.7,1.55,,,,0.1,91.8
1985-06-24,296.2,1.58,,,,0.1,91.8
1985-07-01,298.6,1.57,,,,0.1,96.5
1985-07-08,302.4,1.49,,,,0.1,96.5
1985-07-15,307.8,1.54,,,,0.1,96.5
1985-07-22,304.6,1.56,,,,0.1,96.5
1985-07-29,304.5,1.47,,,,0.1,94
1985-08-05,299.1,1.44,,,,0.1,94
1985-08-12,296.5,1.4,,,,0.1,94
1985-08-19,296.7,1.29,,,,0.1,94
1985-08-26,297.7,1.31,,,,0.1,94
1985-09-02,296.2,1.35,,,,0,92.4
1985-09-09,287.2,1.37,,,,0,92.4
1985-09-16,284.4,1.3,,,,0,92.4
1985-09-23,280.2,1.5,,,,0,92.4
1985-09-30,280.5,1.48,,,,-0.07,92.1
1985-10-07,281.8,1.39,,,,-0.07,92.1
1985-10-14,288.4,1.36,,,,-0.07,92.1
1985-10-21,289.5,1.25,,,,-0.07,92.1
1985-10-28,294.1,1.28,,,,-0.07,88.4
1985-11-04,300,1.27,,,,-0.07,88.4
1985-11-11,306.2,1.26,,,,-0.07,88.4
1985-11-18,310.8,1.14,,,,-0.07,88.4
1985-11-25,314,1.13,,,,-0.07,88.4
1985-12-02,316.6,1.18,,,,0,90.9
1985-12-09,324,1.24,,,,0,90.9
1985-12-16,323.1,1.03,,,,0,90.9
1985-12-23,322.8,1,,,,0,90.9
1985-12-30,325.7,1.02,,,,-0.07,93.9
1986-01-06,324.4,1.03,,,,-0.07,93.9
1986-01-13,330.7,1.05,,,,-0.07,93.9
1986-01-20,328.9,1.1,,,,-0.07,93.9
1986-01-27,335.8,1.09,,,,-0.13,95.6
1986-02-03,342.2,0.96,,,,-0.13,95.6
1986-02-10,350.2,0.69,,,,-0.13,95.6
1986-02-17,355.7,0.55,,,,-0.13,95.6
1986-02-24,359.5,0.42,,,,0.1,95.9
1986-03-03,362.2,0.67,,,,0.1,95.9
1986-03-10,371.8,0.54,,,,0.1,95.9
1986-03-17,372.6,0.61,,,,0.1,95.9
1986-03-24,373.3,0.45,,,,0.1,95.9
1986-03-31,372.2,0.6,,,,0.2,95.1
1986-04-07,378.9,0.64,,,,0.2,95.1
1986-04-14,390.1,0.65,,,,0.2,95.1
1986-04-21,392.3,0.67,,,,0.2,95.1
1986-04-28,383.2,0.6,,,,0.33,96.2
1986-05-05,389.1,0.62,,,,0.33,96.2
1986-05-12,384.7,0.63,,,,0.33,96.2
1986-05-19,391.9,0.68,,,,0.33,96.2
1986-05-26,400.2,0.64,,,,0.33,96.2
1986-06-02,400.3,0.77,,,,0.33,94.8
1986-06-09,399.6,0.67,,,,0.33,94.8
1986-06-16,396.9,0.59,,,,0.33,94.8
1986-06-23,403.6,0.51,,,,0.33,94.8
1986-06-30,411.2,0.6,,,,0.3,99.3
1986-07-07,391.6,0.58,,,,0.3,99.3
1986-07-14,381.1,0.57,,,,0.3,99.3
1986-07-21,379.8,0.68,,,,0.3,99.3
1986-07-28,370.7,0.77,,,,0.23,97.7
1986-08-04,365.8,0.84,,,,0.23,97.7
1986-08-11,380.2,0.77,,,,0.23,97.7
1986-08-18,381.5,0.88,,,,0.23,97.7
1986-08-25,382.9,0.97,,,,0.23,97.7
1986-09-01,378.4,1.04,,,,0.07,94.9
1986-09-08,346.8,1.14,,,,0.07,94.9
1986-09-15,349.4,1.15,,,,0.07,94.9
1986-09-22,351.6,1.1,,,,0.07,94.9
1986-09-29,352.8,1.07,,,,0.03,91.9
1986-10-06,353.5,1.18,,,,0.03,91.9
1986-10-13,355.7,1.24,,,,0.03,91.9
1986-10-20,356.7,1.12,,,,0.03,91.9
1986-10-27,360.8,1.08,,,,0.07,95.6
1986-11-03,361,1.05,,,,0.07,95.6
1986-11-10,358.5,0.96,,,,0.07,95.6
1986-11-17,354.7,0.96,,,,0.07,95.6
1986-11-24,359.6,0.94,,,,0.07,95.6
1986-12-01,363,0.88,,,,0.13,91.4
1986-12-08,355.9,0.89,,,,0.13,91.4
1986-12-15,352.2,0.81,,,,0.13,91.4
1986-12-22,349.9,0.78,,,,0.13,91.4
1986-12-29,353.26,0.88,,,,-0.07,89.1
1987-01-05,380.7,0.82,,,,-0.07,89.1
1987-01-12,389.9,0.81,,,,-0.07,89.1
1987-01-19,392.2,0.86,,,,-0.07,89.1
1987-01-26,392.1,0.85,,,,-0.07,89.1
1987-02-02,406.9,0.81,,,,-0.07,90.4
1987-02-09,412.5,0.85,,,,-0.07,90.4
1987-02-16,417.2,0.91,,,,-0.07,90.4
1987-02-23,425,0.84,,,,-0.07,90.4
1987-03-02,429.5,0.81,,,,-0.07,90.2
1987-03-09,432,0.8,,,,-0.07,90.2
1987-03-16,439.6,0.82,,,,-0.07,90.2
1987-03-23,436.6,0.84,,,,-0.07,90.2
1987-03-30,437.4,0.97,,,,-0.03,90.8
1987-04-06,430.9,1.04,,,,-0.03,90.8
1987-04-13,419.5,1.13,,,,-0.03,90.8
1987-04-20,412.6,1.03,,,,-0.03,90.8
1987-04-27,418.4,0.83,,,,-0.13,92.8
1987-05-04,423.2,0.9,,,,-0.13,92.8
1987-05-11,418.9,0.91,,,,-0.13,92.8
1987-05-18,407.4,0.81,,,,-0.13,92.8
1987-05-25,416.5,0.75,,,,-0.13,92.8
1987-06-01,417.8,0.82,,,,-0.13,91.1
1987-06-08,425.4,0.86,,,,-0.13,91.1
1987-06-15,429.1,0.83,,,,-0.13,91.1
1987-06-22,426.7,0.78,,,,-0.13,91.1
1987-06-29,425.9,0.92,,,,-0.17,91.5
1987-07-06,426,0.99,,,,-0.17,91.5
1987-07-13,434.1,1.07,,,,-0.17,91.5
1987-07-20,429.1,1.1,,,,-0.17,91.5
1987-07-27,434.9,0.98,,,,-0.17,91.5
1987-08-03,443.6,1.08,,,,-0.1,93.7
1987-08-10,451.6,0.99,,,,-0.1,93.7
1987-08-17,455.2,0.97,,,,-0.1,93.7
1987-08-24,453.3,0.97,,,,-0.1,93.7
1987-08-31,446.5,1.1,,,,-0.1,94.4
1987-09-07,446.2,1.06,,,,-0.1,94.4
1987-09-14,440.9,1.14,,,,-0.1,94.4
1987-09-21,441.9,1.09,,,,-0.1,94.4
1987-09-28,451.6,1.04,,,,-0.07,93.6
1987-10-05,438.4,0.83,,,,-0.07,93.6
1987-10-12,406.3,0.95,,,,-0.07,93.6
1987-10-19,328.5,1.21,,,,-0.07,93.6
1987-10-26,323.3,1.3,,,,-0.07,93.6
1987-11-02,326.4,1.14,,,,0,89.3
1987-11-09,323,1.09,,,,0,89.3
1987-11-16,312.5,1.13,,,,0,89.3
1987-11-23,316.5,1.24,,,,0,89.3
1987-11-30,292.9,1.22,,,,-0.03,83.1
1987-12-07,302.6,1.26,,,,-0.03,83.1
1987-12-14,326.9,1.07,,,,-0.03,83.1
1987-12-21,333.2,0.99,,,,-0.03,83.1
1987-12-28,330.5,1.06,,,,-0.03,86.8
1988-01-04,338.5,1.05,,,,-0.03,86.8
1988-01-11,340.1,0.99,,,,-0.03,86.8
1988-01-18,337.6,0.98,,,,-0.03,86.8
1988-01-25,344.7,1.04,,,,-0.03,86.8
1988-02-01,345.8,1.02,,,,-0.07,90.8
1988-02-08,353.3,1.06,,,,-0.07,90.8
1988-02-15,357.1,1.05,,,,-0.07,90.8
1988-02-22,363.4,1.02,,,,-0.07,90.8
1988-02-29,373.4,1.08,,,,-0.07,91.6
1988-03-07,375.5,1.09,,,,-0.07,91.6
1988-03-14,381.6,1.18,,,,-0.07,91.6
1988-03-21,372.5,1.06,,,,-0.07,91.6
1988-03-28,374.6,1.16,,,,-0.07,94.6
1988-04-04,381.8,1.06,,,,-0.07,94.6
1988-04-11,373.9,1.11,,,,-0.07,94.6
1988-04-18,374,1.18,,,,-0.07,94.6
1988-04-25,379.2,1.17,,,,-0.07,94.6
1988-05-02,379.4,1.13,,,,-0.13,91.2
1988-05-09,372.5,1.09,,,,-0.13,91.2
1988-05-16,366,1.14,,,,-0.13,91.2
1988-05-23,366.7,0.98,,,,-0.13,91.2
1988-05-30,376.9,0.94,,,,-0.03,94.8
1988-06-06,386.3,0.99,,,,-0.03,94.8
1988-06-13,386.9,0.93,,,,-0.03,94.8
1988-06-20,391.6,0.83,,,,-0.03,94.8
1988-06-27,394.7,0.8,,,,-0.1,94.7
1988-07-04,394.3,0.82,,,,-0.1,94.7
1988-07-11,395,0.79,,,,-0.1,94.7
1988-07-18,387.4,0.77,,,,-0.1,94.7
1988-07-25,387.3,0.72,,-6.224267838815859,,-0.1,94.7
1988-08-01,387.7,0.68,,-6.204715931425572,,0,93.4
1988-08-08,379,0.67,,-6.193748308753147,,0,93.4
1988-08-15,377.4,0.61,,-6.15342391677821,,0,93.4
1988-08-22,374.4,0.63,,-6.1147566127416075,,0,93.4
1988-08-29,376.5,0.57,,-6.128988483570603,,0,97.4
1988-09-05,381.6,0.54,,-6.085095856956806,,0,97.4
1988-09-12,383.9,0.52,,-6.047020734353958,,0,97.4
1988-09-19,385,0.51,,-5.985720992799638,,0,97.4
1988-09-26,387.7,0.45,,-5.973097190351044,,0,97.4
1988-10-03,385.7,0.44,,-5.953642382716071,,0.03,97.3
1988-10-10,384.6,0.48,,-5.892524599253078,,0.03,97.3
1988-10-17,388.6,0.41,,-5.840826364588684,,0.03,97.3
1988-10-24,382.8,0.45,,-5.849054871810382,,0.03,97.3
1988-10-31,381,0.46,,-5.856281626444987,,0,94.1
1988-11-07,373.8,0.3,,-5.889750473110442,,0,94.1
1988-11-14,367.6,0.28,,-5.852982501683349,,0,94.1
1988-11-21,366.4,0.19,,-5.742241754374321,,0,94.1
1988-11-28,373.9,0.06,,-5.775814077948502,,-0.07,93
1988-12-05,375.2,0.04,,-5.699814678576576,,-0.07,93
1988-12-12,375.8,-0.01,,-5.7478424644502315,,-0.07,93
1988-12-19,377.3,0.01,,-5.6825437766481715,,-0.07,93
1988-12-26,381.4,0,,-5.687066313665738,,-0.07,93
1989-01-02,384.7,-0.07,,-5.6732558839970455,,-0.03,91.9
1989-01-09,387.1,-0.08,,-5.6142340460907025,,-0.03,91.9
1989-01-16,391.7,-0.1,,-5.596396159884722,,-0.03,91.9
1989-01-23,398,-0.12,,-5.572873806427032,,-0.03,91.9
1989-01-30,406.4,-0.22,,-5.681326441218328,,0.03,97.9
1989-02-06,402.4,-0.18,,-5.683814668553588,,0.03,97.9
1989-02-13,407.2,-0.17,,-5.69988687175537,,0.03,97.9
1989-02-20,400,-0.28,,-5.648536229159739,,0.03,97.9
1989-02-27,404,-0.19,,-5.579428047739575,,-0.07,95.4
1989-03-06,405.9,-0.32,,-5.618727613169672,,-0.07,95.4
1989-03-13,402.2,-0.35,,-5.650301701128915,,-0.07,95.4
1989-03-20,400.9,-0.38,,-5.665138753240563,,-0.07,95.4
1989-03-27,406.7,-0.43,,-5.669009507901156,,-0.1,94.3
1989-04-03,410.7,-0.34,,-5.662383327133158,,-0.1,94.3
1989-04-10,417.7,-0.32,,-5.58343730590465,,-0.1,94.3
1989-04-17,423.8,-0.26,,-5.61899536240062,,-0.1,94.3
1989-04-24,427.6,-0.18,,-5.625945776721563,,-0.1,94.3
1989-05-01,430.7,-0.15,,-5.681362348905133,,-0.03,91.5
1989-05-08,434.8,-0.04,,-5.700620416685553,,-0.03,91.5
1989-05-15,442.1,-0.22,,-5.700514497891585,,-0.03,91.5
1989-05-22,445.2,-0.25,,-5.764338774127786,,-0.03,91.5
1989-05-29,451.6,-0.21,,-5.785406157144801,,0.03,90.7
1989-06-05,453.7,-0.06,,-5.762371876121632,,0.03,90.7
1989-06-12,447.2,-0.15,,-5.753250742872774,,0.03,90.7
1989-06-19,448.4,-0.17,,-5.838736715463257,,0.03,90.7
1989-06-26,435.3,-0.04,,-5.859325589147984,,0.03,90.7
1989-07-03,442.4,0.14,,-5.8986795317780745,,0.13,90.6
1989-07-10,448.9,0.26,,-5.839696376189297,,0.13,90.6
1989-07-17,449.3,0.2,,-5.815418223815425,,0.13,90.6
1989-07-24,452.8,0.27,,-5.808432889094769,,0.13,90.6
1989-07-31,457.4,0.2,,-5.778710421436654,,0.1,92
1989-08-07,462.5,0.03,,-5.732461211926063,,0.1,92
1989-08-14,462,-0.08,,-5.681826824833096,,0.1,92
1989-08-21,466.8,-0.12,,-5.571291301083041,,0.1,92
1989-08-28,471.3,-0.16,,-5.642081901844293,,0.1,89.6
1989-09-04,471.3,-0.18,,-5.66719958946347,,0.1,89.6
1989-09-11,467.6,0.04,,-5.6431737986241,,0.1,89.6
1989-09-18,468.1,-0.12,,-5.6654129048889175,,0.1,89.6
1989-09-25,472.9,-0.11,,-5.6917582816894,,0.1,89.6
1989-10-02,483.6,-0.16,,-5.617450307092941,,0.1,95.8
1989-10-09,467.3,0.03,,-5.624012061061951,,0.1,95.8
1989-10-16,470.7,0.09,,-5.680446526723377,,0.1,95.8
1989-10-23,452.8,0.1,,-5.766853028664268,,0.1,95.8
1989-10-30,453,-0.05,,-5.791366671366491,,0.13,93.9
1989-11-06,456.2,0.09,,-5.7970360984657665,,0.13,93.9
1989-11-13,456.7,0.11,,-5.86490535741216,,0.13,93.9
1989-11-20,456.6,0.16,,-5.937836751076574,,0.13,93.9
1989-11-27,457.1,0.11,,-5.989796490007285,,0.2,90.9
1989-12-04,456.2,0.04,,-5.994829126105127,,0.2,90.9
1989-12-11,443.8,0.05,,-5.982658111520123,,0.2,90.9
1989-12-18,444.6,0.08,,-5.969391739267019,,0.2,90.9
1989-12-25,454.8,0.06,,-5.942345381455076,,0.2,90.9
1990-01-01,458.2,0.09,,-5.921737551031593,,0.13,90.5
1990-01-08,439.7,0.17,,-5.970230300633066,,0.13,90.5
1990-01-15,440.9,0.06,,-6.025374490826328,,0.13,90.5
1990-01-22,421.3,0.21,,-6.057606383164094,,0.13,90.5
1990-01-29,422.2,0.13,,-6.047817483659114,,0.13,93
1990-02-05,428.8,0.06,,-6.0292597432700425,,0.13,93
1990-02-12,429,0.06,,-5.934649453708215,,0.13,93
1990-02-19,419.5,0.1,,-5.904931524588129,,0.13,93
1990-02-26,431,0.06,,-5.876974237508574,,0.13,89.5
1990-03-05,436.8,-0.08,,-5.851356224403762,,0.13,89.5
1990-03-12,442.2,-0.05,,-5.813475969345528,,0.13,89.5
1990-03-19,437.3,-0.09,,-5.7999404713828655,,0.13,89.5
1990-03-26,435.5,0.01,,-5.724801841880277,,0.13,89.5
1990-04-02,430.9,0.03,,-5.762316215353016,,0.1,91.3
1990-04-09,436.3,0.07,,-5.783660592240981,,0.1,91.3
1990-04-16,425.8,0.06,,-5.82168067882893,,0.1,91.3
1990-04-23,418,0.04,,-5.814504933455413,,0.1,91.3
1990-04-30,428.6,0.06,,-5.815236745168854,,0.13,93.9
1990-05-07,438.1,0.13,,-5.752309515550861,,0.13,93.9
1990-05-14,448.3,0.13,,-5.790068004187092,,0.13,93.9
1990-05-21,453.7,0.13,,-5.767235808492485,,0.13,93.9
1990-05-28,462.1,0.1,,-5.784237922240666,,0.13,90.6
1990-06-04,460.9,0.12,,-5.772785288922457,,0.13,90.6
1990-06-11,467.6,0.14,,-5.752941710614285,,0.13,90.6
1990-06-18,459.3,0.11,,-5.7597411283042454,,0.13,90.6
1990-06-25,462.3,0.16,,-5.754797952678581,,0.13,90.6
1990-07-02,460.5,0.2,,-5.726919395235118,,0.03,88.3
1990-07-09,468.4,0.3,,-5.6952057424812255,,0.03,88.3
1990-07-16,455.3,0.38,,-5.710990712132514,,0.03,88.3
1990-07-23,442.6,0.41,,-5.677765183106721,,0.03,88.3
1990-07-30,417.5,0.51,,-5.729737529754615,,0.07,88.2
1990-08-06,408,0.67,,-5.728475087246572,,0.07,88.2
1990-08-13,393.5,0.67,,-5.748766837251581,,0.07,88.2
1990-08-20,367.3,0.74,,-5.792815140367558,,0.07,88.2
1990-08-27,381.2,0.74,,-5.742551080364614,,0.07,88.2
1990-09-03,380.4,0.78,,-5.716361256863061,,0.17,76.4
1990-09-10,374.4,0.81,,-5.719896261922578,,0.17,76.4
1990-09-17,362.3,0.81,,-5.803245753341149,,0.17,76.4
1990-09-24,344.5,0.86,,-5.839241021471307,,0.17,76.4
1990-10-01,347.4,0.8,,-5.787442619155394,,0.33,72.8
1990-10-08,327.6,0.93,,-5.842841878283001,,0.33,72.8
1990-10-15,337.4,0.8,,-5.767522804983801,,0.33,72.8
1990-10-22,334.4,0.82,,-5.741460969279931,,0.33,72.8
1990-10-29,336.5,0.89,,-5.789928425369402,,0.4,63.9
1990-11-05,342,0.88,,-5.817722270805617,,0.4,63.9
1990-11-12,350.9,0.72,,-5.777100869192905,,0.4,63.9
1990-11-19,349,0.75,,-5.807843444971942,,0.4,63.9
1990-11-26,359.1,0.73,,-5.8864670737485705,,0.5,66
1990-12-03,371.5,0.7,,-5.860893727228601,,0.5,66
1990-12-10,368.8,0.7,,-5.859519197639094,,0.5,66
1990-12-17,373.6,0.81,,-5.853843169231935,,0.5,66
1990-12-24,371.2,0.89,,-5.850014063384512,,0.5,66
1990-12-31,367.2,0.85,,-5.811383791044808,,0.6,65.5
1991-01-07,361.8,1.06,,-5.85368336216231,,0.6,65.5
1991-01-14,377,0.89,,-5.847919476193334,,0.6,65.5
1991-01-21,394.3,0.96,,-5.888713122145115,,0.6,65.5
1991-01-28,417.7,1.08,,-5.845132332920483,,0.77,66.8
1991-02-04,436.8,0.97,,-5.829670907422131,,0.77,66.8
1991-02-11,448.7,0.96,,-5.800349931801098,,0.77,66.8
1991-02-18,449,0.93,,-5.781072902995544,,0.77,66.8
1991-02-25,456.7,0.94,,-5.806253336867493,,0.97,70.4
1991-03-04,475.1,1.05,,-5.822795388069518,,0.97,70.4
1991-03-11,466.3,1.09,,-5.8334939444911535,,0.97,70.4
1991-03-18,464.2,1,,-5.831865971229921,,0.97,70.4
1991-03-25,482.3,1.03,,-5.824282051529711,,0.97,70.4
1991-04-01,495.8,1.07,,-5.811262513754141,,1.2,87.7
1991-04-08,501.6,1.14,,-5.810154438149784,,1.2,87.7
1991-04-15,501.2,1.03,,-5.780314638414049,,1.2,87.7
1991-04-22,494.6,1.14,,-5.803532877423261,,1.2,87.7
1991-04-29,492.1,1.21,,-5.853232545975533,,1.3,81.8
1991-05-06,493.4,1.18,,-5.859120015376089,,1.3,81.8
1991-05-13,481.4,1.28,,-5.89513343816955,,1.3,81.8
1991-05-20,492.7,1.36,,-5.886216145358003,,1.3,81.8
1991-05-27,506.1,1.42,,-5.931356054335263,,1.3,81.8
1991-06-03,498.5,1.37,,-5.916158761785796,,1.43,78.3
1991-06-10,495.1,1.26,,-5.923517832892541,,1.43,78.3
1991-06-17,485.8,1.43,,-5.899394899013504,,1.43,78.3
1991-06-24,475.9,1.32,,-5.912004129514534,,1.43,78.3
1991-07-01,474.1,1.29,,-5.902436904901381,,1.5,82.1
1991-07-08,492.7,1.38,,-5.927534977577578,,1.5,82.1
1991-07-15,497.6,1.4,,-5.918743003582718,,1.5,82.1
1991-07-22,492.7,1.33,,-5.892018292159106,,1.5,82.1
1991-07-29,505.7,1.36,,-5.885000583062331,,1.53,82.9
1991-08-05,508.3,1.46,,-5.86966470853389,,1.53,82.9
1991-08-12,512.5,1.51,,-5.899285436302861,,1.53,82.9
1991-08-19,521.1,1.51,,-5.871267621132699,,1.53,82.9
1991-08-26,525.7,1.49,,-5.835170677152055,,1.53,82.9
1991-09-02,516.9,1.52,,-5.814059792957567,,1.4,82
1991-09-09,516.7,1.47,,-5.81019657979897,,1.4,82
1991-09-16,527.2,1.41,,-5.811322776041837,,1.4,82
1991-09-23,524.5,1.51,,-5.800853568318372,,1.4,82
1991-09-30,520.4,1.49,,-5.841073047063238,,1.17,83
1991-10-07,519.1,1.6,,-5.838733985862586,,1.17,83
1991-10-14,538.9,1.62,,-5.849938305107252,,1.17,83
1991-10-21,525.1,1.72,,-5.842882931973339,,1.17,83
1991-10-28,540.9,1.83,,-5.813073371566846,,1.1,78.3
1991-11-04,548.1,1.78,,-5.820088560998844,,1.1,78.3
1991-11-11,531.3,1.79,,-5.825757148838394,,1.1,78.3
1991-11-18,526.5,1.95,,-5.8818921347327064,,1.1,78.3
1991-11-25,523.9,2,,-5.906521237213384,,1.1,78.3
1991-12-02,536.3,2.07,,-5.933738638741072,,1,69.1
1991-12-09,540.9,2.13,,-5.915539398188116,,1,69.1
1991-12-16,535.8,2.17,,-5.917911822053478,,1,69.1
1991-12-23,565.7,1.97,,-5.88014996117268,,1,69.1
1991-12-30,592.7,2.05,,-5.902511008024245,,1,68.2
1992-01-06,615.7,2,,-5.928222747549768,,1,68.2
1992-01-13,626.9,2.07,,-5.898079542768314,,1,68.2
1992-01-20,624.7,2.12,,-5.882333309139001,,1,68.2
1992-01-27,620.2,2.2,,-5.897142722533063,,0.93,67.5
1992-02-03,635,2.23,,-5.891955620757307,,0.93,67.5
1992-02-10,636.4,2.14,,-5.848682913331726,,0.93,67.5
1992-02-17,629.8,1.99,,-5.854110682213989,,0.93,67.5
1992-02-24,633.5,2,,-5.838080692058487,,0.93,67.5
1992-03-02,616,1.88,,-5.847355552577778,,0.9,68.8
1992-03-09,618.6,1.85,,-5.839249019711694,,0.9,68.8
1992-03-16,624.3,1.78,,-5.816555922703153,,0.9,68.8
1992-03-23,604.7,1.86,,-5.824343086837006,,0.9,68.8
1992-03-30,590,2.05,,-5.806811307532186,,0.77,76
1992-04-06,584.2,2.26,,-5.837272158035864,,0.77,76
1992-04-13,591.8,2.11,,-5.834488589726179,,0.77,76
1992-04-20,572.9,2.18,,-5.820066634188849,,0.77,76
1992-04-27,578.1,2.15,,-5.828886674460858,,0.67,77.2
1992-05-04,585.8,2.15,,-5.805581098747667,,0.67,77.2
1992-05-11,574.4,2.21,,-5.821307507620554,,0.67,77.2
1992-05-18,580.3,2.05,,-5.809932022803922,,0.67,77.2
1992-05-25,585.3,2.14,,-5.813288687693734,,0.67,77.2
1992-06-01,585.4,2.12,,-5.789860381335746,,0.63,79.2
1992-06-08,569.5,2.24,,-5.809239697436582,,0.63,79.2
1992-06-15,554.2,2.25,,-5.789573271453431,,0.63,79.2
1992-06-22,547.8,2.25,,-5.769426579101522,,0.63,79.2
1992-06-29,563.4,2.38,,-5.737723708084234,,0.73,80.4
1992-07-06,567.8,2.51,,-5.728879896964668,,0.73,80.4
1992-07-13,570.5,2.62,,-5.739033424127001,,0.73,80.4
1992-07-20,565.6,2.52,,-5.742346935874179,,0.73,80.4
1992-07-27,580.8,2.36,,-5.772202342501744,,0.73,80.4
1992-08-03,573.7,2.36,,-5.739742051647278,,0.87,76.6
1992-08-10,573.2,2.36,,-5.715394932080292,,0.87,76.6
1992-08-17,563.7,2.42,,-5.704076635564338,,0.87,76.6
1992-08-24,563.6,2.41,,-5.729819448439196,,0.87,76.6
1992-08-31,573.4,2.45,,-5.722277057292366,,0.9,76.1
1992-09-07,583,2.48,,-5.7697802109950596,,0.9,76.1
1992-09-14,589.1,2.54,,-5.782126908499546,,0.9,76.1
1992-09-21,577.2,2.57,,-5.796220110854771,,0.9,76.1
1992-09-28,571.6,2.56,,-5.842886738612389,,0.8,75.6
1992-10-05,570.5,2.58,,-5.846051826596707,,0.8,75.6
1992-10-12,582.6,2.51,,-5.838313367613807,,0.8,75.6
1992-10-19,597.3,2.5,,-5.850263628429588,,0.8,75.6
1992-10-26,605.2,2.4,,-5.815336786844158,,0.8,75.6
1992-11-02,616.8,2.49,,-5.854889012102231,,0.67,73.3
1992-11-09,637.2,2.28,,-5.869780035185167,,0.67,73.3
1992-11-16,642.6,2.18,,-5.862117261006033,,0.67,73.3
1992-11-23,649.5,2.16,,-5.819629977809275,,0.67,73.3
1992-11-30,661.6,2.14,,-5.837568547022327,,0.5,85.3
1992-12-07,655.8,2.02,,-5.83019639951186,,0.5,85.3
1992-12-14,661.3,2.1,,-5.81766802211867,,0.5,85.3
1992-12-21,665.9,2.09,,-5.785626443699377,,0.5,85.3
1992-12-28,677,2.14,,-5.7730756013623425,,0.37,91
1993-01-04,677.2,2.25,,-5.72432589220297,,0.37,91
1993-01-11,697.2,2.29,,-5.802032752131523,,0.37,91
1993-01-18,701.6,2.27,,-5.800859277928731,,0.37,91
1993-01-25,696.3,2.19,,-5.811767133927264,,0.37,91
1993-02-01,701,2.25,,-5.7967542535285945,,0.2,89.3
1993-02-08,690.5,2.15,,-5.814206292270574,,0.2,89.3
1993-02-15,663.6,2.16,,-5.814697157583923,,0.2,89.3
1993-02-22,670.8,2.11,,-5.837704619483676,,0.2,89.3
1993-03-01,681.4,1.99,,-5.84634798014823,,-0.03,86.6
1993-03-08,692.8,2,,-5.808128791444132,,-0.03,86.6
1993-03-15,682.7,2,,-5.828795162483165,,-0.03,86.6
1993-03-22,681.5,2.07,,-5.846941156869435,,-0.03,86.6
1993-03-29,669.9,2.17,,-5.88435271751742,,-0.1,85.9
1993-04-05,666.3,2.12,,-5.93831402299566,,-0.1,85.9
1993-04-12,666.8,2.09,,-6.005078252476692,,-0.1,85.9
1993-04-19,658.4,2.1,,-6.013283594502622,,-0.1,85.9
1993-04-26,661.4,2.2,,-6.046714500627307,,-0.1,85.9
1993-05-03,681.4,2.09,,-6.133102899090871,,-0.03,85.6
1993-05-10,676.4,2.11,,-6.136425973083053,,-0.03,85.6
1993-05-17,694.3,2.06,,-6.1300364066980535,,-0.03,85.6
1993-05-24,700.5,1.89,,-6.165980726261284,,-0.03,85.6
1993-05-31,702,1.88,,-6.141396923817541,,-0.03,80.3
1993-06-07,693.2,1.78,,-6.096673902611337,,-0.03,80.3
1993-06-14,689.6,1.85,,-6.093995363953081,,-0.03,80.3
1993-06-21,694.8,1.73,,-6.109512098041665,,-0.03,80.3
1993-06-28,704.5,1.81,,-6.088327522255367,,0,81.5
1993-07-05,705.8,1.78,,-6.100997234512467,,0,81.5
1993-07-12,699.7,1.73,,-6.131964863312056,,0,81.5
1993-07-19,700.2,1.68,,-6.121047700341655,,0,81.5
1993-07-26,704.7,1.69,,-6.143752953614555,,0,81.5
1993-08-02,718.1,1.74,,-6.094225420577937,,-0.07,77
1993-08-09,718.3,1.71,,-6.096646155886361,,-0.07,77
1993-08-16,731,1.71,,-6.093759745581375,,-0.07,77
1993-08-23,734.1,1.6,,-6.074647538192972,,-0.07,77
1993-08-30,749.7,1.58,,-6.048927460329265,,-0.07,77.3
1993-09-06,744.3,1.47,,-6.051096472253517,,-0.07,77.3
1993-09-13,740.1,1.49,,-6.106063880616441,,-0.07,77.3
1993-09-20,754.7,1.55,,-6.123963004914192,,-0.07,77.3
1993-09-27,763.2,1.51,,-6.159818541470296,,-0.1,77.9
1993-10-04,764.3,1.5,,-6.169975944401424,,-0.1,77.9
1993-10-11,787.4,1.41,,-6.186869683422654,,-0.1,77.9
1993-10-18,772.7,1.46,,-6.232406272202331,,-0.1,77.9
1993-10-25,779.3,1.44,,-6.225079398289487,,-0.1,77.9
1993-11-01,763,1.55,,-6.224717256075069,,0,82.7
1993-11-08,779.3,1.55,,-6.2142066800719835,,0,82.7
1993-11-15,751.6,1.62,,-6.232746765903362,,0,82.7
1993-11-22,754.9,1.62,,-6.231181586574059,,0,82.7
1993-11-29,772.2,1.56,,-6.203053348016768,,-0.1,81.2
1993-12-06,760.7,1.52,,-6.173630231405323,,-0.1,81.2
1993-12-13,759.2,1.61,,-6.181478250964872,,-0.1,81.2
1993-12-20,758.7,1.54,,-6.163605543969819,,-0.1,81.2
1993-12-27,776.8,1.58,,-6.15372834202088,,-0.1,88.2
1994-01-03,782.9,1.61,,-6.199739841955353,,-0.1,88.2
1994-01-10,792.3,1.61,,-6.1348217681375745,,-0.1,88.2
1994-01-17,794.3,1.64,,-6.099535920969147,,-0.1,88.2
1994-01-24,796.5,1.6,,-6.091853565466784,,-0.1,88.2
1994-01-31,777.3,1.52,,-6.0783120529935735,,0,94.3
1994-02-07,781.4,1.44,,-6.11720422510246,,0,94.3
1994-02-14,788.9,1.52,,-6.095195829308715,,0,94.3
1994-02-21,783.8,1.49,,-6.092795977872361,,0,94.3
1994-02-28,790.6,1.5,,-6.046853296256593,,0,93.2
1994-03-07,789.2,1.51,,-6.052056794416102,,0,93.2
1994-03-14,803.9,1.46,,-6.041183935442154,,0,93.2
1994-03-21,783.5,1.51,,-6.0602383365478305,,0,93.2
1994-03-28,743.5,1.56,,-6.119251808044704,,0.03,91.5
1994-04-04,748.7,1.49,,-6.1004846400919375,,0.03,91.5
1994-04-11,728,1.48,,-6.076130471522975,,0.03,91.5
1994-04-18,722.6,1.32,,-6.03065301138594,,0.03,91.5
1994-04-25,733.8,1.29,,-6.0231961687740245,,0.03,91.5
1994-05-02,732.9,1.23,,-5.998511424762033,,-0.07,92.6
1994-05-09,716.9,1.23,,-5.92627093259618,,-0.07,92.6
1994-05-16,726.7,1.23,,-5.932409580975419,,-0.07,92.6
1994-05-23,733.1,1.17,,-5.922419688409873,,-0.07,92.6
1994-05-30,742.4,1.14,,-5.918027841061883,,-0.17,92.8
1994-06-06,734.3,1.18,,-5.866392891277227,,-0.17,92.8
1994-06-13,729.4,1.24,,-5.848075877650732,,-0.17,92.8
1994-06-20,693.8,1.16,,-5.862461079058828,,-0.17,92.8
1994-06-27,706.8,1.15,,-5.855552583952747,,-0.17,91.2
1994-07-04,707.5,1.19,,-5.861379751945058,,-0.17,91.2
1994-07-11,721.4,1.2,,-5.83909006668198,,-0.17,91.2
1994-07-18,716.7,1.16,,-5.818712441330178,,-0.17,91.2
1994-07-25,722.2,1.08,,-5.856136208806758,,-0.17,91.2
1994-08-01,718.7,1.14,,-5.881518062706183,,-0.1,89
1994-08-08,731.6,1.1,,-5.86299179943972,,-0.1,89
1994-08-15,742.4,1.05,,-5.8775083586890124,,-0.1,89
1994-08-22,762.9,1.05,,-5.849463964890366,,-0.1,89
1994-08-29,759.2,1.04,,-5.834325417955773,,0.03,91.7
1994-09-05,763.7,1.08,,-5.842452290021449,,0.03,91.7
1994-09-12,777.9,1.07,,-5.816196943839801,,0.03,91.7
1994-09-19,757.5,1.06,,-5.818613789847739,,0.03,91.7
1994-09-26,764.3,1.04,,-5.867219093417769,,0.03,91.7
1994-10-03,750,1.07,,-5.839129342889203,,0,91.5
1994-10-10,767.1,1.01,,-5.833365627889874,,0,91.5
1994-10-17,765.4,1.03,,-5.816724269438215,,0,91.5
1994-10-24,776.2,0.99,,-5.752141808055081,,0,91.5
1994-10-31,766.1,0.99,,-5.715811908419248,,-0.1,92.7
1994-11-07,762.1,0.92,,-5.736326022388672,,-0.1,92.7
1994-11-14,764.7,0.78,,-5.655178097760875,,-0.1,92.7
1994-11-21,742.5,0.61,,-5.68741085536683,,-0.1,92.7
1994-11-28,745,0.37,,-5.644866591119606,,-0.17,91.6
1994-12-05,719,0.26,,-5.656234009139338,,-0.17,91.6
1994-12-12,729.1,0.22,,-5.636680657995549,,-0.17,91.6
1994-12-19,742.2,0.11,,-5.649811627648565,,-0.17,91.6
1994-12-26,752,0.15,,-5.625261776328426,,-0.17,91.6
1995-01-02,749.7,0.23,,-5.609743191493755,,-0.13,95.1
1995-01-09,762.2,0.3,,-5.616606334019649,,-0.13,95.1
1995-01-16,762,0.32,,-5.607859188505885,,-0.13,95.1
1995-01-23,758.9,0.37,,-5.60818281735673,,-0.13,95.1
1995-01-30,772.1,0.35,,-5.665074645828281,,0,97.6
1995-02-06,790.4,0.29,,-5.640301595076766,,0,97.6
1995-02-13,787,0.36,,-5.653941890222117,,0,97.6
1995-02-20,791.1,0.44,,-5.6521256820904,,0,97.6
1995-02-27,798.8,0.47,,-5.6510674809334525,,-0.07,95.1
1995-03-06,802.2,0.4,,-5.657120090000567,,-0.07,95.1
1995-03-13,808.3,0.43,,-5.656629702933573,,-0.07,95.1
1995-03-20,818.7,0.45,,-5.61866732865945,,-0.07,95.1
1995-03-27,817.2,0.4,,-5.664493483141769,,0.03,90.3
1995-04-03,814.7,0.43,,-5.662930154591221,,0.03,90.3
1995-04-10,832.6,0.52,,-5.668480273359544,,0.03,90.3
1995-04-17,823.4,0.59,,-5.698069261629737,,0.03,90.3
1995-04-24,844,0.49,,-5.7224891776003854,,0.03,90.3
1995-05-01,843.5,0.5,,-5.768524890177188,,0.07,92.5
1995-05-08,858.9,0.48,,-5.728680026277928,,0.07,92.5
1995-05-15,864.6,0.43,,-5.72435282022183,,0.07,92.5
1995-05-22,871.9,0.4,,-5.686600361992668,,0.07,92.5
1995-05-29,873,0.49,,-5.666875109051512,,0.17,89.8
1995-06-05,884.4,0.4,,-5.671083384333242,,0.17,89.8
1995-06-12,908.7,0.45,,-5.637645727924086,,0.17,89.8
1995-06-19,938.9,0.43,,-5.61874959019057,,0.17,89.8
1995-06-26,933.5,0.39,,-5.642182004994578,,0.17,89.8
1995-07-03,969.8,0.49,,-5.644299379412892,,0.2,92.7
1995-07-10,999.3,0.48,,-5.624371778379907,,0.2,92.7
1995-07-17,961.8,0.52,,-5.682034144013087,,0.2,92.7
1995-07-24,1005.3,0.52,,-5.668328057889628,,0.2,92.7
1995-07-31,991.1,0.59,,-5.6346868599245274,,0.17,94.4
1995-08-07,1004.1,0.56,,-5.650635005117813,,0.17,94.4
1995-08-14,1031.3,0.45,,-5.614881373676446,,0.17,94.4
1995-08-21,1020,0.5,,-5.640945697208027,,0.17,94.4
1995-08-28,1019.5,0.43,,-5.674453357003199,,0.13,96.2
1995-09-04,1060,0.41,,-5.687066128094306,,0.13,96.2
1995-09-11,1051.1,0.4,,-5.710876990062692,,0.13,96.2
1995-09-18,1053.4,0.38,,-5.676194518137372,,0.13,96.2
1995-09-25,1043.5,0.36,,-5.682155168073249,,0.13,96.2
1995-10-02,1012,0.34,,-5.713150224659802,,0.13,88.9
1995-10-09,1018.4,0.35,,-5.721010778616378,,0.13,88.9
1995-10-16,1039.5,0.31,,-5.743482344502886,,0.13,88.9
1995-10-23,1025.6,0.45,,-5.737693008596401,,0.13,88.9
1995-10-30,1065.7,0.45,,-5.665058065551969,,0.07,90.2
1995-11-06,1063.9,0.48,,-5.666953075029207,,0.07,90.2
1995-11-13,1045,0.46,,-5.6858791831636735,,0.07,90.2
1995-11-20,1030.2,0.42,,-5.672225989265056,,0.07,90.2
1995-11-27,1055.3,0.39,,-5.75244358158857,,0.07,88.2
1995-12-04,1062.4,0.34,,-5.780763955449353,,0.07,88.2
1995-12-11,1030.5,0.39,,-5.745669277369606,,0.07,88.2
1995-12-18,1046.9,0.43,,-5.761441059019251,,0.07,88.2
1995-12-25,1052.1,0.4,,-5.774368619735772,,0.07,88.2
1996-01-01,1033.5,0.49,,-5.825245033126074,,0.07,91
1996-01-08,1008.2,0.58,,-5.863621092462645,,0.07,91
1996-01-15,1018.5,0.51,,-5.8765474408746465,,0.07,91
1996-01-22,1041,0.57,,-5.884528142224189,,0.07,91
1996-01-29,1072.1,0.76,,-5.874346750097225,,0.17,89.3
1996-02-05,1094.6,0.81,,-5.852065166985534,,0.17,89.3
1996-02-12,1090.7,0.86,,-5.892257897024534,,0.17,89.3
1996-02-19,1117.8,0.84,,-5.841071857423053,,0.17,89.3
1996-02-26,1086.1,0.73,,-5.8418217637199135,,0.13,88.5
1996-03-04,1063.7,0.68,,-5.805466515584719,,0.13,88.5
1996-03-11,1099.59,0.59,,-5.827108052746923,,0.13,88.5
1996-03-18,1102.22,0.58,,-5.847645318632758,,0.13,88.5
1996-03-25,1101.4,0.55,,-5.834735438692779,,0.13,88.5
1996-04-01,1118.21,0.48,,-5.860136283816972,,0.1,93.7
1996-04-08,1100.94,0.56,,-5.806879123166795,,0.1,93.7
1996-04-15,1138.7,0.56,,-5.766031792199637,,0.1,93.7
1996-04-22,1186.89,0.57,,-5.770056309861657,,0.1,93.7
1996-04-29,1184.6,0.69,,-5.776115823451555,,-0.03,92.7
1996-05-06,1202.76,0.7,,-5.752126309873791,,-0.03,92.7
1996-05-13,1241.88,0.62,,-5.828843841619076,,-0.03,92.7
1996-05-20,1247.8,0.63,,-5.849336291908747,,-0.03,92.7
1996-05-27,1243.43,0.6,,-5.837603680353322,,-0.03,92.7
1996-06-03,1229.76,0.6,,-5.891381088550999,,0.03,89.4
1996-06-10,1213.18,0.65,,-6.022155480539176,,0.03,89.4
1996-06-17,1175.44,0.6,,-6.050023052486945,,0.03,89.4
1996-06-24,1185.02,0.62,,-6.045298858164092,,0.03,89.4
1996-07-01,1158.35,0.58,,-6.076837338613611,,-0.07,92.4
1996-07-08,1103.49,0.62,,-6.074981893440631,,-0.07,92.4
1996-07-15,1097.68,0.56,,-6.079585474607458,,-0.07,92.4
1996-07-22,1079.44,0.59,,-6.020665622312176,,-0.07,92.4
1996-07-29,1124.92,0.57,,-6.063696199424228,,0,94.7
1996-08-05,1137.27,0.59,,-6.056867922164594,,0,94.7
1996-08-12,1133.65,0.62,,-6.070103029108763,,0,94.7
1996-08-19,1143.05,0.62,,-6.0609661949986835,,0,94.7
1996-08-26,1141.5,0.63,,-6.018139701197648,,0,94.7
1996-09-02,1139.39,0.6,,-6.070650283266222,,-0.17,95.3
1996-09-09,1188.67,0.61,,-6.095788256037368,,-0.17,95.3
1996-09-16,1219.69,0.58,,-6.080490787353773,,-0.17,95.3
1996-09-23,1230.05,0.61,,-6.0390798531042895,,-0.17,95.3
1996-09-30,1247.56,0.61,,-6.061839898685094,,-0.03,94.7
1996-10-07,1248.27,0.6,,-6.03791004431816,,-0.03,94.7
1996-10-14,1242.48,0.62,,-6.033967269320426,,-0.03,94.7
1996-10-21,1222.6,0.63,,-5.981117843319321,,-0.03,94.7
1996-10-28,1221.78,0.59,,-6.014405003637589,,-0.07,96.5
1996-11-04,1257.51,0.53,,-5.999645091475273,,-0.07,96.5
1996-11-11,1261.8,0.51,,-5.928665927596082,,-0.07,96.5
1996-11-18,1274.36,0.46,,-5.88589145771284,,-0.07,96.5
1996-11-25,1292.61,0.47,,-5.82354467937245,,-0.07,96.5
1996-12-02,1287.68,0.53,,-5.915162958650049,,0.1,99.2
1996-12-09,1284.91,0.56,,-5.921608117708989,,0.1,99.2
1996-12-16,1288.56,0.52,,-5.920871517061705,,0.1,99.2
1996-12-23,1291.38,0.49,,-5.930570492446054,,0.1,99.2
1996-12-30,1310.68,0.57,3.09,-5.868904724856281,,0.07,96.9
1997-01-06,1332.02,0.57,3.16,-5.8274475731100095,,0.07,96.9
1997-01-13,1349.05,0.56,3.04,-5.819200884003871,,0.07,96.9
1997-01-20,1363.83,0.57,2.94,-5.803218300956328,,0.07,96.9
1997-01-27,1379.85,0.59,3.04,-5.809624801935008,,0.13,97.4
1997-02-03,1357.71,0.57,3.06,-5.771582121441904,,0.13,97.4
1997-02-10,1367.19,0.49,3.05,-5.774280454516727,,0.13,97.4
1997-02-17,1334.32,0.51,2.89,-5.744710377071989,,0.13,97.4
1997-02-24,1309,0.47,2.73,-5.796712580293361,,0.13,99.7
1997-03-03,1311.8,0.47,2.74,-5.74969025786855,,0.13,99.7
1997-03-10,1292.97,0.53,2.66,-5.760307861104906,,0.13,99.7
1997-03-17,1254.07,0.45,2.69,-5.753662341246605,,0.13,99.7
1997-03-24,1249.51,0.45,2.67,-5.745622262795079,,0.13,99.7
1997-03-31,1236.73,0.48,2.92,-5.783043571461083,,0.1,100
1997-04-07,1206.9,0.45,2.92,-5.793425946461389,,0.1,100
1997-04-14,1222.57,0.42,2.92,-5.773108207925372,,0.1,100
1997-04-21,1209.29,0.41,2.78,-5.7207916823805816,,0.1,100
1997-04-28,1305.33,0.42,2.91,-5.736060133575551,,-0.07,101.4
1997-05-05,1335.05,0.39,2.79,-5.746180287853667,,-0.07,101.4
1997-05-12,1340.73,0.42,2.7,-5.693111861513076,,-0.07,101.4
1997-05-19,1389.72,0.49,2.63,-5.666171692937745,,-0.07,101.4
1997-05-26,1400.32,0.45,2.61,-5.6759713746316836,,-0.07,101.4
1997-06-02,1404.84,0.42,2.6,-5.687286367961866,,-0.17,103.2
1997-06-09,1423.03,0.41,2.59,-5.65071285155941,,-0.17,103.2
1997-06-16,1447.1,0.36,2.61,-5.660817815584901,,-0.17,103.2
1997-06-23,1438.15,0.45,2.61,-5.7048249946702,,-0.17,103.2
1997-06-30,1467.61,0.38,2.79,-5.6778306426153975,,-0.07,104.5
1997-07-07,1502.62,0.35,2.78,-5.733071294724239,,-0.07,104.5
1997-07-14,1547.99,0.32,2.7,-5.726489801948643,,-0.07,104.5
1997-07-21,1569.58,0.29,2.69,-5.6800240748727,,-0.07,104.5
1997-07-28,1594.33,0.28,2.71,-5.725761381374976,,-0.03,107.1
1997-08-04,1598.52,0.31,2.52,-5.7410921820149765,,-0.03,107.1
1997-08-11,1562.03,0.35,2.54,-5.797576353942562,,-0.03,107.1
1997-08-18,1598.69,0.35,2.55,-5.798683275119368,,-0.03,107.1
1997-08-25,1587.32,0.36,2.57,-5.798207279873999,,-0.03,107.1
1997-09-01,1635.77,0.35,2.61,-5.800676575687894,,0.03,104.4
1997-09-08,1649.33,0.39,2.55,-5.834602297720764,,0.03,104.4
1997-09-15,1680.36,0.3,2.59,-5.814835114350372,,0.03,104.4
1997-09-22,1682.24,0.28,2.54,-5.845247994956144,,0.03,104.4
1997-09-29,1715.87,0.28,2.63,-5.883258573368081,,0,106
1997-10-06,1739.03,0.29,2.51,-5.861941782171076,,0,106
1997-10-13,1666.85,0.25,2.47,-5.830940248114249,,0,106
1997-10-20,1650.92,0.25,2.55,-5.825258321651239,,0,106
1997-10-27,1593.61,0.21,2.99,-5.840385362119865,,-0.03,105.6
1997-11-03,1602.4,0.19,2.83,-5.854724938706364,,-0.03,105.6
1997-11-10,1583.51,0.16,2.88,-5.834547873158877,,-0.03,105.6
1997-11-17,1620.75,0.14,2.9,-5.897611638301636,,-0.03,105.6
1997-11-24,1600.55,0.1,2.84,-5.867153707903181,,-0.03,105.6
1997-12-01,1633.9,0.12,2.81,-5.879858515112425,,-0.1,107.2
1997-12-08,1536.58,0.11,2.94,-5.851458374666889,,-0.1,107.2
1997-12-15,1524.74,0.06,2.93,-5.88438788206723,,-0.1,107.2
1997-12-22,1511.38,0.06,2.93,-5.9280238599699615,,-0.1,107.2
1997-12-29,1581.53,0.08,3.02,-5.923347433322597,,-0.07,102.1
1998-01-05,1503.22,0.23,3.16,-5.91526019172452,,-0.07,102.1
1998-01-12,1562.88,0.19,3.01,-5.931790120961814,,-0.07,102.1
1998-01-19,1575.93,0.28,2.9,-5.934824267994651,,-0.07,102.1
1998-01-26,1619.36,0.21,2.98,-5.950931497808351,,-0.07,102.1
1998-02-02,1694.35,0.24,2.93,-5.9710085385406,,-0.03,106.6
1998-02-09,1710.42,0.13,2.97,-5.98419659308011,,-0.03,106.6
1998-02-16,1728.13,0.13,2.91,-5.998519842626214,,-0.03,106.6
1998-02-23,1770.51,0.07,2.88,-5.964831376668288,,-0.03,106.6
1998-03-02,1753.49,0.15,2.85,-5.905809102529488,,0,110.4
1998-03-09,1771.66,0.08,2.91,-5.878763684003041,,0,110.4
1998-03-16,1789.16,0.05,2.84,-5.899957245861967,,0,110.4
1998-03-23,1823.62,0.05,2.73,-5.942847215268053,,0,110.4
1998-03-30,1855.4,0.05,2.94,-6.007381725777784,,0,106.5
1998-04-06,1820.24,0.09,2.86,-5.947321188548845,,0,106.5
1998-04-13,1866.6,0.06,2.86,-5.910775635857839,,0,106.5
1998-04-20,1868.96,0.08,2.8,-5.92975465676821,,0,106.5
1998-04-27,1873.44,0.09,2.98,-5.873535130715042,,-0.13,108.7
1998-05-04,1864.37,0.11,2.97,-5.9336412396265175,,-0.13,108.7
1998-05-11,1846.77,0.04,2.98,-5.9540800538988545,,-0.13,108.7
1998-05-18,1805,0.02,3,-5.973624628979651,,-0.13,108.7
1998-05-25,1778.87,0.01,3.04,-5.942206531577684,,-0.13,108.7
1998-06-01,1782.92,0.01,3.15,-5.95863077693391,,-0.1,106.5
1998-06-08,1745.05,-0.01,3.24,-5.942889876959425,,-0.1,106.5
1998-06-15,1781.29,-0.03,3.26,-5.985498337829411,,-0.1,106.5
1998-06-22,1869.53,-0.07,3.28,-5.990109533350522,,-0.1,106.5
1998-06-29,1894,-0.02,3.41,-6.003743009686697,,-0.07,105.6
1998-07-06,1943.04,-0.02,3.39,-5.999729056957875,,-0.07,105.6
1998-07-13,2008.76,0.04,3.29,-5.94802990617086,,-0.07,105.6
1998-07-20,1930.99,-0.01,3.31,-5.8884419270347195,,-0.07,105.6
1998-07-27,1872.39,0.01,3.3,-5.933617901995169,,-0.07,105.6
1998-08-03,1846.77,0.05,3.5,-5.965974636894543,,0.07,105.2
1998-08-10,1790.19,0.07,3.76,-5.98075447755462,,0.07,105.2
1998-08-17,1797.61,0.06,3.9,-5.9794141344602725,,0.07,105.2
1998-08-24,1639.68,0.14,4.7,-5.953684237516669,,0.07,105.2
1998-08-31,1566.52,0.12,5.33,-5.951263220860471,,0.13,104.4
1998-09-07,1641.64,0.19,5.68,-5.958979091963494,,0.13,104.4
1998-09-14,1663.77,0.1,5.7,-5.974612109174997,,0.13,104.4
1998-09-21,1743.59,0.21,5.73,-5.970748804636302,,0.13,104.4
1998-09-28,1614.98,0.16,6.06,-6.031901323011912,,0.17,100.9
1998-10-05,1492.49,0.46,6.39,-6.022424665743255,,0.17,100.9
1998-10-12,1620.95,0.45,6.67,-6.003133290942359,,0.17,100.9
1998-10-19,1693.86,0.46,6.49,-6.005154014825232,,0.17,100.9
1998-10-26,1771.39,0.52,6.36,-6.005522724800995,,0.17,100.9
1998-11-02,1856.58,0.34,5.95,-5.99692158657104,,0.2,97.4
1998-11-09,1847.99,0.28,5.73,-6.033833549882762,,0.2,97.4
1998-11-16,1928.01,0.16,5.45,-6.017440033511242,,0.2,97.4
1998-11-23,2016.44,0.19,5.34,-6.043024141261875,,0.2,97.4
1998-11-30,2001.88,0.16,5.53,-6.060748709013539,,0.17,102.7
1998-12-07,2028.64,0.15,5.56,-6.085272097027771,,0.17,102.7
1998-12-14,2085.76,0.13,5.63,-6.081485708160516,,0.17,102.7
1998-12-21,2163.03,0.08,5.39,-6.075224299367856,,0.17,102.7
1998-12-28,2192.48,0.11,5.66,-6.064615428743597,,0,100.5
1999-01-04,2344.41,0.15,5.41,-6.093785546747911,,0,100.5
1999-01-11,2348.2,0.1,5.62,-6.071855262441199,,0,100.5
1999-01-18,2338.88,0.05,5.59,-6.078507633386851,,0,100.5
1999-01-25,2505.89,0.08,5.53,-6.102159645751787,,0,100.5
1999-02-01,2373.62,0.14,5.36,-6.078069184733714,,-0.07,103.9
1999-02-08,2321.89,0.15,5.24,-6.097130359669416,,-0.07,103.9
1999-02-15,2283.6,0.12,5.23,-6.147805303310591,,-0.07,103.9
1999-02-22,2288.03,0.16,5.21,-6.122076663024818,,-0.07,103.9
1999-03-01,2337.11,0.2,5.28,-6.123861621557961,,0,108.1
1999-03-08,2381.53,0.16,5.29,-6.1523408151253856,,0,108.1
1999-03-15,2421.27,0.13,5.21,-6.132809464046391,,0,108.1
1999-03-22,2419.17,0.22,5.18,-6.062195482625151,,0,108.1
1999-03-29,2493.37,0.24,5.17,-6.106326321889949,,-0.03,105.7
1999-04-05,2593.05,0.17,5.18,-6.08458939595202,,-0.03,105.7
1999-04-12,2484.04,0.21,5,-6.02638081221421,,-0.03,105.7
1999-04-19,2590.69,0.2,4.93,-6.013108109725476,,-0.03,105.7
1999-04-26,2542.85,0.27,4.98,-5.980407074389757,,-0.03,105.7
1999-05-03,2503.62,0.33,4.61,-5.972955200810356,,0,104.6
1999-05-10,2527.86,0.29,4.76,-5.951019162236282,,0,104.6
1999-05-17,2520.14,0.25,4.72,-6.009556234944478,,0,104.6
1999-05-24,2470.52,0.19,4.72,-6.071017178809936,,0,104.6
1999-05-31,2478.34,0.26,4.69,-6.06603324260549,,-0.07,106.8
1999-06-07,2447.88,0.26,4.66,-6.007218955568268,,-0.07,106.8
1999-06-14,2563.44,0.3,4.77,-5.988785119667621,,-0.07,106.8
1999-06-21,2552.65,0.3,4.58,-5.93481751144333,,-0.07,106.8
1999-06-28,2741.01,0.27,4.79,-5.8460986968364566,,0.03,107.3
1999-07-05,2792.91,0.26,4.79,-5.800527235867019,,0.03,107.3
1999-07-12,2864.5,0.19,4.77,-5.783923418981911,,0.03,107.3
1999-07-19,2692.41,0.26,4.78,-5.835860622376815,,0.03,107.3
1999-07-26,2638.52,0.26,4.82,-5.827208333127316,,0.03,107.3
1999-08-02,2548.2,0.33,4.84,-5.807597394952246,,0.03,106
1999-08-09,2635.14,0.3,4.7,-5.82651695825008,,0.03,106
1999-08-16,2648.31,0.24,4.87,-5.859571630104218,,0.03,106
1999-08-23,2758.9,0.19,5,-5.826248670559346,,0.03,106
1999-08-30,2843.11,0.29,4.9,-5.756415630104801,,0.03,104.5
1999-09-06,2887.06,0.26,4.94,-5.740710355002818,,0.03,104.5
1999-09-13,2869.62,0.27,5.05,-5.714982120161857,,0.03,104.5
1999-09-20,2740.41,0.24,5.15,-5.818951250706185,,0.03,104.5
1999-09-27,2736.85,0.27,5.07,-5.925862065482106,,0,107.2
1999-10-04,2886.57,0.23,4.99,-6.038236233765765,,0,107.2
1999-10-11,2731.83,0.27,4.93,-5.993362681179939,,0,107.2
1999-10-18,2816.52,0.27,4.97,-5.916226790905264,,0,107.2
1999-10-25,2966.43,0.25,5.08,-5.921074051354393,,0,107.2
1999-11-01,3102.29,0.2,5.16,-5.895842013716861,,-0.07,103.2
1999-11-08,3221.15,0.15,5.18,-5.935219479603932,,-0.07,103.2
1999-11-15,3369.25,0.15,5.05,-5.930780248144893,,-0.07,103.2
1999-11-22,3447.81,0.13,4.97,-5.9381359172719685,,-0.07,103.2
1999-11-29,3520.63,0.18,4.91,-5.849285787442277,,-0.03,107.2
1999-12-06,3620.24,0.15,4.88,-5.8665107624715,,-0.03,107.2
1999-12-13,3753.06,0.15,4.72,-5.822660680721028,,-0.03,107.2
1999-12-20,3969.44,0.17,4.66,-5.824277155772619,,-0.03,107.2
1999-12-27,4069.31,0.21,4.76,-5.815841248410271,,-0.03,105.4
2000-01-03,3882.62,0.21,4.86,-5.802917563501088,,-0.03,105.4
2000-01-10,4064.27,0.25,4.77,-5.8000583715804845,,-0.03,105.4
2000-01-18,4235.4,0.31,4.73,-5.8046656279178395,,-0.03,105.4
2000-01-24,3887.07,0.08,4.8,-5.836315364951134,,-0.03,105.4
2000-01-31,4244.14,-0.1,4.87,-5.935549362271073,,-0.03,112
2000-02-07,4395.45,-0.02,4.81,-5.916536940101216,,-0.03,112
2000-02-14,4411.74,-0.17,4.9,-5.911747307297367,,-0.03,112
2000-02-22,4590.5,-0.09,5.07,-5.890185669769805,,-0.03,112
2000-02-28,4914.79,-0.11,5.13,-5.8903154360659595,,0,111.3
2000-03-06,5048.62,-0.16,5.16,-5.90370632264159,,0,111.3
2000-03-13,4798.13,-0.3,5.41,-5.857670031208688,,0,111.3
2000-03-20,4963.03,-0.44,5.47,-5.8623272207853505,,0,111.3
2000-03-27,4572.83,-0.47,5.75,-5.856690146243862,,0,107.1
2000-04-03,4446.45,-0.45,5.87,-5.906993266589982,,0,107.1
2000-04-10,3321.29,-0.46,5.87,-5.934110946571339,,0,107.1
2000-04-17,3643.88,-0.34,5.85,-5.906705556821291,,0,107.1
2000-04-24,3860.66,-0.4,5.69,-5.843835686238982,,0,107.1
2000-05-01,3816.82,-0.31,5.74,-5.808905008399529,,-0.03,109.2
2000-05-08,3529.06,-0.39,5.84,-5.792666972911198,,-0.03,109.2
2000-05-15,3390.4,-0.37,5.8,-5.786697110089491,,-0.03,109.2
2000-05-22,3205.11,-0.32,6.13,-5.786262021164054,,-0.03,109.2
2000-05-30,3813.38,-0.41,6.22,-5.881610273010289,,0,110.7
2000-06-05,3874.84,-0.43,6.18,-5.883036116618818,,0,110.7
2000-06-12,3860.56,-0.39,6.12,-5.8675950653951965,,0,110.7
2000-06-19,3845.34,-0.38,6.06,-5.861891117344227,,0,110.7
2000-06-26,3966.11,-0.33,6.11,-5.8686247548632124,,0,110.7
2000-07-03,4023.2,-0.29,6.18,-5.857494037978797,,-0.03,106.4
2000-07-10,4246.18,-0.3,6.18,-5.829087521966909,,-0.03,106.4
2000-07-17,4094.45,-0.31,6.1,-5.779646469869956,,-0.03,106.4
2000-07-24,3663,-0.25,6.13,-5.790665908963978,,-0.03,106.4
2000-07-31,3787.36,-0.27,6.33,-5.76559678448824,,0.03,108.3
2000-08-07,3789.47,-0.4,6.37,-5.7872649123299755,,0.03,108.3
2000-08-14,3930.34,-0.49,6.36,-5.785868446932585,,0.03,108.3
2000-08-21,4042.68,-0.46,6.44,-5.777697191422328,,0.03,108.3
2000-08-28,4234.33,-0.45,6.43,-5.746140892729901,,0.03,107.3
2000-09-05,3978.41,-0.38,6.3,-5.708853112105161,,0.03,107.3
2000-09-11,3835.23,-0.32,6.33,-5.6927844371798395,,0.03,107.3
2000-09-18,3803.76,-0.23,6.45,-5.691858214126466,,0.03,107.3
2000-09-25,3672.82,-0.2,6.69,-5.706494708485921,,0.03,107.3
2000-10-02,3361.01,-0.15,6.84,-5.704885618728358,,0,106.8
2000-10-09,3316.77,-0.13,7.21,-5.729772325676537,,0,106.8
2000-10-16,3483.14,-0.2,7.58,-5.759070101252466,,0,106.8
2000-10-23,3278.36,-0.21,7.62,-5.752723082635154,,0,106.8
2000-10-30,3451.58,-0.11,7.75,-5.760012875702517,,-0.03,105.8
2000-11-06,3028.99,-0.1,7.85,-5.757755538400867,,-0.03,105.8
2000-11-13,3027.19,-0.17,7.99,-5.777226042943495,,-0.03,105.8
2000-11-20,2904.38,-0.23,8.36,-5.783356600717678,,-0.03,105.8
2000-11-27,2645.29,-0.1,8.98,-5.758002950283031,,-0.03,107.6
2000-12-04,2917.43,-0.15,9.09,-5.732545519441857,,-0.03,107.6
2000-12-11,2653.27,-0.18,8.88,-5.74607128278745,,-0.03,107.6
2000-12-18,2517.02,-0.08,9.06,-5.773488589810931,,-0.03,107.6
2000-12-26,2470.52,0.01,9,-5.782455506728677,,-0.03,107.6
2001-01-02,2407.65,0.37,9.12,-5.787689516584322,,0.03,98.4
2001-01-08,2626.5,0.35,8.38,-5.750788517032132,,0.03,98.4
2001-01-16,2770.38,0.44,8.21,-5.744816836005556,,0.03,98.4
2001-01-22,2781.3,0.51,8.05,-5.746127118880613,,0.03,98.4
2001-01-29,2660.5,0.52,7.73,-5.76839526516883,,0.13,94.7
2001-02-05,2470.97,0.36,7.63,-5.766795442484935,,0.13,94.7
2001-02-12,2425.38,0.36,7.49,-5.752283996883955,,0.13,94.7
2001-02-20,2262.51,0.57,7.67,-5.796882203467114,,0.13,94.7
2001-02-26,2117.63,0.47,7.64,-5.761276312643124,,0.2,90.6
2001-03-05,2052.78,0.48,7.53,-5.7872841965015285,,0.2,90.6
2001-03-12,1890.91,0.52,8,-5.7877026590761576,,0.2,90.6
2001-03-19,1928.68,0.56,8.3,-5.807997296089031,,0.2,90.6
2001-03-26,1840.26,0.75,8.2,-5.826787454293736,,0.2,90.6
2001-04-02,1720.36,0.79,8.63,-5.851152820051303,,0.3,91.5
2001-04-09,1961.43,0.83,8.5,-5.829405669757564,,0.3,91.5
2001-04-16,2163.41,0.98,8.61,-5.836130371526897,,0.3,91.5
2001-04-23,2075.68,1.06,8.29,-5.839099147313447,,0.3,91.5
2001-04-30,2191.53,1,7.83,-5.826809064892361,,0.4,88.4
2001-05-07,2107.43,1.14,7.79,-5.861947911755029,,0.4,88.4
2001-05-14,2198.88,1.13,7.65,-5.901157702735617,,0.4,88.4
2001-05-21,2251.03,1.2,7.53,-5.860903052720044,,0.4,88.4
2001-05-29,2149.44,1.21,7.68,-5.876005935543154,,0.47,92
2001-06-04,2215.1,1.19,7.71,-5.9289773087409685,,0.47,92
2001-06-11,2028.43,1.22,8.09,-5.936103152334429,,0.47,92
2001-06-18,2034.84,1.23,8.4,-5.946742374546237,,0.47,92
2001-06-25,2161.24,1.13,8.29,-5.940798061730132,,0.47,92
2001-07-02,2004.16,1.2,8.07,-5.926832256923505,,0.53,92.6
2001-07-09,2084.79,1.2,8.28,-5.936217941339637,,0.53,92.6
2001-07-16,2029.37,1.15,8.42,-5.955837369464831,,0.53,92.6
2001-07-23,2029.07,1.25,8.27,-5.976616464375056,,0.53,92.6
2001-07-30,2066.33,1.28,7.95,-5.991464547107982,,0.53,92.4
2001-08-06,1956.47,1.27,7.93,-6.0357849467886435,,0.53,92.4
2001-08-13,1867.01,1.2,8.01,-6.018784722194365,,0.53,92.4
2001-08-20,1916.8,1.17,8.15,-5.997667814582547,,0.53,92.4
2001-08-27,1805.43,1.18,8.23,-5.997631807722177,,0.53,92.4
2001-09-04,1687.7,1.21,8.09,-6.035685015587349,,0.7,91.5
2001-09-10,1695.38,1.65,8.22,-6.088760960913475,,0.7,91.5
2001-09-17,1423.19,1.84,9.69,-6.093832692964138,,0.7,91.5
2001-09-24,1498.8,1.8,10.07,-6.111290484394166,,0.7,91.5
2001-10-01,1605.3,1.78,10.11,-6.12397082431726,,0.83,81.8
2001-10-08,1703.4,1.81,9.81,-6.100448466882075,,0.83,81.8
2001-10-15,1671.31,1.81,9.61,-6.109692997229883,,0.83,81.8
2001-10-22,1768.96,1.93,9.62,-6.08282994862129,,0.83,81.8
2001-10-29,1745.73,1.89,9.46,-6.12540302298665,,1.13,82.7
2001-11-05,1828.48,1.89,9.29,-6.0712672163742205,,1.13,82.7
2001-11-12,1898.58,1.82,8.38,-5.999133016309875,,1.13,82.7
2001-11-19,1903.2,1.84,8.15,-5.999922034549521,,1.13,82.7
2001-11-26,1930.58,1.94,8.39,-5.928382160192025,,1.4,83.9
2001-12-03,2021.26,2.01,8.01,-5.993286373080996,,1.4,83.9
2001-12-10,1953.17,2.04,8.34,-6.016911212769146,,1.4,83.9
2001-12-17,1945.83,1.95,8.32,-6.006306448511613,,1.4,83.9
2001-12-24,1987.26,1.99,8.33,-6.012640949971796,,1.4,83.9
2001-12-31,2059.38,1.99,7.99,-6.025711974222544,,1.63,88.8
2002-01-07,2022.46,2.16,8.17,-6.006523490408904,,1.63,88.8
2002-01-14,1930.34,2.03,8.28,-6.0056794275417005,,1.63,88.8
2002-01-22,1937.7,1.93,8.14,-5.971950001994506,,1.63,88.8
2002-01-28,1911.24,1.94,7.81,-5.964631151804918,,1.6,93
2002-02-04,1818.88,1.95,8.08,-6.028270307386631,,1.6,93
2002-02-11,1805.2,1.89,8.11,-6.009355319657513,,1.6,93
2002-02-19,1724.54,1.87,8.28,-6.038552583206884,,1.6,93
2002-02-25,1802.74,1.8,7.99,-6.00972680642052,,1.5,90.7
2002-03-04,1929.67,1.73,7.34,-5.955269153389691,,1.5,90.7
2002-03-11,1868.3,1.72,7.18,-5.957241319035979,,1.5,90.7
2002-03-18,1851.39,1.63,7.08,-5.985434378081391,,1.5,90.7
2002-03-25,1845.35,1.7,7.11,-5.985882526375153,,1.5,90.7
2002-04-01,1770.03,1.73,7.21,-6.031456321572248,,1.37,95.7
2002-04-08,1756.19,1.75,7.17,-6.046082156415708,,1.37,95.7
2002-04-15,1796.83,1.85,7.13,-6.024342382604854,,1.37,95.7
2002-04-22,1663.89,1.85,7.22,-6.049848809529995,,1.37,95.7
2002-04-29,1613.03,1.88,6.87,-6.067568355772877,,1.4,93
2002-05-06,1600.85,1.93,6.89,-6.0438912544582655,,1.4,93
2002-05-13,1741.39,1.92,7.05,-6.056238970411585,,1.4,93
2002-05-20,1661.49,1.88,7.1,-6.072963464733045,,1.4,93
2002-05-28,1615.73,1.89,7.22,-6.060675544890923,,1.4,93
2002-06-03,1535.48,1.91,7.35,-6.033516554083437,,1.43,96.9
2002-06-10,1504.74,1.94,7.75,-6.035575245555455,,1.43,96.9
2002-06-17,1440.96,1.92,7.95,-6.081192061574238,,1.43,96.9
2002-06-24,1463.21,1.99,9.14,-6.0046120829731215,,1.43,96.9
2002-07-01,1448.36,2,9.02,-6.0217946071806745,,1.4,92.4
2002-07-08,1373.5,2.05,9.26,-6.049796768410617,,1.4,92.4
2002-07-15,1319.15,2.11,9.26,-6.110328747438374,,1.4,92.4
2002-07-22,1262.12,2.15,9.98,-6.085061720827325,,1.4,92.4
2002-07-29,1247.92,2.32,9.54,-6.11606689803642,,1.33,88.1
2002-08-05,1306.12,2.3,9.85,-6.144350204628654,,1.33,88.1
2002-08-12,1361.01,1.95,10.01,-6.146884262638545,,1.33,88.1
2002-08-19,1380.62,2.08,9.65,-6.108680114871873,,1.33,88.1
2002-08-26,1314.85,2.02,9.51,-6.112198731466547,,1.33,88.1
2002-09-03,1295.3,1.96,9.82,-6.1549902956006965,,1.13,87.6
2002-09-09,1291.4,1.86,9.63,-6.119040742693831,,1.13,87.6
2002-09-16,1221.09,1.86,9.82,-6.160264078569963,,1.13,87.6
2002-09-23,1199.16,1.82,10.17,-6.176717834161981,,1.13,87.6
2002-09-30,1139.9,1.95,10.48,-6.191070407776516,,0.9,86.1
2002-10-07,1210.47,1.93,11.2,-6.140061112578826,,0.9,86.1
2002-10-14,1287.86,2.06,10.64,-6.114608238878789,,0.9,86.1
2002-10-21,1331.13,2.07,10.53,-6.085246745460123,,0.9,86.1
2002-10-28,1360.7,2.25,10.47,-6.086023129732995,,0.57,80.6
2002-11-04,1359.28,1.98,10.16,-6.1076945462664725,,0.57,80.6
2002-11-11,1411.14,2.14,9.78,-6.101719121578869,,0.57,80.6
2002-11-18,1468.74,2.08,9.04,-6.076975591195263,,0.57,80.6
2002-11-25,1478.78,2.14,9.01,-6.046619621379755,,0.57,80.6
2002-12-02,1422.44,2.2,9,-6.079282230009256,,0.43,84.2
2002-12-09,1362.42,2.2,8.99,-6.123200069749693,,0.43,84.2
2002-12-16,1363.05,2.21,8.99,-6.16316818721743,,0.43,84.2
2002-12-23,1348.31,2.23,9.11,-6.204507720926885,,0.43,84.2
2002-12-30,1387.08,2.26,8.57,-6.17515222433298,,0.3,86.7
2003-01-06,1447.72,2.37,7.92,-6.166878486510524,,0.3,86.7
2003-01-13,1376.19,2.35,8.1,-6.15424729404562,,0.3,86.7
2003-01-21,1342.14,2.28,8.21,-6.172484020384638,,0.3,86.7
2003-01-27,1320.91,2.28,8.29,-6.141109903041319,,0.23,82.4
2003-02-03,1282.47,2.33,8.39,-6.184695599059592,,0.23,82.4
2003-02-10,1310.17,2.33,8.62,-6.144574693331449,,0.23,82.4
2003-02-18,1349.02,2.27,8.42,-6.114734467232206,,0.23,82.4
2003-02-24,1337.52,2.18,8.38,-6.106610469230092,,0.2,79.9
2003-03-03,1305.29,2.24,8.34,-6.122515608292373,,0.2,79.9
2003-03-10,1340.33,2.16,8.17,-6.101921542672293,,0.2,79.9
2003-03-17,1421.84,2.31,7.69,-6.036948315906662,,0.2,79.9
2003-03-24,1369.6,2.36,7.75,-6.123793293766744,,0.2,79.9
2003-03-31,1383.51,2.41,7.24,-6.1181830913006205,,0.13,77.6
2003-04-07,1358.85,2.35,7.28,-6.11543104458256,,0.13,77.6
2003-04-14,1425.5,2.29,7.05,-6.096282542747077,,0.13,77.6
2003-04-21,1434.54,2.31,6.69,-6.1450160657429596,,0.13,77.6
2003-04-28,1502.88,2.38,6.37,-6.162655777173752,,0.13,86
2003-05-05,1520.15,2.21,6.55,-6.157919525203431,,0.13,86
2003-05-12,1538.53,2.07,6.55,-6.144301166299371,,0.13,86
2003-05-19,1510.09,1.98,6.86,-6.17552296929732,,0.13,86
2003-05-27,1595.91,2.04,6.87,-6.146801196147824,,0.13,86
2003-06-02,1627.42,2.09,6.58,-6.143149134440047,,0.2,92.1
2003-06-09,1626.49,2.05,6.48,-6.151417770122795,,0.2,92.1
2003-06-16,1644.72,2.18,6.09,-6.133078497757256,,0.2,92.1
2003-06-23,1625.26,2.14,6.03,-6.116801366503215,,0.2,92.1
2003-06-30,1663.46,2.26,6.18,-6.147990186489784,,0.4,89.7
2003-07-07,1733.93,2.37,6,-6.0922955894024575,,0.4,89.7
2003-07-14,1708.5,2.51,5.75,-6.089715990314762,,0.4,89.7
2003-07-21,1730.7,2.66,5.7,-6.11949839977331,,0.4,89.7
2003-07-28,1715.62,2.69,5.67,-6.05190948409113,,0.47,90.9
2003-08-04,1644.03,2.56,6.15,-6.10152392470451,,0.47,90.9
2003-08-11,1702.01,2.69,6.06,-6.132900497475704,,0.47,90.9
2003-08-18,1765.32,2.55,5.61,-6.117378269049893,,0.47,90.9
2003-08-25,1810.45,2.49,5.5,-6.141818480508614,,0.47,90.9
2003-09-02,1858.24,2.61,5.25,-6.118865911699038,,0.47,89.3
2003-09-08,1855.03,2.64,5.36,-6.13532082429112,,0.47,89.3
2003-09-15,1905.7,2.51,5.32,-6.132899342609938,,0.47,89.3
2003-09-22,1792.07,2.47,5.37,-6.141520252796462,,0.47,89.3
2003-09-29,1880.57,2.55,5.36,-6.091434214130932,,0.37,87.7
2003-10-06,1915.31,2.63,5.02,-6.0712845227495045,,0.37,87.7
2003-10-13,1912.36,2.51,4.62,-6.030921720241514,,0.37,87.7
2003-10-20,1865.59,2.5,4.82,-6.077262048417488,,0.37,87.7
2003-10-27,1932.21,2.48,4.73,-6.015676256110253,,0.3,89.6
2003-11-03,1970.74,2.44,4.52,-6.006178422652117,,0.3,89.6
2003-11-10,1930.26,2.38,4.74,-6.036167597530371,,0.3,89.6
2003-11-17,1893.88,2.31,4.75,-6.092904587287844,,0.3,89.6
2003-11-24,1960.26,2.28,4.46,-6.081045204277718,,0.3,89.6
2003-12-01,1937.82,2.35,4.39,-6.038978825345179,,0.23,93.7
2003-12-08,1949,2.42,4.34,-6.028473613632283,,0.23,93.7
2003-12-15,1951.02,2.33,4.33,-5.9921967008929755,,0.23,93.7
2003-12-22,1973.14,2.35,4.28,-6.000223727197864,,0.23,93.7
2003-12-29,2006.68,2.44,4.08,-5.986430376102344,,0.03,92.6
2004-01-05,2086.92,2.43,4.01,-5.957828572712945,,0.03,92.6
2004-01-12,2140.46,2.34,3.94,-5.918972481442806,,0.03,92.6
2004-01-20,2123.87,2.38,3.79,-5.893928681986928,,0.03,92.6
2004-01-26,2066.15,2.32,4.03,-5.862847169285889,,0.03,92.6
2004-02-02,2064.01,2.35,4.34,-5.83597172742609,,-0.1,103.8
2004-02-09,2053.56,2.35,4.25,-5.800176493793081,,-0.1,103.8
2004-02-17,2037.93,2.35,4.22,-5.717570562296374,,-0.1,103.8
2004-02-23,2029.82,2.33,4.34,-5.686295144188182,,-0.1,103.8
2004-03-01,2047.63,2.28,4.35,-5.700550650836419,,-0.1,94.4
2004-03-08,1984.73,2.24,4.39,-5.707708269605099,,-0.1,94.4
2004-03-15,1940.47,2.24,4.43,-5.70208776416707,,-0.1,94.4
2004-03-22,1960.02,2.26,4.42,-5.746486271816573,,-0.1,94.4
2004-03-29,2057.17,2.29,4.16,-5.748309549369002,,0,95.8
2004-04-05,2052.88,2.32,4.11,-5.775716949821819,,0,95.8
2004-04-12,1995.74,2.32,3.95,-5.700923020976637,,0,95.8
2004-04-19,2049.77,2.25,3.93,-5.763128535862805,,0,95.8
2004-04-26,1920.15,2.21,3.83,-5.771163742248811,,0,95.8
2004-05-03,1917.96,2.24,4.04,-5.763426635577509,,0,94.2
2004-05-10,1904.25,2.18,4.37,-5.768692319034916,,0,94.2
2004-05-17,1912.09,2.17,4.4,-5.752494699540297,,0,94.2
2004-05-24,1986.74,2.14,4.32,-5.733727525196882,,0,94.2
2004-06-01,1978.62,2.08,4.25,-5.76226330209333,,0,90.2
2004-06-07,1999.87,2.03,4.05,-5.797825997102892,,0,90.2
2004-06-14,1986.73,1.9,4.06,-5.80460440461102,,0,90.2
2004-06-21,2025.47,1.92,4.01,-5.809225665689214,,0,90.2
2004-06-28,2006.66,1.93,4.13,-5.789358395642144,,-0.03,95.6
2004-07-06,1946.33,1.94,4.1,-5.763381023408916,,-0.03,95.6
2004-07-12,1883.15,1.86,3.94,-5.737912920393081,,-0.03,95.6
2004-07-19,1849.09,1.79,3.91,-5.745885699332505,,-0.03,95.6
2004-07-26,1887.36,1.85,3.94,-5.707089944914685,,-0.03,95.6
2004-08-02,1776.89,1.79,4.05,-5.751404457947885,,-0.03,96.7
2004-08-09,1757.22,1.75,4.17,-5.718344620007465,,-0.03,96.7
2004-08-16,1838.02,1.79,4.12,-5.791647514238304,,-0.03,96.7
2004-08-23,1862.09,1.74,3.99,-5.77455647895569,,-0.03,96.7
2004-08-30,1844.48,1.74,3.99,-5.78298702436551,,-0.07,95.9
2004-09-07,1894.31,1.72,3.89,-5.754059627947211,,-0.07,95.9
2004-09-13,1910.09,1.64,3.93,-5.7463847575621925,,-0.07,95.9
2004-09-20,1879.48,1.45,3.77,-5.709780411726872,,-0.07,95.9
2004-09-27,1942.2,1.51,3.83,-5.703782474656201,,-0.07,94.2
2004-10-04,1919.97,1.54,3.66,-5.665989798874567,,-0.07,94.2
2004-10-11,1911.5,1.55,3.79,-5.771229291247574,,-0.07,94.2
2004-10-18,1915.14,1.44,3.78,-5.7869138288703885,,-0.07,94.2
2004-10-25,1974.99,1.5,3.58,-5.771586685656656,,-0.07,94.2
2004-11-01,2038.94,1.41,3.29,-5.76404738682638,,0,91.7
2004-11-08,2085.34,1.34,3.31,-5.750367679339357,,0,91.7
2004-11-15,2070.63,1.25,3.21,-5.743486526075115,,0,91.7
2004-11-22,2101.97,1.21,3.15,-5.744089912066649,,0,91.7
2004-11-29,2147.96,1.33,3.2,-5.796050105534658,,0,92.8
2004-12-06,2128.07,1.21,3.17,-5.792737974424295,,0,92.8
2004-12-13,2135.2,1.18,3.06,-5.757228980955781,,0,92.8
2004-12-20,2160.62,1.21,3.05,-5.740928123910804,,0,92.8
2004-12-27,2175.44,1.16,3.1,-5.709845525889876,,0,97.1
2005-01-03,2088.61,1.09,3.07,-5.724252786067227,,0,97.1
2005-01-10,2087.91,0.99,3.22,-5.712323451843534,,0,97.1
2005-01-18,2034.27,1,3.37,-5.695733437324634,,0,97.1
2005-01-24,2035.83,0.91,3.27,-5.695755909141435,,0,97.1
2005-01-31,2086.66,0.8,3.19,-5.711627545366373,,-0.1,95.5
2005-02-07,2076.66,0.76,3.12,-5.692589427017663,,-0.1,95.5
2005-02-14,2058.62,0.82,2.93,-5.659939836792025,,-0.1,95.5
2005-02-22,2065.4,0.73,2.85,-5.681783628553154,,-0.1,95.5
2005-02-28,2070.61,0.75,2.86,-5.674118803016009,,0,94.1
2005-03-07,2041.6,0.83,2.73,-5.710744883466383,,0,94.1
2005-03-14,2007.79,0.79,2.98,-5.675971756542406,,0,94.1
2005-03-21,1991.06,0.72,3.18,-5.677644028910936,,0,94.1
2005-03-28,1984.81,0.71,3.55,-5.664745869399648,,-0.07,92.6
2005-04-04,1999.35,0.77,3.41,-5.650537960137389,,-0.07,92.6
2005-04-11,1908.15,0.77,3.75,-5.687503045367338,,-0.07,92.6
2005-04-18,1932.19,0.67,3.82,-5.679291454647905,,-0.07,92.6
2005-04-25,1921.65,0.6,4.16,-5.696699159309601,,-0.07,92.6
2005-05-02,1967.35,0.61,4.13,-5.691212476746531,,0,87.7
2005-05-09,1976.78,0.52,4.28,-5.739965258857976,,0,87.7
2005-05-16,2046.42,0.47,4.4,-5.716309740384595,,0,87.7
2005-05-23,2075.73,0.44,4.07,-5.667525433484482,,0,87.7
2005-05-31,2071.43,0.37,4,-5.610887780779908,,-0.1,86.9
2005-06-06,2063,0.34,4.01,-5.615868872602095,,-0.1,86.9
2005-06-13,2090.11,0.39,3.83,-5.614274217467984,,-0.1,86.9
2005-06-20,2053.27,0.33,3.88,-5.625690851149787,,-0.1,86.9
2005-06-27,2057.37,0.28,3.85,-5.67335008656098,,-0.07,96
2005-07-05,2112.88,0.34,3.78,-5.607143220077999,,-0.07,96
2005-07-11,2156.78,0.33,3.46,-5.597378117567477,,-0.07,96
2005-07-18,2179.74,0.32,3.36,-5.579900428773344,,-0.07,96
2005-07-25,2184.83,0.24,3.33,-5.579747035863545,,-0.07,96
2005-08-01,2177.91,0.28,3.31,-5.59294915725702,,-0.07,96.5
2005-08-08,2156.9,0.22,3.37,-5.595943862323544,,-0.07,96.5
2005-08-15,2135.56,0.2,3.41,-5.585547257215039,,-0.07,96.5
2005-08-22,2120.77,0.18,3.38,-5.5650339976811996,,-0.07,96.5
2005-08-29,2141.07,0.3,3.7,-5.590991439829606,,-0.07,89.1
2005-09-06,2175.51,0.28,3.59,-5.643391616038711,,-0.07,89.1
2005-09-12,2160.35,0.32,3.55,-5.672755761494691,,-0.07,89.1
2005-09-19,2116.84,0.24,3.81,-5.617011922895516,,-0.07,89.1
2005-09-26,2151.69,0.16,3.67,-5.610939100242383,,-0.07,89.1
2005-10-03,2090.35,0.17,3.55,-5.576485147985901,,0.03,76.9
2005-10-10,2064.83,0.24,3.77,-5.59323197424983,,0.03,76.9
2005-10-17,2082.21,0.19,3.58,-5.566925770711417,,0.03,76.9
2005-10-24,2089.88,0.21,3.57,-5.564057161646809,,0.03,76.9
2005-10-31,2169.43,0.19,3.48,-5.513629683582389,,0.03,74.2
2005-11-07,2202.47,0.11,3.56,-5.506710842085145,,0.03,74.2
2005-11-14,2227.07,0.1,3.69,-5.504533828681502,,0.03,74.2
2005-11-21,2263.01,0.1,3.72,-5.5218164553625,,0.03,74.2
2005-11-28,2273.37,0.09,3.63,-5.544909235874769,,0.07,81.6
2005-12-05,2256.73,0.11,3.6,-5.56521850080123,,0.07,81.6
2005-12-12,2252.48,0.08,3.65,-5.518795960454213,,0.07,81.6
2005-12-19,2249.42,0.01,3.71,-5.51224971070086,,0.07,81.6
2005-12-27,2205.32,-0.02,3.65,-5.5393220022719225,,0.07,81.6
2006-01-03,2305.62,0.02,3.56,-5.558540539718052,,-0.03,91.5
2006-01-09,2317.04,0.02,3.62,-5.574693159678092,,-0.03,91.5
2006-01-17,2247.7,0,3.6,-5.580000620770564,,-0.03,91.5
2006-01-23,2304.23,0.01,3.4,-5.522445654524786,,-0.03,91.5
2006-01-30,2262.58,-0.05,3.38,-5.512058097409859,,-0.07,91.2
2006-02-06,2261.88,-0.1,3.35,-5.516729580884732,,-0.07,91.2
2006-02-13,2282.36,-0.12,3.3,-5.529335330637353,,-0.07,91.2
2006-02-21,2287.04,-0.16,3.28,-5.538216694732328,,-0.07,91.2
2006-02-27,2302.6,-0.08,3.29,-5.524988258380215,,-0.07,86.7
2006-03-06,2262.04,0.02,3.3,-5.5009811382732705,,-0.07,86.7
2006-03-13,2306.48,0.03,3.31,-5.4604866586585965,,-0.07,86.7
2006-03-20,2312.82,-0.05,3.23,-5.455654801711688,,-0.07,86.7
2006-03-27,2339.79,0.04,3.13,-5.473133496793413,,-0.07,88.9
2006-04-03,2339.02,0.06,3.12,-5.413720075628942,,-0.07,88.9
2006-04-10,2326.11,0.07,3.06,-5.361956442282931,,-0.07,88.9
2006-04-17,2342.86,0.15,3.04,-5.310030067717211,,-0.07,88.9
2006-04-24,2322.57,0.18,3,-5.314334958345146,,-0.07,88.9
2006-05-01,2342.57,0.19,2.93,-5.277492318948084,,0,87.4
2006-05-08,2243.78,0.15,2.88,-5.2160940567258205,,0,87.4
2006-05-15,2193.88,0.14,3.09,-5.2438176504969976,,0,87.4
2006-05-22,2210.37,0.09,3.13,-5.139568977472149,,0,87.4
2006-05-30,2219.41,0.07,3.13,-5.185852660336318,,-0.07,79.1
2006-06-05,2135.06,-0.01,3.26,-5.234013451910141,,-0.07,79.1
2006-06-12,2129.95,-0.04,3.29,-5.174611462990922,,-0.07,79.1
2006-06-19,2121.47,-0.03,3.32,-5.200999309012993,,-0.07,79.1
2006-06-26,2172.09,0.01,3.33,-5.212795193109875,,-0.07,79.1
2006-07-03,2130.06,-0.03,3.31,-5.187066858600193,,-0.03,84.9
2006-07-10,2037.35,-0.04,3.39,-5.192582669407828,,-0.03,84.9
2006-07-17,2020.39,-0.03,3.43,-5.229174017293891,,-0.03,84.9
2006-07-24,2094.14,0,3.36,-5.20691613307287,,-0.03,84.9
2006-07-31,2085.05,-0.02,3.42,-5.196239672481788,,0.03,84.7
2006-08-07,2057.71,0,3.42,-5.222293610745884,,0.03,84.7
2006-08-14,2163.95,-0.02,3.38,-5.1985863066034925,,0.03,84.7
2006-08-21,2140.29,-0.07,3.43,-5.210790903468211,,0.03,84.7
2006-08-28,2193.16,-0.05,3.49,-5.208280746218342,,0.07,82
2006-09-05,2165.79,-0.02,3.41,-5.153349914682087,,0.07,82
2006-09-11,2235.59,-0.04,3.35,-5.170785927407596,,0.07,82
2006-09-18,2218.93,-0.06,3.48,-5.152745052579061,,0.07,82
2006-09-25,2258.43,-0.05,3.44,-5.162492181652791,,0.07,82
2006-10-02,2299.99,-0.04,3.39,-5.137108240376708,,0.07,85.4
2006-10-09,2357.29,-0.06,3.22,-5.156950210917595,,0.07,85.4
2006-10-16,2342.3,-0.06,3.17,-5.149065126136565,,0.07,85.4
2006-10-23,2350.62,-0.08,3.21,-5.173349994933732,,0.07,85.4
2006-10-30,2330.79,-0.1,3.12,-5.2437316595788594,,-0.07,93.6
2006-11-06,2389.72,-0.14,3.15,-5.318193000794193,,-0.07,93.6
2006-11-13,2445.86,-0.15,3.06,-5.316146039759673,,-0.07,93.6
2006-11-20,2460.26,-0.18,3.15,-5.30918703878494,,-0.07,93.6
2006-11-27,2413.21,-0.09,3.21,-5.323532710266649,,-0.07,92.1
2006-12-04,2437.36,-0.12,3,-5.312040256225068,,-0.07,92.1
2006-12-11,2457.2,-0.13,2.98,-5.324169591626507,,-0.07,92.1
2006-12-18,2401.18,-0.08,2.93,-5.384700772520527,,-0.07,92.1
2006-12-26,2415.29,-0.11,2.82,-5.403677882205863,,-0.07,92.1
2007-01-03,2434.25,-0.11,2.93,-5.478170395798663,,-0.03,91.7
2007-01-08,2502.82,-0.11,2.8,-5.484122412267494,,-0.03,91.7
2007-01-16,2451.31,-0.15,2.7,-5.5327595803104535,,-0.03,91.7
2007-01-22,2435.49,-0.11,2.59,-5.499143184945424,,-0.03,91.7
2007-01-29,2475.88,-0.11,2.67,-5.594270954730511,,0.07,96.9
2007-02-05,2459.82,-0.13,2.59,-5.5874383238644105,,0.07,96.9
2007-02-12,2496.31,-0.14,2.57,-5.538966097134841,,0.07,96.9
2007-02-20,2515.1,-0.14,2.55,-5.488093463453517,,0.07,96.9
2007-02-26,2368,-0.04,2.91,-5.472012982920681,,0.07,91.3
2007-03-05,2387.55,-0.07,2.75,-5.45615581945448,,0.07,91.3
2007-03-12,2372.66,-0.03,2.88,-5.380682185067633,,0.07,91.3
2007-03-19,2448.93,0.02,2.81,-5.366788759631931,,0.07,91.3
2007-03-26,2421.64,0.06,2.82,-5.359652255492143,,0.07,91.3
2007-04-02,2471.34,0.05,2.87,-5.304222314323053,,0.03,88.4
2007-04-09,2491.94,0.01,2.75,-5.2746823768103495,,0.03,88.4
2007-04-16,2526.39,0.04,2.71,-5.261215995808742,,0.03,88.4
2007-04-23,2557.21,0.02,2.63,-5.2627305241272575,,0.03,88.4
2007-04-30,2572.15,-0.03,2.67,-5.212236778801859,,0,87.1
2007-05-07,2562.22,-0.05,2.65,-5.2286603297289,,0,87.1
2007-05-14,2558.45,-0.02,2.55,-5.2942471114375085,,0,87.1
2007-05-21,2557.19,0.01,2.45,-5.28497777204682,,0,87.1
2007-05-29,2613.92,-0.02,2.46,-5.292278611913086,,0,88.3
2007-06-04,2573.54,0.08,2.48,-5.296473764858243,,0,88.3
2007-06-11,2626.71,0.13,2.49,-5.260043020176646,,0,88.3
2007-06-18,2588.96,0.18,2.66,-5.269216768008222,,0,88.3
2007-06-25,2603.23,0.16,2.83,-5.239836872499822,,0,88.3
2007-07-02,2666.51,0.17,2.92,-5.204924946055191,,0.03,85.3
2007-07-09,2707,0.19,3.08,-5.224252211778179,,0.03,85.3
2007-07-16,2687.6,0.17,3.2,-5.219162583717741,,0.03,85.3
2007-07-23,2562.24,0.23,4.13,-5.226289162903241,,0.03,85.3
2007-07-30,2511.25,0.18,4.18,-5.281797645848234,,0.07,90.4
2007-08-06,2544.89,0.3,4.04,-5.312650822137038,,0.07,90.4
2007-08-13,2505.03,0.52,4.59,-5.356199426891788,,0.07,90.4
2007-08-20,2576.69,0.42,4.34,-5.313187529027488,,0.07,90.4
2007-08-27,2596.36,0.43,4.48,-5.30199033034816,,0.07,90.4
2007-09-04,2565.7,0.43,4.56,-5.385725917203867,,0.1,83.4
2007-09-10,2602.18,0.41,4.57,-5.354623865986619,,0.1,83.4
2007-09-17,2671.22,0.59,4.21,-5.326314254823559,,0.1,83.4
2007-09-24,2701.5,0.63,4.15,-5.328089524881706,,0.1,83.4
2007-10-01,2780.32,0.54,4.15,-5.301131815902988,,0.17,83.4
2007-10-08,2805.68,0.53,3.86,-5.329715216190317,,0.17,83.4
2007-10-15,2725.16,0.59,4.2,-5.376940381438674,,0.17,83.4
2007-10-22,2804.19,0.63,4.4,-5.405443107730432,,0.17,83.4
2007-10-29,2810.38,0.59,4.53,-5.493711004909344,,0.2,80.9
2007-11-05,2627.94,0.81,5.02,-5.5810995188287436,,0.2,80.9
2007-11-12,2637.24,0.82,5.37,-5.517181649900873,,0.2,80.9
2007-11-19,2596.6,0.94,5.8,-5.619411904191499,,0.2,80.9
2007-11-26,2660.96,0.93,5.75,-5.512597764697706,,0.23,76.1
2007-12-03,2706.16,1,5.63,-5.54510746442385,,0.23,76.1
2007-12-10,2635.74,0.93,5.54,-5.598102461171061,,0.23,76.1
2007-12-17,2691.99,0.99,5.68,-5.573083455863992,,0.23,76.1
2007-12-24,2674.46,0.99,5.73,-5.614282207492882,,0.23,76.1
2007-12-31,2504.65,1.14,6.36,-5.613757852979219,,0.4,75.5
2008-01-07,2439.94,1.23,6.68,-5.604702081103912,1.95,0.4,75.5
2008-01-14,2340.02,1.3,7.04,-5.607977505591078,1.94,0.4,75.5
2008-01-22,2326.2,1.38,6.99,-5.656075266591636,1.91,0.4,75.5
2008-01-28,2413.36,1.53,6.96,-5.631576380299018,1.42,0.4,78.4
2008-02-04,2304.85,1.71,7.25,-5.562885076009566,1.15,0.4,78.4
2008-02-11,2321.8,1.85,7.3,-5.549836775868914,1.12,0.4,78.4
2008-02-19,2303.35,1.81,7.35,-5.521909425263541,1.62,0.4,78.4
2008-02-25,2271.48,1.88,7.67,-5.533066463982554,1.42,0.43,70.8
2008-03-03,2212.49,2.03,7.92,-5.515142387701858,1.44,0.43,70.8
2008-03-10,2212.49,1.93,8.27,-5.564912680349747,0.97,0.43,70.8
2008-03-17,2258.11,1.84,8.37,-5.55082816236519,1.2,0.43,70.8
2008-03-24,2261.18,1.83,7.94,-5.498893150455821,1.26,0.43,70.8
2008-03-31,2370.98,1.7,7.78,-5.4421007436783055,1.67,0.47,69.5
2008-04-07,2290.24,1.71,7.7,-5.459631362012848,1.62,0.47,69.5
2008-04-14,2402.97,1.62,7.36,-5.461247734027341,1.38,0.47,69.5
2008-04-21,2422.93,1.46,6.92,-5.425941292041866,1.49,0.47,69.5
2008-04-28,2476.99,1.41,6.81,-5.414222795382478,1.07,0.5,62.6
2008-05-05,2445.52,1.54,6.83,-5.473708826305887,1.05,0.5,62.6
2008-05-12,2528.85,1.38,6.69,-5.460333098772064,1.07,0.5,62.6
2008-05-19,2444.67,1.36,6.59,-5.512642708230574,0.96,0.5,62.6
2008-05-27,2522.66,1.41,6.55,-5.5103063125220695,0.9,0.5,62.6
2008-06-02,2474.56,1.54,6.63,-5.51398062255868,0.86,0.73,59.8
2008-06-09,2454.5,1.2,6.43,-5.494176484651292,1.07,0.73,59.8
2008-06-16,2406.09,1.23,6.53,-5.463110586799296,0.91,0.73,59.8
2008-06-23,2315.63,1.39,7.27,-5.481261902707152,0.57,0.73,59.8
2008-06-30,2245.38,1.39,7.53,-5.465585698667834,1.02,0.8,56.4
2008-07-07,2239.08,1.39,7.9,-5.5484724778042835,1.2,0.8,56.4
2008-07-14,2282.78,1.49,7.79,-5.564928632597716,0.81,0.8,56.4
2008-07-21,2310.53,1.42,7.64,-5.549416021821309,0.75,0.8,56.4
2008-07-28,2310.96,1.47,8,-5.54670886173221,0.87,0.97,61.2
2008-08-04,2414.1,1.49,8.16,-5.558625466999396,0.9,0.97,61.2
2008-08-11,2452.52,1.44,8.11,-5.47397013486497,0.74,0.97,61.2
2008-08-18,2414.71,1.51,8.29,-5.480758906544487,0.49,0.97,61.2
2008-08-25,2367.52,1.42,8.29,-5.50772664329274,0.53,0.97,61.2
2008-09-02,2255.88,1.44,8.55,-5.557187493502158,0.72,1.1,63
2008-09-08,2261.27,1.46,8.62,-5.4779479755762965,0.58,1.1,63
2008-09-15,2273.9,1.76,9.83,-5.606602664241934,0.24,1.1,63
2008-09-22,2183.34,1.72,9.87,-5.666392361183319,-0.05,1.1,63
2008-09-29,1947.39,2.04,12,-5.735732515773069,-0.2,1.27,70.3
2008-10-06,1649.51,2.19,13.91,-5.992862497009457,-0.27,1.27,70.3
2008-10-13,1711.29,2.38,15.72,-5.890021814012968,-0.34,1.27,70.3
2008-10-20,1552.03,2.09,16.34,-6.070800033106496,-0.4,1.27,70.3
2008-10-27,1720.95,2.41,15.91,-5.972978712383254,-0.4,1.27,70.3
2008-11-03,1647.4,2.5,16.31,-6.069919484810645,-0.48,1.5,57.6
2008-11-10,1516.85,2.5,17.16,-6.074699775310477,-1.1,1.5,57.6
2008-11-17,1384.35,2.11,19.92,-6.217517099398525,-1.44,1.5,57.6
2008-11-24,1535.57,1.93,19.78,-6.20761187216657,-0.46,1.5,57.6
2008-12-01,1509.31,1.74,20.74,-6.305640019483045,-2.32,1.7,55.3
2008-12-08,1540.72,1.82,21.3,-6.353288967841455,-1.92,1.7,55.3
2008-12-15,1564.32,1.39,20.43,-6.447757958989386,-1.85,1.7,55.3
2008-12-22,1530.24,1.27,19.55,-6.504818617227332,-2.59,1.7,55.3
2008-12-29,1632.21,1.58,17.84,-6.400232431409051,-2.66,2.07,60.1
2009-01-05,1571.59,1.68,16.65,-6.306736211871039,-3,2.07,60.1
2009-01-12,1529.33,1.63,16.79,-6.309650425067968,-2.77,2.07,60.1
2009-01-20,1477.29,1.82,16.73,-6.4110951534665155,-2.72,2.07,60.1
2009-01-26,1476.42,1.93,16.22,-6.449221202743744,-2.48,2.07,60.1
2009-02-02,1591.71,2.06,16.05,-6.3304993994362295,-2.74,2.37,61.2
2009-02-09,1534.36,1.92,16.21,-6.417409650485982,-2.65,2.37,61.2
2009-02-17,1441.23,1.82,16.76,-6.562116867254097,-3.12,2.37,61.2
2009-02-23,1377.84,2.02,17.39,-6.417728003542206,-3.27,2.37,61.2
2009-03-02,1293.85,1.92,18.66,-6.324611460576442,-3.48,2.77,56.3
2009-03-09,1431.5,1.86,18.29,-6.325767329215479,-3,2.77,56.3
2009-03-16,1457.27,1.74,17.74,-6.277405126311995,-3.01,2.77,56.3
2009-03-23,1545.2,1.86,17.09,-6.220256603555536,-2.67,2.77,56.3
2009-03-30,1621.87,1.89,16.78,-6.105993104988859,-3.22,3.13,57.3
2009-04-06,1652.54,1.93,16.36,-6.0556333113376395,-3,3.13,57.3
2009-04-13,1673.07,1.95,15.44,-5.980350138797161,-3.08,3.13,57.3
2009-04-20,1694.29,1.99,15.17,-6.099856308809796,-3.3,3.13,57.3
2009-04-27,1719.2,2.25,13.45,-6.046783520995138,-3.02,3.53,65.1
2009-05-04,1739,2.29,12.54,-6.055442144236047,-2.97,3.53,65.1
2009-05-11,1680.14,2.23,12.91,-6.134722338365645,-3.11,3.53,65.1
2009-05-18,1692.01,2.46,12.32,-6.125040634800412,-3.02,3.53,65.1
2009-05-26,1774.33,2.7,11.74,-6.100538296690486,-2.93,3.53,65.1
2009-06-01,1849.42,2.76,11.01,-6.043709665075245,-3.09,3.73,68.7
2009-06-08,1858.8,2.53,10.43,-5.98225861996867,-3.37,3.73,68.7
2009-06-15,1827.47,2.58,10.74,-6.03067671511512,-3.28,3.73,68.7
2009-06-22,1838.22,2.43,11.09,-6.01686410453029,-3.01,3.73,68.7
2009-06-29,1796.52,2.5,10.5,-6.000961704612444,-3.23,3.9,70.8
2009-07-06,1756.03,2.5,10.79,-6.022517067130402,-2.89,3.9,70.8
2009-07-13,1886.61,2.59,10.57,-5.958210316010177,-3.22,3.9,70.8
2009-07-20,1965.96,2.64,9.88,-5.934667592400852,-2.99,3.9,70.8
2009-07-27,1978.5,2.48,9.33,-5.898039381999428,-3.12,3.9,70.8
2009-08-03,2000.25,2.57,8.73,-5.841984924969021,-2.89,3.8,66
2009-08-10,1985.52,2.47,8.91,-5.81269801772895,-2.8,3.8,66
2009-08-17,2020.9,2.39,9.27,-5.803433264813687,-2.34,3.8,66
2009-08-24,2028.77,2.43,9.07,-5.783707855045143,-2.28,3.8,66
2009-08-31,2018.78,2.42,9.19,-5.851358048607111,-2.27,3.67,65.7
2009-09-08,2080.9,2.46,8.93,-5.8680447165371765,-1.68,3.67,65.7
2009-09-14,2132.86,2.44,8.09,-5.893754722054439,-2.15,3.67,65.7
2009-09-21,2090.92,2.47,7.87,-5.891179414657001,-1.44,3.67,65.7
2009-09-28,2048.11,2.34,8.11,-5.92566972095845,-1.36,3.57,73.5
2009-10-05,2139.28,2.37,8,-5.912111641400581,-1.17,3.57,73.5
2009-10-12,2156.8,2.52,7.69,-5.912234196081713,-0.88,3.57,73.5
2009-10-19,2154.47,2.47,7.52,-5.852575514129205,-0.75,3.57,73.5
2009-10-26,2045.11,2.55,7.56,-5.86369269229221,-0.51,3.57,73.5
2009-11-02,2112.44,2.68,7.6,-5.916496438321968,-0.22,3.57,70.6
2009-11-09,2167.88,2.61,7.52,-5.928729836868946,0.13,3.57,70.6
2009-11-16,2146.04,2.61,7.54,-5.910751301503813,0.58,3.57,70.6
2009-11-23,2138.44,2.53,7.64,-5.929854597590394,0.87,3.57,70.6
2009-11-30,2194.35,2.64,7.24,-5.889530158998578,1.37,3.47,67.4
2009-12-07,2190.31,2.72,7.09,-5.879003662618593,1.19,3.47,67.4
2009-12-14,2211.69,2.73,6.84,-5.869720754628802,1.39,3.47,67.4
2009-12-21,2285.69,2.82,6.54,-5.815772447459783,2.29,3.47,67.4
2009-12-28,2269.15,2.71,6.39,-5.791689909053456,2.52,3.07,72.5
2010-01-04,2317.17,2.87,6.02,-5.8138956836467495,2.12,3.07,72.5
2010-01-11,2287.99,2.81,6.1,-5.81669019594941,2.04,3.07,72.5
2010-01-19,2205.29,2.78,6.36,-5.7855932857536505,2.1,3.07,72.5
2010-01-25,2147.35,2.81,6.46,-5.872267736129291,1.93,3.07,72.5
2010-02-01,2141.12,2.82,6.81,-5.909261443884224,2.37,2.57,74.4
2010-02-08,2183.53,2.85,7.03,-5.868192019166827,2.63,2.57,74.4
2010-02-16,2243.87,2.83,6.56,-5.811909490672923,2.77,2.57,74.4
2010-02-22,2238.26,2.8,6.66,-5.8310391472234935,3.37,2.57,74.4
2010-03-01,2326.35,2.78,6.37,-5.8056548362298654,3.63,2.03,73.6
2010-03-08,2367.66,2.74,6.11,-5.786734010851092,3.65,2.03,73.6
2010-03-15,2374.41,2.7,6.02,-5.794296482197033,3.62,2.03,73.6
2010-03-22,2395.13,2.81,5.78,-5.782309533534317,3.5,2.03,73.6
2010-03-29,2402.58,2.82,5.84,-5.750036119590296,4.05,1.53,73.6
2010-04-05,2454.05,2.82,5.7,-5.779659672688629,3.7,1.53,73.6
2010-04-12,2481.26,2.82,5.52,-5.779163271501238,3.96,1.53,73.6
2010-04-19,2530.15,2.73,5.5,-5.794259074649554,4.05,1.53,73.6
2010-04-26,2461.19,2.75,5.54,-5.863858185355409,4.09,1.53,73.6
2010-05-03,2265.64,2.66,6.26,-5.953051267472725,4.36,1.2,72.2
2010-05-10,2346.85,2.68,6.14,-5.970669085059567,4.51,1.2,72.2
2010-05-17,2229.04,2.49,6.92,-5.951217498893715,4.4,1.2,72.2
2010-05-24,2257.04,2.47,6.88,-5.969646683951838,4.08,1.2,72.2
2010-06-01,2219.17,2.57,6.93,-6.068159548247862,5.02,0.8,73.6
2010-06-07,2243.6,2.54,7.19,-6.048842939811719,4.25,0.8,73.6
2010-06-14,2309.8,2.49,6.91,-6.078338663175219,4.29,0.8,73.6
2010-06-21,2223.48,2.47,6.89,-6.005897126043131,4.41,0.8,73.6
2010-06-28,2091.79,2.33,7.17,-6.026260189134918,4.33,0.43,76
2010-07-06,2196.45,2.41,6.98,-5.981921861991761,4.74,0.43,76
2010-07-12,2179.05,2.39,6.73,-6.005363075918935,3.75,0.43,76
2010-07-19,2269.47,2.36,6.67,-5.921405846557633,3.99,0.43,76
2010-07-26,2254.7,2.44,6.48,-5.879168093474694,4.37,0.43,76
2010-08-02,2288.47,2.41,6.51,-5.887615170156336,4.05,0.13,67.8
2010-08-09,2173.48,2.19,6.83,-5.924545170201041,3.97,0.13,67.8
2010-08-16,2179.76,2.09,6.82,-5.922601892432205,3.91,0.13,67.8
2010-08-23,2153.63,1.99,6.93,-5.908338241779632,3.95,0.13,67.8
2010-08-30,2233.75,2.13,6.72,-5.879015474827987,3.81,0,68.9
2010-09-07,2242.48,2.2,6.47,-5.902409531732027,4.07,0,68.9
2010-09-13,2315.61,2.29,6.25,-5.893631312003845,3.78,0,68.9
2010-09-20,2381.22,2.11,6.37,-5.8827355489258455,3.62,0,68.9
2010-09-27,2370.75,2.11,6.26,-5.87795700825175,3.82,0.03,68.2
2010-10-04,2401.91,2.05,6.13,-5.876104391893954,3.47,0.03,68.2
2010-10-11,2468.77,2.14,5.97,-5.87881289226717,3.17,0.03,68.2
2010-10-18,2479.39,2.2,6,-5.855031926020925,3.41,0.03,68.2
2010-10-25,2507.41,2.32,5.77,-5.896127582426397,3.63,0.03,68.2
2010-11-01,2578.98,2.2,5.89,-5.8692475475353625,3.45,0.07,67.7
2010-11-08,2518.21,2.25,5.75,-5.859967444878856,3.44,0.07,67.7
2010-11-15,2518.12,2.36,5.81,-5.865783901462502,3.32,0.07,67.7
2010-11-22,2534.56,2.36,5.94,-5.894980658248729,3.21,0.07,67.7
2010-11-29,2591.46,2.54,5.92,-5.862601979900379,3.42,0.13,71.6
2010-12-06,2637.54,2.68,5.54,-5.819473685695808,3.64,0.13,71.6
2010-12-13,2642.97,2.72,5.54,-5.8039842391486545,3.37,0.13,71.6
2010-12-20,2665.6,2.74,5.37,-5.781284045771211,3.23,0.13,71.6
2010-12-27,2652.87,2.69,5.41,-5.767167868864235,4.26,0.1,74.5
2011-01-03,2703.17,2.74,5.23,-5.767225825385329,3.6,0.1,74.5
2011-01-10,2755.3,2.76,5.12,-5.731279456832045,3.26,0.1,74.5
2011-01-18,2689.54,2.81,5.05,-5.740465024647977,3.21,0.1,74.5
2011-01-24,2686.89,2.82,5.03,-5.726243473165642,3.29,0.1,74.5
2011-01-31,2769.3,2.91,4.68,-5.6855290343468505,3.28,-0.13,74.2
2011-02-07,2809.44,2.79,4.59,-5.70348848670759,2.9,-0.13,74.2
2011-02-14,2833.95,2.81,4.53,-5.735981948940438,3.36,-0.13,74.2
2011-02-22,2781.05,2.7,4.72,-5.756821345274693,3.01,-0.13,74.2
2011-02-28,2784.67,2.81,4.69,-5.7636002507036705,2.8,-0.3,77.5
2011-03-07,2715.61,2.76,4.88,-5.822810306412559,2.9,-0.3,77.5
2011-03-14,2643.67,2.65,5.1,-5.788017986412799,2.99,-0.3,77.5
2011-03-21,2743.06,2.7,4.84,-5.7768554174456,3.01,-0.3,77.5
2011-03-28,2789.6,2.67,4.77,-5.815743210875926,2.74,-0.2,67.5
2011-04-04,2780.42,2.77,4.56,-5.791392238486838,2.98,-0.2,67.5
2011-04-11,2764.65,2.74,4.6,-5.855161091722998,3,-0.2,67.5
2011-04-18,2820.16,2.74,4.66,-5.834145976019711,2.9,-0.2,67.5
2011-04-25,2873.54,2.72,4.73,-5.92005875764462,2.83,-0.2,67.5
2011-05-02,2827.56,2.6,4.8,-5.9274541219452646,2.45,0,69.8
2011-05-09,2828.47,2.65,4.77,-5.926783762389229,2.12,0,69.8
2011-05-16,2803.32,2.62,4.8,-5.902919012748461,2.52,0,69.8
2011-05-23,2796.86,2.59,5.01,-5.906037285894746,2.43,0,69.8
2011-05-31,2732.78,2.59,5.15,-5.921728521676197,2.25,0.07,74.3
2011-06-06,2643.73,2.58,5.38,-5.9323027355333755,2.45,0.07,74.3
2011-06-13,2616.48,2.55,5.65,-5.9274784493357195,2.4,0.07,74.3
2011-06-20,2652.89,2.58,5.75,-5.903199154051321,2.34,0.07,74.3
2011-06-27,2816.03,2.73,5.42,-5.842356333119062,2.07,0.2,71.5
2011-07-05,2859.81,2.68,5.27,-5.856248015708901,2.48,0.2,71.5
2011-07-11,2789.8,2.6,5.49,-5.886997456030941,2.28,0.2,71.5
2011-07-18,2858.83,2.63,5.36,-5.894821279590458,2.24,0.2,71.5
2011-07-25,2756.38,2.56,5.37,-5.8975597862047495,2.23,0.2,71.5
2011-08-01,2532.41,2.2,6.16,-5.994496138588849,2.57,0.23,63.7
2011-08-08,2507.98,2.15,7.39,-6.073843659697498,2.6,0.23,63.7
2011-08-15,2341.84,1.88,7.23,-6.141968570897885,2.05,0.23,63.7
2011-08-22,2479.85,2.01,7.43,-6.0832977762357885,2.04,0.23,63.7
2011-08-29,2480.33,1.96,7.26,-6.120431958343555,2.29,0.23,55.8
2011-09-06,2467.99,1.81,7.42,-6.1411437474763915,2.14,0.23,55.8
2011-09-12,2622.31,1.88,7.49,-6.134654411331544,2.11,0.23,55.8
2011-09-19,2483.23,1.52,7.95,-6.214486139766025,2.14,0.23,55.8
2011-09-26,2415.4,1.72,8.16,-6.2435630024207205,1.97,0.23,55.8
2011-10-03,2479.35,1.72,8.72,-6.214027511401865,2.39,0.2,59.5
2011-10-10,2667.85,1.9,8.05,-6.202060882370103,2.45,0.2,59.5
2011-10-17,2637.46,1.92,7.64,-6.22975803715573,2.28,0.2,59.5
2011-10-24,2737.15,2.11,6.83,-6.155816657687418,1.95,0.2,59.5
2011-10-31,2686.15,1.85,7.25,-6.199826928606263,2.32,0.17,60.8
2011-11-07,2678.75,1.8,7.46,-6.246629244100634,2.23,0.17,60.8
2011-11-14,2572.5,1.72,7.61,-6.228676804826028,2.32,0.17,60.8
2011-11-21,2441.51,1.69,8,-6.2451462018771,2.23,0.17,60.8
2011-11-28,2626.93,1.8,7.65,-6.191494653967829,2.15,0,63.7
2011-12-05,2646.85,1.85,7.53,-6.179159320894564,2.01,0,63.7
2011-12-12,2555.33,1.62,7.65,-6.173172986933801,1.76,0,63.7
2011-12-19,2618.64,1.75,7.37,-6.137491403149241,2.34,0,63.7
2011-12-27,2605.15,1.64,7.38,-6.122482597669667,2.43,0,63.7
2012-01-03,2674.22,1.73,7,-6.154187240415099,1.86,-0.17,69.9
2012-01-09,2710.67,1.65,7.02,-6.105666804940246,1.56,-0.17,69.9
2012-01-17,2786.7,1.79,6.69,-6.096558004411971,1.7,-0.17,69.9
2012-01-23,2816.55,1.71,6.57,-6.098995500723334,2.05,-0.17,69.9
2012-01-30,2905.66,1.74,6.42,-6.100451696565449,1.5,-0.2,75
2012-02-06,2903.88,1.69,6.35,-6.1019710433814955,1.71,-0.2,75
2012-02-13,2951.78,1.72,6.2,-6.143011284833749,1.75,-0.2,75
2012-02-21,2963.75,1.67,6.01,-6.130900039733803,1.77,-0.2,75
2012-02-27,2976.19,1.71,5.97,-6.0823861953936555,1.96,-0.13,75.3
2012-03-05,2988.34,1.71,6.09,-6.09484695105472,1.92,-0.13,75.3
2012-03-12,3055.26,1.92,5.87,-6.056719997884246,2.02,-0.13,75.3
2012-03-19,3067.92,1.92,5.91,-6.078782209514257,1.66,-0.13,75.3
2012-03-26,3091.57,1.85,6.02,-6.080157515965102,2.09,-0.13,75.3
2012-04-02,3080.5,1.9,5.99,-6.062580487137558,2.24,-0.1,76.2
2012-04-09,3011.33,1.79,6.24,-6.12628749572017,2.3,-0.1,76.2
2012-04-16,3000.45,1.71,6.17,-6.09636524911747,2.26,-0.1,76.2
2012-04-23,3069.2,1.72,6.06,-6.075901807800926,2.2,-0.1,76.2
2012-04-30,2956.34,1.68,5.92,-6.091624786991783,2.5,-0.07,76.4
2012-05-07,2933.82,1.62,6,-6.073529500162286,2.8,-0.07,76.4
2012-05-14,2778.79,1.38,6.44,-6.128961326517872,2.31,-0.07,76.4
2012-05-21,2837.53,1.48,6.62,-6.120335663037463,2.28,-0.07,76.4
2012-05-29,2747.48,1.32,6.96,-6.193471852509925,2.55,-0.03,79.3
2012-06-04,2858.42,1.39,6.95,-6.18300275900686,2.16,-0.03,79.3
2012-06-11,2872.8,1.34,6.85,-6.176258293047326,2.15,-0.03,79.3
2012-06-18,2892.42,1.31,6.52,-6.1611154247115305,2.15,-0.03,79.3
2012-06-25,2935.05,1.29,6.52,-6.12861800077104,2.32,-0.03,79.3
2012-07-02,2937.33,1.34,6.4,-6.137918028049272,2.41,0,73.2
2012-07-09,2908.47,1.25,6.41,-6.118841193330184,2.41,0,73.2
2012-07-16,2925.3,1.32,6.25,-6.129156356709823,2.13,0,73.2
2012-07-23,2958.09,1.22,6.35,-6.1575526977165085,1.93,0,73.2
2012-07-30,2967.9,1.27,6.13,-6.169383951522067,2.05,0.07,72.3
2012-08-06,3020.86,1.4,5.91,-6.1703412186054045,2.25,0.07,72.3
2012-08-13,3076.59,1.54,5.89,-6.160316647696001,2.42,0.07,72.3
2012-08-20,3069.79,1.42,5.89,-6.174276390849199,2.11,0.07,72.3
2012-08-27,3066.96,1.36,5.86,-6.190661519310696,1.91,0.07,72.3
2012-09-04,3136.42,1.41,5.8,-6.168571341790872,2.38,0.03,74.3
2012-09-10,3183.95,1.51,5.5,-6.1367417552559065,2.53,0.03,74.3
2012-09-17,3179.96,1.53,5.38,-6.151142284037386,2.24,0.03,74.3
2012-09-24,3116.23,1.41,5.73,-6.157048890503621,2.17,0.03,74.3
2012-10-01,3136.19,1.47,5.62,-6.155623211441963,2.28,-0.1,78.3
2012-10-08,3044.11,1.42,5.57,-6.16375531702624,2.2,-0.1,78.3
2012-10-15,3005.62,1.57,5.24,-6.1611058187260275,2.32,-0.1,78.3
2012-10-22,2987.95,1.55,5.33,-6.178411540293409,2.16,-0.1,78.3
2012-10-29,2982.13,1.45,5.57,-6.1762246047158085,2.05,-0.13,82.6
2012-11-05,2904.87,1.34,5.77,-6.219327751617228,1.52,-0.13,82.6
2012-11-12,2853.13,1.34,5.98,-6.208184498023413,1.93,-0.13,82.6
2012-11-19,2966.85,1.41,5.71,-6.207439608943579,2.15,-0.13,82.6
2012-11-26,3010.24,1.37,5.65,-6.1510991840439235,2.44,-0.13,82.7
2012-12-03,2978.04,1.39,5.42,-6.143331118062023,2.19,-0.13,82.7
2012-12-10,2971.33,1.48,5.28,-6.132889627771298,1.75,-0.13,82.7
2012-12-17,3021.01,1.51,5.26,-6.142908214123276,2.19,-0.13,82.7
2012-12-24,2960.31,1.46,5.3,-6.1340870296140375,2.42,-0.13,82.7
2012-12-31,3101.66,1.66,5.04,-6.101289159920268,2.3,0,72.9
2013-01-07,3125.63,1.63,4.93,-6.119111803872116,2.51,0,72.9
2013-01-14,3134.71,1.61,4.89,-6.128066106423331,2.8,0,72.9
2013-01-22,3149.71,1.7,4.73,-6.117247625431442,2.59,0,72.9
2013-01-28,3179.1,1.77,4.94,-6.09002434455472,2.65,0,73.8
2013-02-04,3193.87,1.74,5.08,-6.094434923113098,2.52,0,73.8
2013-02-11,3192.03,1.72,4.96,-6.065395700235516,2.16,0,73.8
2013-02-19,3161.82,1.7,4.97,-6.098465381015894,2.31,0,73.8
2013-02-25,3169.74,1.61,5,-6.107246152503702,2.2,-0.03,77.6
2013-03-04,3244.37,1.79,4.76,-6.107885076810463,2.2,-0.03,77.6
2013-03-11,3249.07,1.77,4.71,-6.114520154846294,1.96,-0.03,77.6
2013-03-18,3245,1.68,4.76,-6.138562967775437,2.06,-0.03,77.6
2013-03-25,3267.52,1.62,4.81,-6.150704296442711,2.08,-0.03,77.6
2013-04-01,3203.86,1.56,4.89,-6.15541412140557,1.83,-0.07,78.6
2013-04-08,3294.95,1.58,4.73,-6.105192939301927,1.83,-0.07,78.6
2013-04-15,3206.06,1.48,4.8,-6.0941535603659585,1.7,-0.07,78.6
2013-04-22,3279.26,1.51,4.61,-6.123503226252678,1.95,-0.07,78.6
2013-04-29,3378.63,1.46,4.45,-6.090757514513233,1.66,-0.13,76.4
2013-05-06,3436.58,1.59,4.23,-6.06017902215661,1.49,-0.13,76.4
2013-05-13,3498.97,1.64,4.42,-6.017821913871611,1.73,-0.13,76.4
2013-05-20,3459.14,1.76,4.42,-6.042052084997753,2.07,-0.13,76.4
2013-05-28,3455.91,1.82,4.54,-6.047567819144507,1.69,-0.13,76.4
2013-06-03,3469.22,1.78,5.08,-6.0476791675941115,2.12,-0.03,84.5
2013-06-10,3423.56,1.87,5.11,-6.071711465118875,1.8,-0.03,84.5
2013-06-17,3357.25,2.08,5.12,-6.033997240365397,2.28,-0.03,84.5
2013-06-24,3403.25,2.13,5.23,-5.992036746412432,2.16,-0.03,84.5
2013-07-01,3479.38,2.16,5.15,-5.9805569882745715,2.38,0,84.1
2013-07-08,3600.08,2.26,4.9,-6.003750100907626,2.22,0,84.1
2013-07-15,3587.61,2.24,4.57,-6.020420236340345,2.23,0,84.1
2013-07-22,3613.16,2.29,4.65,-6.053348001027123,2.52,0,84.1
2013-07-29,3689.59,2.39,4.63,-6.023644102157055,2.12,-0.03,85.1
2013-08-05,3660.11,2.28,4.8,-5.983570168778197,2.08,-0.03,85.1
2013-08-12,3602.78,2.41,4.74,-6.010462246804182,2.07,-0.03,85.1
2013-08-19,3657.79,2.48,4.73,-6.032710522215083,2.17,-0.03,85.1
2013-08-26,3589.87,2.36,4.76,-6.068027415251306,2.44,-0.03,85.1
2013-09-03,3660.01,2.46,4.59,-6.052350652801819,2.64,-0.1,82.1
2013-09-09,3722.18,2.47,4.61,-6.012469180338699,2.57,-0.1,82.1
2013-09-16,3774.73,2.42,4.51,-5.994696782041368,2.76,-0.1,82.1
2013-09-23,3781.59,2.32,4.69,-5.997005557166671,2.37,-0.1,82.1
2013-09-30,3807.75,2.29,4.75,-5.983480624532548,2.26,-0.13,77.5
2013-10-07,3791.87,2.36,4.61,-5.9608697235238575,2.43,-0.13,77.5
2013-10-14,3914.28,2.28,4.53,-5.987668323583032,2.19,-0.13,77.5
2013-10-21,3943.36,2.2,4.4,-6.025225882978563,2.14,-0.13,77.5
2013-10-28,3922.04,2.26,4.36,-5.986754365946649,2.63,-0.03,73.2
2013-11-04,3919.23,2.45,4.38,-5.978317656026846,3.15,-0.03,73.2
2013-11-11,3985.97,2.4,4.38,-6.006332964062305,2.36,-0.03,73.2
2013-11-18,3991.65,2.44,4.3,-5.958651388605125,2.47,-0.03,73.2
2013-11-25,4059.89,2.47,4.23,-5.966506688734634,3.55,-0.03,73.2
2013-12-02,4062.52,2.58,4.13,-5.935762758227586,2.15,-0.1,75.1
2013-12-09,4000.98,2.54,4.12,-5.920950073436782,2.12,-0.1,75.1
2013-12-16,4104.74,2.52,4.04,-5.8968116482242445,2.37,-0.1,75.1
2013-12-23,4156.59,2.62,3.96,-5.882322065255205,2.74,-0.1,75.1
2013-12-30,4131.91,2.6,3.98,-5.911285218080315,2.54,-0.17,82.5
2014-01-06,4174.66,2.49,3.95,-5.921995942033553,2.1,-0.17,82.5
2014-01-13,4197.58,2.44,3.88,-5.925100470689291,1.6,-0.17,82.5
2014-01-21,4128.17,2.38,4.08,-5.9570252929901955,1.7,-0.17,82.5
2014-01-27,4103.88,2.33,4.21,-5.960492485190114,2.21,-0.2,81.2
2014-02-03,4125.86,2.41,4.2,-5.966827943455879,2.1,-0.2,81.2
2014-02-10,4244.03,2.43,4.03,-6.0012192350346485,1.95,-0.2,81.2
2014-02-18,4263.41,2.4,3.9,-5.996919106086255,2.05,-0.2,81.2
2014-02-24,4308.12,2.33,3.81,-6.027361492282169,2.19,-0.1,81.6
2014-03-03,4336.22,2.42,3.79,-6.073339750292354,2.37,-0.1,81.6
2014-03-10,4245.4,2.32,3.92,-6.147139230278215,2.7,-0.1,81.6
2014-03-17,4276.79,2.34,3.79,-6.115460706581505,2.86,-0.1,81.6
2014-03-24,4155.76,2.24,3.77,-6.05337447266977,2.72,-0.1,81.6
2014-03-31,4127.73,2.34,3.64,-6.066723929866746,2.86,0,80
2014-04-07,3999.73,2.28,3.77,-6.072278337938692,2.83,0,80
2014-04-14,4095.52,2.26,3.73,-6.051915291160047,2.7,0,80
2014-04-21,4075.56,2.27,3.66,-6.0314604684065465,2.35,0,80
2014-04-28,4123.9,2.22,3.75,-6.05067026660978,2.7,-0.1,84.1
2014-05-05,4071.87,2.21,3.75,-6.03463215052064,2.8,-0.1,84.1
2014-05-12,4090.59,2.12,3.78,-6.018580070930223,2.9,-0.1,84.1
2014-05-19,4185.81,2.19,3.78,-6.010771826024813,2.43,-0.1,84.1
2014-05-27,4242.62,2.08,3.78,-5.988739531395911,2.74,-0.1,84.1
2014-06-02,4321.4,2.19,3.59,-6.017427427224487,2.69,-0.13,81.9
2014-06-09,4310.65,2.16,3.5,-6.0415977365844284,2.58,-0.13,81.9
2014-06-16,4368.04,2.16,3.39,-6.044494279514114,2.49,-0.13,81.9
2014-06-23,4397.93,2.07,3.47,-6.032286541628237,2.46,-0.13,81.9
2014-06-30,4485.93,2.15,3.46,-5.998150486008818,2.16,-0.2,82.5
2014-07-07,4415.49,2.09,3.62,-6.013998581877805,2.89,-0.2,82.5
2014-07-14,4432.15,2,3.74,-6.019029005177708,2.52,-0.2,82.5
2014-07-21,4449.56,1.99,3.72,-5.99692714965104,2.13,-0.2,82.5
2014-07-28,4352.64,2.05,4.04,-5.9984396974524845,2.53,-0.03,81.8
2014-08-04,4370.9,1.99,4.2,-6.023710403999312,2.87,-0.03,81.8
2014-08-11,4464.93,1.98,3.97,-6.042508052002313,2.63,-0.03,81.8
2014-08-18,4538.55,1.92,3.81,-5.990215522745759,2.54,-0.03,81.8
2014-08-25,4580.27,1.84,3.82,-6.009649716688299,2.63,-0.03,81.8
2014-09-02,4582.9,1.91,3.85,-5.991070085345934,2.75,-0.07,82.5
2014-09-08,4567.6,1.96,4.05,-5.982491527038981,2.56,-0.07,82.5
2014-09-15,4579.79,2.04,3.98,-5.975158951870118,2.45,-0.07,82.5
2014-09-22,4512.19,1.96,4.33,-5.9924523641129035,2.64,-0.07,82.5
2014-09-29,4475.62,1.91,4.42,-5.986030432661473,2.62,-0.07,84.6
2014-10-06,4276.24,1.88,4.52,-5.997787185898552,2.6,-0.07,84.6
2014-10-13,4258.44,1.82,4.98,-6.022281606321063,2.82,-0.07,84.6
2014-10-20,4483.72,1.88,4.38,-6.004045384557715,2.72,-0.07,84.6
2014-10-27,4630.74,1.84,4.35,-5.951968114950006,2.64,-0.07,84.6
2014-11-03,4632.53,1.81,4.36,-5.953224100415652,2.49,-0.13,86.9
2014-11-10,4688.54,1.78,4.43,-5.96401086383541,2.65,-0.13,86.9
2014-11-17,4712.97,1.78,4.54,-5.979100783423813,2.6,-0.13,86.9
2014-11-24,4791.63,1.71,4.64,-6.023534368312464,2.84,-0.13,86.9
2014-12-01,4780.76,1.66,4.77,-6.016472229488918,2.87,-0.1,88.8
2014-12-08,4653.6,1.54,5.47,-6.032286541628237,3.05,-0.1,88.8
2014-12-15,4765.38,1.5,5.09,-6.02738635979577,2.96,-0.1,88.8
2014-12-22,4806.86,1.52,4.93,-6.051545520191738,3.19,-0.1,88.8
2014-12-29,4726.81,1.46,5.08,-6.042660232472832,3.29,-0.1,93.6
2015-01-05,4704.07,1.39,5.2,-6.09016835805632,2.49,-0.1,93.6
2015-01-12,4634.38,1.34,5.42,-6.190161920882627,3.06,-0.1,93.6
2015-01-20,4757.88,1.29,5.3,-6.2475204208826725,2.96,-0.1,93.6
2015-01-26,4635.24,1.21,5.37,-6.23990185320079,2.49,-0.1,93.6
2015-02-02,4744.4,1.3,4.78,-6.168583397105657,2.58,0,98.1
2015-02-09,4893.84,1.36,4.71,-6.154976265777171,2.59,0,98.1
2015-02-17,4955.97,1.46,4.53,-6.140758035103573,3.02,0,98.1
2015-02-23,4963.53,1.37,4.43,-6.110835686757999,2.72,0,98.1
2015-03-02,4927.37,1.51,4.42,-6.1009083208883785,2.32,-0.1,95.4
2015-03-09,4871.76,1.43,4.62,-6.069960955835457,2.16,-0.1,95.4
2015-03-16,5026.42,1.35,4.79,-6.0615675108948475,2.32,-0.1,95.4
2015-03-23,4891.22,1.4,4.74,-6.071965769618338,2.23,-0.1,95.4
2015-03-30,4886.94,1.32,4.86,-6.08506081636488,2.39,-0.03,93
2015-04-06,4995.98,1.41,4.62,-6.088137102307863,2.27,-0.03,93
2015-04-13,4931.81,1.4,4.61,-6.072366516146839,2.1,-0.03,93
2015-04-20,5092.08,1.41,4.55,-6.058150052218156,2.36,-0.03,93
2015-04-27,5005.39,1.47,4.59,-5.993766044096261,2.31,-0.1,95.9
2015-05-04,5003.55,1.55,4.55,-6.009028954366272,2.2,-0.1,95.9
2015-05-11,5048.29,1.67,4.52,-6.037817465054458,2.11,-0.1,95.9
2015-05-18,5089.36,1.59,4.51,-6.059864333944372,2.16,-0.1,95.9
2015-05-26,5070.03,1.51,4.5,-6.07797176477259,1.95,-0.1,95.9
2015-06-01,5068.46,1.65,4.56,-6.072663646113244,1.66,0,90.7
2015-06-08,5051.1,1.66,4.62,-6.087521274166091,2.13,0,90.7
2015-06-15,5117,1.69,4.71,-6.148142198830997,2.13,0,90.7
2015-06-22,5080.51,1.72,4.67,-6.095008325579398,2.06,0,90.7
2015-06-29,5009.21,1.74,4.88,-6.0918239806841905,1.98,-0.07,96.1
2015-07-06,4997.7,1.72,5.11,-6.1231839542503215,1.89,-0.07,96.1
2015-07-13,5210.14,1.69,4.91,-6.116963465131193,1.75,-0.07,96.1
2015-07-20,5088.63,1.57,5.21,-6.121645632772126,2.24,-0.07,96.1
2015-07-27,5128.28,1.56,5.26,-6.13845739103056,1.86,-0.07,96.1
2015-08-03,5043.54,1.52,5.4,-6.150746732743382,1.98,-0.03,93.1
2015-08-10,5048.24,1.47,5.66,-6.159491350760689,1.99,-0.03,93.1
2015-08-17,4706.04,1.4,5.75,-6.221400691653666,2.35,-0.03,93.1
2015-08-24,4828.32,1.5,5.8,-6.1807947340564136,1.89,-0.03,93.1
2015-08-31,4683.92,1.47,5.7,-6.184220232879441,1.55,-0.13,91.9
2015-09-08,4822.34,1.48,5.58,-6.108545391218439,2.28,-0.13,91.9
2015-09-14,4827.23,1.51,5.71,-6.167233528640822,1.52,-0.13,91.9
2015-09-21,4686.5,1.46,6.14,-6.217974442563464,1.98,-0.13,91.9
2015-09-28,4707.78,1.41,6.67,-6.191861559181007,1.81,-0.07,87.2
2015-10-05,4830.47,1.47,6.26,-6.1713494176248815,1.99,-0.07,87.2
2015-10-12,4886.69,1.43,6.26,-6.198967382907739,1.61,-0.07,87.2
2015-10-19,5031.86,1.43,6.1,-6.204170840528653,1.89,-0.07,87.2
2015-10-26,5053.75,1.44,5.89,-6.199521839644735,1.72,-0.07,87.2
2015-11-02,5147.12,1.44,5.82,-6.184452329449837,1.58,-0.1,90
2015-11-09,4927.88,1.42,6.24,-6.211744222844757,1.45,-0.1,90
2015-11-16,5104.92,1.33,6.32,-6.261008664322055,1.24,-0.1,90
2015-11-23,5127.52,1.3,6.38,-6.240941186703745,0.8,-0.1,90
2015-11-30,5142.27,1.32,6.37,-6.25661841979137,1.33,-0.03,91.3
2015-12-07,4933.47,1.25,7.1,-6.230963110459118,1.48,-0.03,91.3
2015-12-14,4923.08,1.22,7.2,-6.222857997894334,0.71,-0.03,91.3
2015-12-21,5048.49,1.22,7.05,-6.227611696220171,0.86,-0.03,91.3
2015-12-28,5007.41,1.21,6.95,-6.207746201873118,1,-0.03,92.6
2016-01-04,4643.63,1.19,7.23,-6.2970674226424075,0.79,-0.03,92.6
2016-01-11,4488.42,1.18,7.89,-6.330084499624556,0.64,-0.03,92.6
2016-01-19,4591.18,1.19,7.87,-6.305299752720117,0.84,-0.03,92.6
2016-01-25,4613.95,1.18,7.74,-6.291766220962536,1.01,-0.03,92.6
2016-02-01,4363.14,1.12,8.1,-6.31082566049112,1.16,-0.03,92
2016-02-08,4337.51,1.03,8.64,-6.414839609684329,1.32,-0.03,92
2016-02-16,4504.43,1,8.23,-6.384735859359216,1.41,-0.03,92
2016-02-22,4590.47,0.96,7.8,-6.353162150466135,1.52,-0.03,92
2016-02-29,4717.02,1,7.08,-6.325562960682567,1.27,-0.03,91.7
2016-03-07,4748.47,1.01,6.82,-6.331468501235852,1.53,-0.03,91.7
2016-03-14,4795.65,1.04,6.82,-6.3090615935436425,1.13,-0.03,91.7
2016-03-21,4773.5,1.01,6.79,-6.30636369950069,1.1,-0.03,91.7
2016-03-28,4914.54,1.05,7.05,-6.337974735911804,0.93,0,91
2016-04-04,4850.69,1,7.11,-6.390198860574725,1.14,0,91
2016-04-11,4938.22,1.03,6.6,-6.351640091577569,1.53,0,91
2016-04-18,4906.23,1.06,6.29,-6.297415464352332,1.46,0,91
2016-04-25,4775.36,1.06,6.19,-6.337075665515752,1.28,0,91
2016-05-02,4736.16,1.04,6.42,-6.398166896326649,1.61,0.03,89
2016-05-09,4717.68,0.99,6.36,-6.4194167971906655,1.31,0.03,89
2016-05-16,4769.56,0.96,6.29,-6.412697015895711,1.67,0.03,89
2016-05-23,4933.5,0.96,6.08,-6.355315667345358,1.43,0.03,89
2016-05-31,4942.52,0.92,6,-6.377093899117546,2.42,-0.03,94.7
2016-06-06,4894.55,0.91,5.86,-6.443125022783482,1.34,-0.03,94.7
2016-06-13,4800.34,0.87,6.32,-6.447784042961846,1.62,-0.03,94.7
2016-06-20,4707.98,0.96,5.83,-6.440278660266398,1.7,-0.03,94.7
2016-06-27,4862.57,0.91,6.21,-6.403523415056998,1.74,-0.03,93.5
2016-07-05,4956.76,0.82,6.02,-6.463118536270921,2.34,-0.03,93.5
2016-07-11,5029.59,0.85,5.44,-6.3874075589017885,1.26,-0.03,93.5
2016-07-18,5100.16,0.87,5.41,-6.3834945448860605,1.62,-0.03,93.5
2016-07-25,5162.13,0.8,5.54,-6.415217408414264,1.95,-0.03,93.5
2016-08-01,5221.12,0.87,5.65,-6.436376517116754,1.83,-0.03,90
2016-08-08,5232.89,0.81,5.31,-6.442004276729571,1.97,-0.03,90
2016-08-15,5238.38,0.82,5.2,-6.431697365022391,1.63,-0.03,90
2016-08-22,5218.92,0.8,5.14,-6.458200273410118,1.76,-0.03,90
2016-08-29,5249.9,0.79,5.12,-6.459044042245836,1.81,0.07,89.8
2016-09-06,5125.91,0.83,4.99,-6.457952445463086,1.72,0.07,89.8
2016-09-12,5244.57,0.97,5.26,-6.407826854601702,1.63,0.07,89.8
2016-09-19,5305.75,0.84,5.09,-6.412780943052101,1.65,0.07,89.8
2016-09-26,5312,0.83,5.09,-6.38996889472084,1.62,0.07,89.8
2016-10-03,5292.4,0.89,4.75,-6.3606903955828145,1.89,0.1,91.2
2016-10-10,5214.16,0.9,4.82,-6.388364292357223,1.91,0.1,91.2
2016-10-17,5257.4,0.92,4.62,-6.408513408989588,1.68,0.1,91.2
2016-10-24,5190.1,0.98,4.69,-6.366613785071412,1.73,0.1,91.2
2016-10-31,5046.37,1.01,5.15,-6.356000345641786,1.96,0.1,87.2
2016-11-07,5237.11,1.23,4.97,-6.190240263695585,2.12,0.1,87.2
2016-11-14,5321.51,1.27,4.84,-6.194095188539912,1.97,0.1,87.2
2016-11-21,5398.92,1.24,4.64,-6.090583737095043,2.33,0.1,87.2
2016-11-28,5255.65,1.29,4.64,-6.106322674466884,2.19,0,93.8
2016-12-05,5444.5,1.32,4.28,-6.084196076695392,2.03,0,93.8
2016-12-12,5437.16,1.32,4.21,-6.094736707025514,2.23,0,93.8
2016-12-19,5462.69,1.33,4.16,-6.125298435323417,2.52,0,93.8
2016-12-27,5383.12,1.25,4.21,-6.13050607525722,3.34,0,93.8
2017-01-03,5521.06,1.2,3.98,-6.133137296356545,2.28,-0.07,98.2
2017-01-09,5574.12,1.19,4.02,-6.097363950996709,1.88,-0.07,98.2
2017-01-17,5555.33,1.28,4.02,-6.129070958885643,2.12,-0.07,98.2
2017-01-23,5660.78,1.27,3.93,-6.0910078408572925,1.48,-0.07,98.2
2017-01-30,5666.77,1.28,3.86,-6.145615226935241,2.45,0,98.5
2017-02-06,5734.13,1.21,3.9,-6.101429690840267,2.77,0,98.5
2017-02-13,5838.58,1.21,3.86,-6.126299577990283,1.87,0,98.5
2017-02-21,5845.31,1.19,3.84,-6.151700088075157,2.28,0,98.5
2017-02-27,5870.75,1.17,3.6,-6.1199652279034,2.36,0.03,96.3
2017-03-06,5861.73,1.22,3.89,-6.137656305798209,2.52,0.03,96.3
2017-03-13,5901,1.18,3.88,-6.124833377755393,2.9,0.03,96.3
2017-03-20,5828.74,1.15,4.11,-6.162334107661672,2.71,0.03,96.3
2017-03-27,5911.74,1.14,3.85,-6.156355778285046,2.92,0.03,96.3
2017-04-03,5877.81,1.1,3.93,-6.163294920354171,2.82,-0.03,96.9
2017-04-10,5805.15,1.04,3.96,-6.217133597578997,2.59,-0.03,96.9
2017-04-17,5910.52,1.03,3.98,-6.230520235081153,2.54,-0.03,96.9
2017-04-24,6047.61,1.05,3.78,-6.187040792180594,2.4,-0.03,96.9
2017-05-01,6100.76,1.04,3.8,-6.184619700259237,2.74,-0.13,97
2017-05-08,6121.23,1.04,3.72,-6.187052834507828,2.67,-0.13,97
2017-05-15,6083.7,0.96,3.85,-6.185404065704244,2.49,-0.13,97
2017-05-22,6210.19,0.95,3.67,-6.202926730047409,2.84,-0.13,97
2017-05-30,6305.8,0.93,3.69,-6.2091162542038445,2.2,-0.13,97.1
2017-06-05,6207.92,0.86,3.76,-6.173502991551628,2.29,-0.13,97.1
2017-06-12,6151.76,0.81,3.72,-6.194516817925224,2.24,-0.13,97.1
2017-06-19,6265.25,0.81,3.87,-6.171305896582648,2.74,-0.13,97.1
2017-06-26,6140.42,0.89,3.76,-6.127402208703103,2.29,-0.13,97.1
2017-07-03,6153.08,0.97,3.78,-6.124700750720838,2.49,-0.03,95
2017-07-10,6312.47,0.98,3.77,-6.122821987923907,2.63,-0.03,95
2017-07-17,6387.75,0.9,3.61,-6.133260591291284,2.49,-0.03,95
2017-07-24,6374.68,0.96,3.55,-6.09488404978354,2.39,-0.03,95
2017-07-31,6351.56,0.9,3.63,-6.08298624566445,2.51,-0.03,93.4
2017-08-07,6256.56,0.87,3.92,-6.096653344726406,2.51,-0.03,93.4
2017-08-14,6216.53,0.87,3.93,-6.085397540023948,2.27,-0.03,93.4
2017-08-21,6265.64,0.86,3.91,-6.058785784293498,2.6,-0.03,93.4
2017-08-28,6435.33,0.79,3.85,-6.056043157243133,2.65,0.03,96.8
2017-09-05,6360.19,0.78,3.88,-6.0963975507149675,2.13,0.03,96.8
2017-09-11,6448.47,0.83,3.74,-6.107852540592601,2.35,0.03,96.8
2017-09-18,6426.92,0.82,3.62,-6.088255591637555,2.39,0.03,96.8
2017-09-25,6495.96,0.86,3.57,-6.074859692334436,2.79,0.03,96.8
2017-10-02,6590.18,0.86,3.52,-6.042390491098977,2.65,-0.03,95.1
2017-10-09,6605.8,0.82,3.56,-6.0315011686794024,2.67,-0.03,95.1
2017-10-16,6629.05,0.75,3.48,-6.002694884637536,2.81,-0.03,95.1
2017-10-23,6701.26,0.83,3.41,-6.015657991961737,2.66,-0.03,95.1
2017-10-30,6764.44,0.74,3.52,-6.009110661136986,2.51,-0.07,100.7
2017-11-06,6750.94,0.73,3.76,-6.02644375803899,2.58,-0.07,100.7
2017-11-13,6782.79,0.62,3.76,-6.046723719846605,2.65,-0.07,100.7
2017-11-20,6889.16,0.59,3.67,-6.006886199956805,2.74,-0.07,100.7
2017-11-27,6847.59,0.59,3.63,-6.027430794180564,2.5,-0.1,98.5
2017-12-04,6840.08,0.58,3.63,-6.038198192310019,2.61,-0.1,98.5
2017-12-11,6936.58,0.51,3.64,-5.994411230242008,2.47,-0.1,98.5
2017-12-18,6959.96,0.57,3.56,-5.978567157544852,2.49,-0.1,98.5
2017-12-26,6903.39,0.51,3.58,-5.983173950087019,2.98,-0.1,98.5
2018-01-02,7136.56,0.51,3.36,-6.014800597072386,2.86,-0.03,95.9
2018-01-08,7261.06,0.56,3.37,-6.027696249151154,2.62,-0.03,95.9
2018-01-16,7336.38,0.58,3.35,-6.036025425635087,2.88,-0.03,95.9
2018-01-22,7505.77,0.53,3.23,-6.046575957397331,3.07,-0.03,95.9
2018-01-29,7240.95,0.69,3.36,-6.039171024394206,2.72,0,95.7
2018-02-05,6874.49,0.78,3.82,-6.0724070539715775,2.33,0,95.7
2018-02-12,7239.47,0.66,3.5,-6.034248598911293,2.69,0,95.7
2018-02-20,7337.39,0.63,3.58,-6.026110309468522,2.57,0,95.7
2018-02-26,7257.87,0.61,3.65,-6.04868519119096,2.58,0,99.7
2018-03-05,7560.81,0.63,3.53,-6.045464634008792,2.59,0,99.7
2018-03-12,7481.99,0.53,3.62,-6.045718057499512,2.34,0,99.7
2018-03-19,6992.67,0.54,3.7,-6.111509565744219,2.54,0,99.7
2018-03-26,7063.44,0.49,3.77,-6.083825715551917,2.47,0,99.7
2018-04-02,6915.11,0.53,3.59,-6.079585601894366,2.47,0,101.4
2018-04-09,7106.65,0.49,3.42,-6.084299863285539,2.39,0,101.4
2018-04-16,7146.13,0.48,3.33,-6.0565262567174445,2.72,0,101.4
2018-04-23,7119.8,0.51,3.43,-6.066444779692545,2.53,0,101.4
2018-04-30,7209.62,0.45,3.5,-6.054650062923574,2.22,-0.07,98.8
2018-05-07,7402.88,0.43,3.41,-6.050812253022623,2.64,-0.07,98.8
2018-05-14,7354.34,0.54,3.36,-6.043846688669034,2.58,-0.07,98.8
2018-05-21,7433.85,0.48,3.49,-6.048844075592261,2.16,-0.07,98.8
2018-05-29,7554.33,0.43,3.63,-6.038662813468665,2.8,-0.1,98
2018-06-04,7645.51,0.43,3.44,-5.978271844231084,2.63,-0.1,98
2018-06-11,7746.38,0.35,3.31,-6.00778789972982,2.74,-0.1,98
2018-06-18,7692.82,0.34,3.39,-6.039751178670907,2.16,-0.1,98
2018-06-25,7510.3,0.32,3.64,-6.047278122090736,2.32,-0.1,98
2018-07-02,7688.39,0.29,3.74,-6.097373779049013,2.74,-0.03,98.2
2018-07-09,7825.98,0.25,3.61,-6.103003021426146,2.62,-0.03,98.2
2018-07-16,7820.2,0.24,3.59,-6.101883004502157,2.5,-0.03,98.2
2018-07-23,7737.42,0.29,3.42,-6.078728687772357,2.49,-0.03,98.2
2018-07-30,7812.01,0.32,3.43,-6.092727662323672,2.37,0,97.9
2018-08-06,7839.11,0.29,3.38,-6.096916216314023,2.51,0,97.9
2018-08-13,7816.33,0.24,3.49,-6.110219174349932,2.72,0,97.9
2018-08-20,7945.98,0.21,3.47,-6.107662258007019,2.64,0,97.9
2018-08-27,8109.54,0.22,3.44,-6.113191705951731,2.83,0,97.9
2018-09-04,7902.54,0.24,3.52,-6.126282052277897,3.67,0.03,96.2
2018-09-10,8010.04,0.21,3.35,-6.117944016867681,3.07,0.03,96.2
2018-09-17,7986.96,0.26,3.25,-6.041212466040501,2.93,0.03,96.2
2018-09-24,8046.35,0.23,3.25,-6.055501605635797,2.93,0.03,96.2
2018-10-01,7788.45,0.32,3.29,-6.078415601371006,2.82,-0.07,100.1
2018-10-08,7496.89,0.29,3.58,-6.078446167063791,3.05,-0.07,100.1
2018-10-15,7449.03,0.3,3.51,-6.091980734541374,2.74,-0.07,100.1
2018-10-22,7167.21,0.28,3.72,-6.111150995306231,2.51,-0.07,100.1
2018-10-29,7356.99,0.3,3.81,-6.085332485192197,2.92,-0.07,98.6
2018-11-05,7406.9,0.25,3.71,-6.109723453046971,2.7,-0.07,98.6
2018-11-12,7247.87,0.27,4.18,-6.079978576337895,2.75,-0.07,98.6
2018-11-19,6938.98,0.24,4.29,-6.091642671258825,2.56,-0.07,98.6
2018-11-26,7330.54,0.21,4.29,-6.086366979709919,2.95,-0.07,97.5
2018-12-03,6969.25,0.13,4.5,-6.117927166193893,2.76,-0.07,97.5
2018-12-10,6910.66,0.16,4.46,-6.107858987135681,2.77,-0.07,97.5
2018-12-17,6332.99,0.16,5.22,-6.153782446677334,2.86,-0.07,97.5
2018-12-24,6584.52,0.2,5.3,-6.170580025174793,2.65,-0.07,97.5
2018-12-31,6738.86,0.17,5.05,-6.185520573214162,2.32,0.07,98.3
2019-01-07,6971.48,0.16,4.55,-6.182932105348479,2.09,0.07,98.3
2019-01-14,7157.23,0.17,4.27,-6.156380381064429,2.17,0.07,98.3
2019-01-22,7164.86,0.16,4.34,-6.164721694172747,2.57,0.07,98.3
2019-01-28,7263.87,0.18,4.29,-6.16704689388241,2.44,0.13,91.2
2019-02-04,7298.2,0.18,4.32,-6.1508876023333485,2.2,0.13,91.2
2019-02-11,7472.41,0.14,4.12,-6.157893101166774,1.8,0.13,91.2
2019-02-19,7527.54,0.17,4.05,-6.112723755713971,1.98,0.13,91.2
2019-02-25,7595.35,0.21,3.86,-6.093819185383008,2.41,0.17,93.8
2019-03-04,7408.14,0.17,4.18,-6.107114094856934,2.16,0.17,93.8
2019-03-11,7688.53,0.17,3.95,-6.105570263060795,2.17,0.17,93.8
2019-03-18,7642.67,0.13,3.92,-6.134852655259687,2.13,0.17,93.8
2019-03-25,7729.32,0.16,4.08,-6.091916920350534,1.94,0.17,93.8
2019-04-01,7938.69,0.18,3.9,-6.103916802760252,2.21,0.13,98.4
2019-04-08,7984.16,0.16,3.79,-6.085972084322987,2.31,0.13,98.4
2019-04-15,7998.06,0.19,3.67,-6.079901847624544,2.1,0.13,98.4
2019-04-22,8146.4,0.21,3.75,-6.101422136343913,2.48,0.13,98.4
2019-04-29,8164,0.2,3.74,-6.119248254383555,2.2,0,97.2
2019-05-06,7916.94,0.19,3.99,-6.139909408834696,2.2,0,97.2
2019-05-13,7816.28,0.2,4.06,-6.143840001302605,2.06,0,97.2
2019-05-20,7637.01,0.19,4.22,-6.164357338559498,1.89,0,97.2
2019-05-28,7453.15,0.16,4.33,-6.207842841347131,1.94,0,97.2
2019-06-03,7742.1,0.24,4.42,-6.238933977881078,2.07,-0.07,100
2019-06-10,7796.66,0.27,4.24,-6.236983761661658,1.97,-0.07,100
2019-06-17,8031.71,0.29,4.03,-6.249381889294535,2.03,-0.07,100
2019-06-24,8006.24,0.27,4.09,-6.255726345351665,2.14,-0.07,100
2019-07-01,8161.79,0.19,4.02,-6.2655969496283275,1.98,-0.03,98.2
2019-07-08,8244.14,0.28,4,-6.261876973094075,2.23,-0.03,98.2
2019-07-15,8146.49,0.27,4.11,-6.250609774506071,1.8,-0.03,98.2
2019-07-22,8330.21,0.22,3.93,-6.270238343344384,2.07,-0.03,98.2
2019-07-29,8004.07,0.17,4.1,-6.339988531991813,1.88,0.03,98.4
2019-08-05,7959.14,0.1,4.31,-6.367599357829715,2.07,0.03,98.4
2019-08-12,7895.99,0.04,4.52,-6.375244717986597,1.84,0.03,98.4
2019-08-19,7751.77,0.01,4.16,-6.409758735476599,1.78,0.03,98.4
2019-08-26,7962.88,-0.03,4.08,-6.3959493590882355,1.84,0.03,98.4
2019-09-03,8103.07,0.02,4.07,-6.3549970931767685,1.62,0.07,89.8
2019-09-09,8176.71,0.07,3.85,-6.319820427512859,1.88,0.07,89.8
2019-09-16,8117.67,0.05,3.77,-6.3652283971397665,1.76,0.07,89.8
2019-09-23,7939.63,0.04,3.95,-6.362928533351697,1.54,0.07,89.8
2019-09-30,7982.47,0.15,4.4,-6.380800273286263,1.78,0,93.2
2019-10-07,8057.04,0.14,4.26,-6.339435434260648,1.71,0,93.2
2019-10-14,8089.54,0.16,4,-6.340016681216778,1.63,0,93.2
2019-10-21,8243.12,0.19,3.96,-6.332611214097236,1.71,0,93.2
2019-10-28,8386.4,0.17,4.15,-6.345100577431017,1.68,-0.03,95.5
2019-11-04,8475.31,0.26,4,-6.301613261124554,1.76,-0.03,95.5
2019-11-11,8540.83,0.23,4.06,-6.321975696343552,1.71,-0.03,95.5
2019-11-18,8519.88,0.16,4.13,-6.31484979507029,1.58,-0.03,95.5
2019-11-25,8665.47,0.17,4.01,-6.315962856101441,2.62,-0.03,95.5
2019-12-02,8656.53,0.23,3.89,-6.28721035039206,1.21,-0.07,96.8
2019-12-09,8734.88,0.21,3.71,-6.2777972737876295,1.23,-0.07,96.8
2019-12-16,8924.96,0.29,3.53,-6.268645308363189,1.61,-0.07,96.8
2019-12-23,9006.62,0.29,3.56,-6.285114814338228,2.05,-0.07,96.8
2019-12-30,9020.77,0.27,3.61,-6.32259165099494,2.06,0,99.3
2020-01-06,9178.86,0.27,3.48,-6.318075940862007,1.76,0,99.3
2020-01-13,9388.94,0.26,3.39,-6.306894590386095,1.32,0,99.3
2020-01-21,9314.91,0.21,3.68,-6.372732138624757,1.61,0,99.3
2020-01-27,9150.94,0.18,4.03,-6.447099951378873,1.68,0,99.8
2020-02-03,9520.51,0.18,3.75,-6.423725023635796,2.02,0,99.8
2020-02-10,9731.18,0.17,3.56,-6.413903458363953,1.94,0,99.8
2020-02-18,9576.59,0.12,3.66,-6.449219385511842,1.67,0,99.8
2020-02-24,8567.37,0.27,5.04,-6.424562694368996,1.6,0,99.8
2020-03-02,8575.62,0.25,5.64,-6.481812447561942,1.61,0,101
2020-03-09,7874.88,0.38,7.42,-6.422506155386078,1.37,0,101
2020-03-16,6879.52,0.68,9.82,-6.527482481690707,1.27,0,101
2020-03-23,7502.38,0.53,9.29,-6.617614692692149,-0.9,0,101
2020-03-30,7373.08,0.4,9.17,-6.620878659337136,-3.64,0.3,89.1
2020-04-06,8153.58,0.5,8.81,-6.6538262384120594,-5.52,0.3,89.1
2020-04-13,8650.14,0.41,7.58,-6.585605238891612,-7.52,0.3,89.1
2020-04-20,8634.52,0.39,7.87,-6.610240398367474,-7.95,0.3,89.1
2020-04-27,8604.95,0.44,7.63,-6.600799850909915,-8.09,4,71.8
2020-05-04,9121.32,0.5,7.6,-6.568561136846039,-8.11,4,71.8
2020-05-11,9014.56,0.47,7.77,-6.624881765597031,-7.29,4,71.8
2020-05-18,9324.59,0.51,7.08,-6.589222977838027,-7.31,4,71.8
2020-05-26,9489.87,0.53,6.6,-6.5823043352544675,-6.87,4,71.8
2020-06-01,9814.08,0.63,5.83,-6.490085294964609,-6.66,7.27,72.3
2020-06-08,9588.81,0.47,6.4,-6.5045760178724175,-6.31,7.27,72.3
2020-06-15,9946.12,0.52,6.01,-6.509350595204243,-5.62,7.27,72.3
2020-06-22,9757.22,0.51,6.3,-6.506587056149934,-5.05,7.27,72.3
2020-06-29,10207.63,0.52,6.33,-6.478915590516222,-4.86,9.5,78.1
2020-07-06,10617.44,0.46,6.14,-6.432748646500999,-4.38,9.5,78.1
2020-07-13,10503.19,0.46,5.76,-6.434820865809421,-4.17,9.5,78.1
2020-07-20,10363.18,0.43,5.26,-6.48617132918409,-4.84,9.5,78.1
2020-07-27,10745.27,0.44,5.14,-6.540212568132745,-4.25,9.5,78.1
2020-08-03,11010.98,0.44,5.06,-6.587868112749855,-3.99,8,72.5
2020-08-10,11019.3,0.55,5.16,-6.525010168854997,-3.56,8,72.5
2020-08-17,11311.8,0.52,5.28,-6.503317920193625,-3.54,8,72.5
2020-08-24,11695.63,0.58,4.98,-6.483181788376122,-2.82,8,72.5
2020-08-31,11313.1345,0.5,5.04,-6.44843248567256,-2.21,6.37,74.1
2020-09-08,10853.5452,0.54,5.16,-6.462814119975911,-2.3,6.37,74.1
2020-09-14,10793.2819,0.56,5.14,-6.4452204792175545,-3.38,6.37,74.1
2020-09-21,10913.5618,0.53,5.64,-6.4428145437086135,-2.42,6.37,74.1
2020-09-28,11075.0163,0.54,5.36,-6.462517164176751,-2.45,5.3,80.4
2020-10-05,11579.9436,0.65,4.97,-6.437563473070401,-2.1,5.3,80.4
2020-10-12,11671.5553,0.6,5.01,-6.432109028181603,-1.75,5.3,80.4
2020-10-19,11548.2816,0.71,4.88,-6.41162880423996,-1.84,5.3,80.4
2020-10-26,10911.5909,0.69,5.25,-6.424652280546626,-1.36,5.3,80.4
2020-11-02,11895.2296,0.67,4.67,-6.427784578096309,-1.15,4.2,81.8
2020-11-09,11829.2855,0.72,4.63,-6.38606743399526,-1.08,4.2,81.8
2020-11-16,11854.9697,0.67,4.49,-6.343784839464712,-1.16,4.2,81.8
2020-11-23,12205.8463,0.68,4.35,-6.2599995929651895,-1.09,4.2,81.8
2020-11-30,12464.2321,0.81,4.03,-6.257782268371238,-0.42,3.63,76.9
2020-12-07,12377.8721,0.79,4.13,-6.2587443227018085,-0.73,3.63,76.9
2020-12-14,12755.6379,0.82,4.03,-6.253828811575473,-0.91,3.63,76.9
2020-12-21,12804.734,0.81,4.05,-6.2702651909112435,-0.29,3.63,76.9
2020-12-28,12888.2824,0.8,3.86,-6.288850028233316,0.92,3.23,80.7
2021-01-04,13201.9754,0.99,3.76,-6.213872834306717,-0.28,3.23,80.7
2021-01-11,12998.5023,0.98,3.74,-6.230527352779878,0.32,3.23,80.7
2021-01-19,13543.0616,0.97,3.75,-6.238156553828634,0.33,3.23,80.7
2021-01-25,13070.6945,1,3.79,-6.254466749436013,0.41,3.23,80.7
2021-02-01,13856.2956,1.1,3.58,-6.214608098422191,-0.03,3.03,79
2021-02-08,14095.4741,1.09,3.48,-6.1765103026076424,-0.02,3.03,79
2021-02-16,13874.4628,1.23,3.41,-6.078281583499761,0.53,3.03,79
2021-02-22,13192.3454,1.3,3.52,-6.046026774929524,-0.91,3.03,79
2021-03-01,12920.1477,1.42,3.6,-6.032507349048264,0.14,2.87,76.8
2021-03-08,13319.8647,1.5,3.55,-6.029267496139573,1.02,2.87,76.8
2021-03-15,13215.235,1.55,3.66,-6.048464237489452,1.21,2.87,76.8
2021-03-22,13138.725,1.49,3.53,-6.054053806098582,3.85,2.87,76.8
2021-03-29,13480.1055,1.58,3.36,-6.071034867723852,6.61,2.33,84.9
2021-04-05,13900.1853,1.5,3.21,-6.068150522914361,8.27,2.33,84.9
2021-04-12,14052.3421,1.4,3.25,-6.057044692073766,10.27,2.33,84.9
2021-04-19,14016.8081,1.41,3.34,-6.01617965967023,10.22,2.33,84.9
2021-04-26,13962.6812,1.49,3.24,-5.980493664334883,10.55,2.33,84.9
2021-05-03,13752.2367,1.42,3.3,-5.954952597446033,10.57,-0.07,88.3
2021-05-10,13429.9784,1.5,3.37,-5.978653214825311,9.84,-0.07,88.3
2021-05-17,13470.9925,1.48,3.42,-6.037423958493221,9.86,-0.07,88.3
2021-05-24,13748.7386,1.47,3.3,-6.009630976310931,9.77,-0.07,88.3
2021-06-01,13814.4889,1.47,3.28,-6.034888585037747,9.84,-0.13,82.9
2021-06-07,14069.4234,1.31,3.23,-6.026438067637692,8.24,-0.13,82.9
2021-06-14,14030.3758,1.29,3.15,-6.053376033889285,9.02,-0.13,82.9
2021-06-21,14360.3877,1.23,3.08,-6.026379099039123,8.69,-0.13,82.9
2021-06-28,14639.325,1.23,3.02,-6.033202866295669,8.27,-0.03,85.5
2021-07-06,14701.9189,1.11,3.14,-6.0322727341459625,8.63,-0.03,85.5
2021-07-12,14427.2369,1.08,3.14,-6.039891141013456,6.81,-0.03,85.5
2021-07-19,14836.9911,1.07,3.24,-6.014936903293124,7.43,-0.03,85.5
2021-07-26,14672.6776,1.08,3.23,-6.004871207388097,7.34,-0.03,85.5
2021-08-02,14835.7618,1.02,3.37,-6.0051129330277515,7.29,-0.23,81.2
2021-08-09,14822.8976,1.13,3.34,-6.003686041312004,6.69,-0.23,81.2
2021-08-16,14714.6631,1.02,3.42,-6.06664242566068,7.1,-0.23,81.2
2021-08-23,15129.5011,1.09,3.2,-6.043408897314011,6.45,-0.23,81.2
2021-08-30,15363.5159,1.09,3.16,-6.047600159440952,7.1,-0.2,70.3
2021-09-07,15115.4944,1.07,3.15,-5.997789962136045,6.78,-0.2,70.3
2021-09-13,15043.9675,1.11,3.06,-6.02219338380706,6.8,-0.2,70.3
2021-09-20,15047.699,1.14,3.03,-6.013104792600801,6.65,-0.2,70.3
2021-09-27,14566.6971,1.24,3.15,-6.039816909037629,6.65,-0.37,72.8
2021-10-04,14579.5373,1.26,3.19,-6.01868966844787,6.68,-0.37,72.8
2021-10-11,14897.3397,1.16,3.18,-5.923954423389843,6.11,-0.37,72.8
2021-10-18,15090.2004,1.23,3.03,-5.989851419237666,6.55,-0.37,72.8
2021-10-25,15498.3885,1.07,3.08,-6.012252019314618,5.58,-0.37,72.8
2021-11-01,15971.5882,1.12,3.19,-6.036266637238664,5.94,-0.27,71.7
2021-11-08,15860.9577,1.05,3.09,-6.0400995186107584,5.48,-0.27,71.7
2021-11-15,16057.4375,1.02,3.24,-6.040497773867227,5.45,-0.27,71.7
2021-11-22,15491.6568,0.98,3.62,-6.032683334612542,5.86,-0.27,71.7
2021-11-29,15085.4715,0.75,3.56,-6.035646253551359,6.44,-0.33,67.4
2021-12-06,15630.601,0.81,3.29,-6.031591093981649,5.72,-0.33,67.4
2021-12-13,15169.6821,0.75,3.36,-6.0408089121339845,6.22,-0.33,67.4
2021-12-20,15653.374,0.79,3.12,-6.02212236890285,5.48,-0.33,67.4
2021-12-27,15644.9707,0.79,3.1,-6.015372714093046,6.36,-0.27,70.6
2022-01-03,14935.9017,0.89,3.2,-6.010221765765518,5.55,-0.27,70.6
2022-01-10,14893.7527,0.79,3.09,-6.018414039797535,4.6,-0.27,70.6
2022-01-18,13768.9218,0.74,3.29,-6.003657810715013,4.93,-0.27,70.6
2022-01-24,13770.5733,0.63,3.61,-6.027131747152082,5.04,-0.27,70.6
2022-01-31,14098.0067,0.62,3.56,-5.998570161549913,5.42,-0.2,67.2
2022-02-07,13791.154,0.42,3.66,-6.013251662148119,5.23,-0.2,67.2
2022-02-14,13548.0657,0.45,3.78,-6.041102528199754,5.12,-0.2,67.2
2022-02-22,13694.6244,0.42,3.62,-6.042322964341473,6.23,-0.2,67.2
2022-02-28,13313.438,0.24,3.9,-5.987202312118816,5.2,-0.13,62.8
2022-03-07,12843.8081,0.25,4.05,-6.0617897198920545,4.77,-0.13,62.8
2022-03-14,13893.8373,0.26,3.81,-6.008980876897968,4.72,-0.13,62.8
2022-03-21,14169.2999,0.21,3.67,-6.03049287266926,4.91,-0.13,62.8
2022-03-28,14261.4998,0.04,3.43,-6.016892992034593,4.43,-0.1,59.4
2022-04-04,13710.996,0.19,3.54,-6.020458130826142,4.71,-0.1,59.4
2022-04-11,13351.0789,0.33,3.77,-6.035722992914889,4.43,-0.1,59.4
2022-04-18,12839.2932,0.22,3.5,-6.045474327484921,4.45,-0.1,59.4
2022-04-25,12334.64,0.22,3.83,-6.072213681990028,4.37,-0.1,59.4
2022-05-02,12144.6619,0.34,4.03,-6.089604305321124,4.47,-0.13,65.2
2022-05-09,11805.0015,0.28,4.77,-6.070972796000447,4.36,-0.13,65.2
2022-05-16,11354.6171,0.21,4.92,-6.0658774017694475,4.26,-0.13,65.2
2022-05-23,12131.1311,0.29,4.38,-6.066753589946205,3.67,-0.13,65.2
2022-05-31,12012.7339,0.27,4.15,-6.02521328448442,3.62,-0.07,58.4
2022-06-06,11340.0244,0.21,4.42,-6.0792954352978,3.96,-0.07,58.4
2022-06-13,10798.3495,0.14,5.17,-6.128183205815262,2.92,-0.07,58.4
2022-06-21,11607.6204,0.08,5.38,-6.193015874495594,3.38,-0.07,58.4
2022-06-27,11127.8451,0.06,5.87,-6.2143305904420565,3.12,0,50
2022-07-05,11635.3079,-0.02,5.5,-6.203932348354845,3.53,0,50
2022-07-11,11452.4211,-0.19,5.53,-6.266779176894143,3.01,0,50
2022-07-18,11834.1118,-0.19,4.99,-6.24556158588,3.33,0,50
2022-07-25,12390.6879,-0.17,4.98,-6.211833860608647,3.45,0,50
2022-08-01,12657.5547,-0.35,4.55,-6.223130240154622,3.26,-0.03,51.5
2022-08-08,13047.1859,-0.36,4.21,-6.204333331682479,3.46,-0.03,51.5
2022-08-15,12705.2151,-0.34,4.37,-6.1760235589079295,3.29,-0.03,51.5
2022-08-22,12141.7102,-0.32,4.6,-6.15973509471767,3.18,-0.03,51.5
2022-08-29,11630.8645,-0.25,5.08,-6.223851898478875,2.9,0.03,58.2
2022-09-06,12112.307,-0.19,4.8,-6.183061896600774,3.13,0.03,58.2
2022-09-12,11448.4037,-0.42,4.77,-6.171164061835193,2.93,0.03,58.2
2022-09-19,10867.9262,-0.41,4.91,-6.205050152436615,2.21,0.03,58.2
2022-09-26,10575.6187,-0.4,5.5,-6.194330633133569,3.03,0.03,58.2
2022-10-03,10652.4047,-0.4,4.95,-6.224042269289401,2.57,0,58.6
2022-10-10,10321.3882,-0.5,5.25,-6.177200258327942,2.22,0,58.6
2022-10-17,10859.7156,-0.38,4.89,-6.166890894185864,2.17,0,58.6
2022-10-24,11102.452,-0.34,4.76,-6.173105401780063,2.58,0,58.6
2022-10-31,10475.2544,-0.57,4.81,-6.119845713756189,2.61,0.07,59.9
2022-11-07,11323.3309,-0.52,4.81,-6.1139636707865295,2.39,0.07,59.9
2022-11-14,11146.0626,-0.69,4.65,-6.180098736364632,1.99,0.07,59.9
2022-11-21,11226.3558,-0.74,4.52,-6.181110467155922,1.66,0.07,59.9
2022-11-28,11461.4972,-0.77,4.5,-6.152658095364688,1.92,0.07,56.7
2022-12-05,11004.6174,-0.76,4.46,-6.146020308877808,1.59,0.07,56.7
2022-12-12,10705.4141,-0.69,4.67,-6.170835234804846,1.06,0.07,56.7
2022-12-19,10497.8629,-0.56,4.59,-6.1605058717260714,1.82,0.07,56.7
2022-12-27,10466.4817,-0.53,4.79,-6.172232170058205,2.22,0.07,56.7
2023-01-03,10569.2939,-0.69,4.47,-6.169740173397852,1.75,0.03,59.8
2023-01-09,11079.1566,-0.73,4.21,-6.12207867869932,1.23,0.03,59.8
2023-01-17,11140.4344,-0.66,4.35,-6.11707034238657,1.38,0.03,59.8
2023-01-23,11621.7095,-0.67,4.23,-6.124536983036635,1.25,0.03,59.8
2023-01-30,12006.9547,-0.77,3.95,-6.136896375002967,1.5,-0.07,64.9
2023-02-06,11718.1197,-0.76,4.24,-6.145686359544237,1.37,-0.07,64.9
2023-02-13,11787.2718,-0.78,4.38,-6.109991021948113,1.28,-0.07,64.9
2023-02-21,11394.9417,-0.83,4.28,-6.13077532276939,1.42,-0.07,64.9
2023-02-27,11689.0057,-0.89,4.05,-6.122518691441038,1.44,0,66.9
2023-03-06,11138.8876,-0.9,4.61,-6.138304823790773,1.08,0,66.9
2023-03-13,11630.5134,-0.58,4.93,-6.228512270376886,1.29,0,66.9
2023-03-20,11823.9601,-0.38,5.1,-6.187898729619067,1.38,0,66.9
2023-03-27,12221.9067,-0.55,4.74,-6.184333934741153,1.73,0,66.9
2023-04-03,12087.9565,-0.49,4.84,-6.223854226041086,1.89,0,62
2023-04-10,12123.4655,-0.51,4.49,-6.196200333722667,1.3,0,62
2023-04-17,12072.4563,-0.6,4.54,-6.214859323144026,1.14,0,62
2023-04-24,12226.5838,-0.54,4.48,-6.241914674186849,1.4,0,62
2023-05-01,12235.4128,-0.38,4.95,-6.256618158481384,1.2,0,63.7
2023-05-08,12284.7432,-0.5,4.81,-6.294747767590744,1.38,0,63.7
2023-05-15,12657.8973,-0.59,4.69,-6.274715595190052,1.07,0,63.7
2023-05-22,12975.6875,-0.67,4.58,-6.269201211290894,1.4,0,63.7
2023-05-30,13240.7659,-0.72,4.65,-6.269847987773432,1.2,0.03,59
2023-06-05,13259.1432,-0.79,4.39,-6.25733484939634,1.21,0.03,59
2023-06-12,13689.5713,-0.9,4.21,-6.22824571816559,1.21,0.03,59
2023-06-20,13492.5161,-0.97,4.3,-6.229146311077647,1.43,0.03,59
2023-06-26,13787.9227,-1.02,4.14,-6.240678382900509,1.52,0.03,59
2023-07-03,13660.716,-0.94,4.1,-6.236316810225311,1.4,0.07,64.2
2023-07-10,14113.7032,-0.83,3.97,-6.213539640715417,1.44,0.07,64.2
2023-07-17,14032.8052,-0.95,3.9,-6.2443347170425,1.64,0.07,64.2
2023-07-24,14316.6576,-0.9,3.78,-6.233104014459249,1.32,0.07,64.2
2023-07-31,13909.2384,-0.7,3.98,-6.236272180849673,1.87,0.1,71.5
2023-08-07,13644.8493,-0.73,3.83,-6.260384725049461,1.56,0.1,71.5
2023-08-14,13290.7764,-0.64,3.95,-6.248302756957441,1.23,0.1,71.5
2023-08-21,13590.6464,-0.75,3.91,-6.245440973458222,1.92,0.1,71.5
2023-08-28,14031.8145,-0.76,3.85,-6.235723162001804,1.99,0.13,69.4
2023-09-05,13761.5255,-0.67,3.9,-6.259051671861524,1.9,0.13,69.4
2023-09-11,13708.3346,-0.71,3.78,-6.238369842380777,2.07,0.13,69.4
2023-09-18,13211.8069,-0.63,3.89,-6.26607453799241,2.39,0.13,69.4
2023-09-25,13219.3218,-0.45,4.09,-6.213189031822621,1.69,0.13,69.4
2023-10-02,13431.3411,-0.31,4.38,-6.231799245907459,1.81,0.2,67.8
2023-10-09,13407.2344,-0.36,4.25,-6.29837048055941,2.13,0.2,67.8
2023-10-16,12983.8072,-0.16,4.37,-6.327495645585649,2.1,0.2,67.8
2023-10-23,12643.011,-0.16,4.5,-6.306521501894907,2.16,0.2,67.8
2023-10-30,13478.2828,-0.31,4.15,-6.297182101694108,2,0.33,63.8
2023-11-06,13798.1078,-0.43,4.03,-6.291940783156392,2.08,0.33,63.8
2023-11-13,14125.4814,-0.44,3.99,-6.27453858674038,2.15,0.33,63.8
2023-11-20,14250.8549,-0.45,3.85,-6.270299203629355,2.03,0.33,63.8
2023-11-27,14305.0323,-0.34,3.87,-6.275754761536619,1.92,0.3,61.3
2023-12-04,14403.9725,-0.48,3.75,-6.265130961656664,2.28,0.3,61.3
2023-12-11,14813.9198,-0.53,3.51,-6.2600573349981525,2.17,0.3,61.3
2023-12-18,14992.9726,-0.41,3.39,-6.272611225813706,2.05,0.3,61.3
2023-12-26,15011.3524,-0.35,3.34,-6.277635389549154,2.49,0.3,61.3
2024-01-02,14524.0732,-0.35,3.68,-6.288918737523505,2.11,0.23,69.7
2024-01-08,14972.7595,-0.18,3.56,-6.30715596318479,2.52,0.23,69.7
2024-01-16,15310.9679,-0.24,3.54,-6.2840040754111826,1.85,0.23,69.7
2024-01-22,15455.3635,-0.19,3.39,-6.260922768704426,1.5,0.23,69.7
2024-01-29,15628.9543,-0.33,3.47,-6.286755307645246,1.5,0.2,79
2024-02-05,15990.664,-0.31,3.33,-6.316747350976459,2.14,0.2,79
2024-02-12,15775.6544,-0.34,3.34,-6.2677987710156735,1.54,0.2,79
2024-02-20,15996.8231,-0.41,3.23,-6.269467192730436,1.63,0.2,79
2024-02-26,16274.9416,-0.35,3.32,-6.296587196398716,1.75,0.27,76.9
2024-03-04,16085.1131,-0.39,3.26,-6.3308052268860635,2.18,0.27,76.9
2024-03-11,15973.1739,-0.39,3.15,-6.261612903789037,1.78,0.27,76.9
2024-03-18,16428.8185,-0.35,3.05,-6.2896958951766395,1.66,0.27,76.9
2024-03-25,16379.4583,-0.34,3.15,-6.325473772257209,1.83,0.27,76.9
2024-04-01,16248.5202,-0.34,3.24,-6.316591814287804,1.89,0.3,79.4
2024-04-08,16175.0941,-0.37,3.16,-6.323456711682624,1.77,0.3,79.4
2024-04-15,15282.0097,-0.34,3.39,-6.285435861341247,1.89,0.3,79.4
2024-04-22,15927.9003,-0.26,3.24,-6.242778975388888,1.74,0.3,79.4
2024-04-29,16156.328,-0.29,3.16,-6.2277320468990665,1.8,0.37,77.2
2024-05-06,16340.8686,-0.35,3.14,-6.233200931498808,1.5,0.37,77.2
2024-05-13,16685.966,-0.4,3.08,-6.171059618138088,2.03,0.37,77.2
2024-05-20,16920.7944,-0.44,3.1,-6.196671825594044,1.86,0.37,77.2
2024-05-28,16735.0153,-0.37,3.19,-6.233890782474231,2.51,0.37,77.2
2024-06-03,17133.1259,-0.44,3.2,-6.251071326611491,2.05,0.37,69.1
2024-06-10,17688.8821,-0.44,3.2,-6.258821887136136,2.38,0.37,69.1
2024-06-17,17689.3607,-0.45,3.23,-6.263033709968704,2.24,0.37,69.1
2024-06-24,17732.6027,-0.41,3.21,-6.278064399193836,2.17,0.37,69.1
2024-07-01,18352.7589,-0.35,3.25,-6.2449679888513066,2.39,0.43,68.2
2024-07-08,18398.4455,-0.3,3.18,-6.267278628178914,2.68,0.43,68.2
2024-07-15,17726.9398,-0.26,3.09,-6.339111489349572,1.83,0.43,68.2
2024-07-22,17357.8816,-0.14,3.08,-6.358452280332149,2,0.43,68.2
2024-07-29,16776.1636,-0.17,3.35,-6.400174041223673,1.71,0.53,66.4
2024-08-05,16745.3021,-0.05,3.48,-6.428806173226873,1.85,0.53,66.4
2024-08-12,17631.7204,-0.16,3.31,-6.4175120016558544,2.01,0.53,66.4
2024-08-19,17877.7937,-0.13,3.21,-6.40707401188164,2.04,0.53,66.4
2024-08-26,17713.6241,0,3.15,-6.397206636126019,1.99,0.53,66.4
2024-09-03,16690.8319,-0.02,3.29,-6.429335332550202,2.36,0.57,67.9
2024-09-09,17683.9761,0.04,3.39,-6.42375423585231,2.02,0.57,67.9
2024-09-16,17948.3208,0.14,3.1,-6.4123145740556255,2.05,0.57,67.9
2024-09-23,18119.5897,0.19,3.14,-6.363174285657405,2.41,0.57,67.9
2024-09-30,18137.8494,0.15,3.04,-6.368621346106354,2.09,0.5,70.1
2024-10-07,18342.937,0.11,2.99,-6.389558614471556,2.24,0.5,70.1
2024-10-14,18489.5531,0.13,2.89,-6.4339812939417325,1.95,0.5,70.1
2024-10-21,18518.6063,0.14,2.93,-6.446150101444826,1.73,0.5,70.1
2024-10-28,18239.9174,0.12,2.88,-6.443959039608641,2.13,0.43,70.5
2024-11-04,19286.777,0.04,2.63,-6.439069870144333,1.66,0.43,70.5
2024-11-11,18680.1209,0.12,2.72,-6.449409353433618,2.06,0.43,70.5
2024-11-18,19003.6511,0.04,2.61,-6.497948896258414,1.89,0.43,70.5
2024-11-25,19218.1662,0.05,2.72,-6.473249350398737,3.21,0.43,70.5
2024-12-02,19859.7736,0.05,2.67,-6.451680169987554,1.73,0.43,71.8
2024-12-09,19926.724,0.15,2.68,-6.457633695688065,2.18,0.43,71.8
2024-12-16,19572.597,0.22,2.86,-6.469355233266762,2.79,0.43,71.8
2024-12-23,19722.0308,0.31,2.84,-6.45912281533418,2.48,0.43,71.8
2024-12-30,19621.6771,0.32,2.81,-6.4795843521728544,2.71,0.4,74
2025-01-06,19161.6275,0.37,2.81,-6.447002409508553,1.98,0.4,74
2025-01-13,19630.1987,0.34,2.64,-6.444463650861114,2.28,0.4,74
2025-01-21,19954.3011,0.36,2.6,-6.466323587978295,2.81,0.4,74
2025-01-27,19627.4415,0.36,2.68,-6.4960778787271725,2.8,0.37,71.7
2025-02-03,19523.4018,0.2,2.67,-6.444518850852309,2.4,0.37,71.7
2025-02-10,20026.7734,0.21,2.62,-6.432726718738733,2.55,0.37,71.7
2025-02-18,19524.005,0.23,2.78,-6.473321983658716,2.51,0.37,71.7
2025-02-24,18847.279,0.25,2.87,-6.439860243032161,2.43,0.27,64.7
2025-03-03,18196.2212,0.33,2.97,-6.4276283952279165,2.26,0.27,64.7
2025-03-10,17754.086,0.33,3.4,-6.418315621901094,2.61,0.27,64.7
2025-03-17,17784.0512,0.29,3.17,-6.381591477845694,2.34,0.27,64.7
2025-03-24,17322.9909,0.41,3.27,-6.408654027684631,2.09,0.27,64.7
2025-03-31,15587.7863,0.35,4.01,-6.536039507421675,2.29,0.27,57
2025-04-07,16724.4556,0.56,4.42,-6.575571864480593,3.08,0.27,57
2025-04-14,16286.4476,0.52,4.16,-6.554420844040823,2.58,0.27,57
2025-04-21,17382.9387,0.55,3.73,-6.52427806066415,2.68,0.27,57
2025-04-28,17977.7282,0.55,3.78,-6.542545345248547,2.33,0.27,52.2
2025-05-05,17928.9156,0.47,3.51,-6.577410801342081,2.57,0.27,52.2
2025-05-12,19211.1016,0.49,3.2,-6.542255806660895,2.1,0.27,52.2
2025-05-19,18737.2072,0.54,3.32,-6.545229636638508,1.93,0.27,52.2
2025-05-27,19113.7665,0.51,3.22,-6.563569779824658,2.05,0.27,52.2
2025-06-02,19529.9526,0.48,3.18,-6.53713393529346,1.78,0.27,52.2
2025-06-09,19406.8261,0.46,3.17,-6.575308577365614,1.96,0.27,52.2
2025-06-16,19447.41,0.44,3.16,-6.5517451157272015,2.03,0.27,52.2
2025-06-23,20273.4586,0.56,3.04,-6.46417288931728,2.37,0.27,52.2
2025-06-30,20601.1011,0.52,2.88,-6.47724910703401,2.15,0.17,60.7
2025-07-07,20585.5271,0.49,2.92,-6.397316174613826,2.65,0.17,60.7
2025-07-14,20895.6554,0.56,2.91,-6.39562032606019,2.36,0.17,60.7
2025-07-21,21108.3168,0.52,2.82,-6.357139491567191,2.25,0.17,60.7
2025-07-28,20650.1322,0.43,2.86,-6.641831536366165,2.59,0.1,61.7
2025-08-04,21450.0216,0.51,2.95,-6.660305515870816,2.61,0.1,61.7
2025-08-11,21622.9765,0.55,2.89,-6.623990583864365,2.52,0.1,61.7
2025-08-18,21496.5349,0.54,2.95,-6.642032611708509,2.55,0.1,61.7
2025-08-25,21455.5523,0.6,2.75,-6.641118749209695,2.63,0.1,61.7
2025-09-02,21700.3882,0.58,2.84,-6.688039158670176,2.23,0.13,58.2
2025-09-08,22141.1025,0.49,2.78,-6.6751084164050996,2.32,0.13,58.2
2025-09-15,22631.4764,0.54,2.71,-6.685637673382798,2.31,0.13,58.2
2025-09-22,22484.0684,0.54,2.76,-6.682461245603433,2.07,0.13,58.2
2025-09-29,22780.5061,0.55,2.81,-6.64000759312679,2.37,0.23,55.1
2025-10-06,22204.4296,0.54,2.95,-6.706139670081881,2.44,0.23,55.1
2025-10-13,22679.9746,0.58,3.04,-6.742682236183115,2.5,0.23,55.1
2025-10-20,23204.867,0.53,2.96,-6.694276923478725,2.13,0.23,55.1
2025-10-27,23724.9571,0.5,2.85,-6.666092909459378,2.02,0.23,55.1
2025-11-03,23004.5375,0.56,3.15,-6.6956959247066425,2.27,0.23,53.6
2025-11-10,22900.5887,0.52,3.07,-6.695367424018749,1.95,0.23,53.6
2025-11-17,22273.083,0.55,3.19,-6.701296289454956,2.33,0.23,53.6
2025-11-24,23365.6857,0.55,2.95,-6.693416741768465,2.19,0.23,53.6
2025-12-01,23578.128,0.58,2.85,-6.655210822150812,2.26,0.43,51
2025-12-08,23195.1692,0.67,2.91,-6.694152743692687,2.3,0.43,51
2025-12-15,23307.6204,0.68,2.9,-6.67990465952473,2.31,0.43,51
2025-12-22,23593.0966,0.68,2.86,-6.658830565805848,2.21,0.43,51
2025-12-29,23235.629,0.72,2.83,-6.634256604193335,2.51,0.35,51
2026-01-05,23671.3464,0.64,2.74,-6.636656665783547,1.88,0.35,51
2026-01-12,23515.3875,0.65,2.65,-6.669622569903583,2.48,0.35,51
2026-01-20,23436.0197,0.65,2.69,-6.742438975982052,2.34,0.35,51