time,close,T10Y2Y,HY_Spread,Copper_Gold_Log,WEI,Sahm_Rule,UM_Sentiment
1973-06-01,102.3,,,,,-0.03,77
1973-06-04,100.77,,,,,-0.03,77
1973-06-05,101.71,,,,,-0.03,77
1973-06-06,101.7,,,,,-0.03,77
1973-06-07,102.57,,,,,-0.03,77
1973-06-08,103.72,,,,,-0.03,77
1973-06-11,103.04,,,,,-0.03,77
1973-06-12,104.79,,,,,-0.03,77
1973-06-13,104.33,,,,,-0.03,77
1973-06-14,103.56,,,,,-0.03,77
1973-06-15,102.26,,,,,-0.03,77
1973-06-18,100.77,,,,,-0.03,77
1973-06-19,100.96,,,,,-0.03,77
1973-06-20,101.19,,,,,-0.03,77
1973-06-21,100.4,,,,,-0.03,77
1973-06-22,100.99,,,,,-0.03,77
1973-06-25,99.43,,,,,-0.03,77
1973-06-26,99.96,,,,,-0.03,77
1973-06-27,100.22,,,,,-0.03,77
1973-06-28,101.16,,,,,-0.03,77
1973-06-29,100.98,,,,,-0.03,77
1973-07-02,100.15,,,,,-0.07,77
1973-07-03,99.45,,,,,-0.07,77
1973-07-05,99.39,,,,,-0.07,77
1973-07-06,99.48,,,,,-0.07,77
1973-07-09,100.01,,,,,-0.07,77
1973-07-10,101.18,,,,,-0.07,77
1973-07-11,102.69,,,,,-0.07,77
1973-07-12,103.17,,,,,-0.07,77
1973-07-13,103.03,,,,,-0.07,77
1973-07-16,103.97,,,,,-0.07,77
1973-07-17,104.64,,,,,-0.07,77
1973-07-18,105.77,,,,,-0.07,77
1973-07-19,106.52,,,,,-0.07,77
1973-07-20,107.68,,,,,-0.07,77
1973-07-23,107.75,,,,,-0.07,77
1973-07-24,108.29,,,,,-0.07,77
1973-07-25,109.19,,,,,-0.07,77
1973-07-26,109.17,,,,,-0.07,77
1973-07-27,109.36,,,,,-0.07,77
1973-07-30,108.88,,,,,-0.07,77
1973-07-31,108.64,,,,,-0.07,77
1973-08-01,108.64,,,,,-0.1,77
1973-08-02,106.98,,,,,-0.1,77
1973-08-03,106.82,,,,,-0.1,77
1973-08-06,107.21,,,,,-0.1,77
1973-08-07,107.3,,,,,-0.1,77
1973-08-08,106.13,,,,,-0.1,77
1973-08-09,106.15,,,,,-0.1,77
1973-08-10,105.32,,,,,-0.1,77
1973-08-13,104.35,,,,,-0.1,77
1973-08-14,103.59,,,,,-0.1,77
1973-08-15,103.35,,,,,-0.1,77
1973-08-16,103.31,,,,,-0.1,77
1973-08-17,103.71,,,,,-0.1,77
1973-08-20,102.67,,,,,-0.1,77
1973-08-21,102.12,,,,,-0.1,77
1973-08-22,101.34,,,,,-0.1,77
1973-08-23,102.53,,,,,-0.1,77
1973-08-24,102.4,,,,,-0.1,77
1973-08-27,102.91,,,,,-0.1,77
1973-08-28,102.99,,,,,-0.1,77
1973-08-29,103.79,,,,,-0.1,77
1973-08-30,103.99,,,,,-0.1,77
1973-08-31,104.87,,,,,-0.1,77
1973-09-04,105.5,,,,,-0.07,72
1973-09-05,106.03,,,,,-0.07,72
1973-09-06,106.36,,,,,-0.07,72
1973-09-07,107.02,,,,,-0.07,72
1973-09-10,106.25,,,,,-0.07,72
1973-09-11,105.77,,,,,-0.07,72
1973-09-12,105.33,,,,,-0.07,72
1973-09-13,105.6,,,,,-0.07,72
1973-09-14,106.07,,,,,-0.07,72
1973-09-17,106.27,,,,,-0.07,72
1973-09-18,106.3,,,,,-0.07,72
1973-09-19,107.91,,,,,-0.07,72
1973-09-20,108.76,,,,,-0.07,72
1973-09-21,109.46,,,,,-0.07,72
1973-09-24,109.69,,,,,-0.07,72
1973-09-25,109.8,,,,,-0.07,72
1973-09-26,110.62,,,,,-0.07,72
1973-09-27,111.27,,,,,-0.07,72
1973-09-28,111.2,,,,,-0.07,72
1973-10-01,110.97,,,,,0,72
1973-10-02,111.76,,,,,0,72
1973-10-03,112.13,,,,,0,72
1973-10-04,111.51,,,,,0,72
1973-10-05,112.56,,,,,0,72
1973-10-08,113.17,,,,,0,72
1973-10-09,113.07,,,,,0,72
1973-10-10,112.17,,,,,0,72
1973-10-11,113.56,,,,,0,72
1973-10-12,114.1,,,,,0,72
1973-10-15,113.13,,,,,0,72
1973-10-16,113.14,,,,,0,72
1973-10-17,112.66,,,,,0,72
1973-10-18,112.82,,,,,0,72
1973-10-19,113.25,,,,,0,72
1973-10-22,112.29,,,,,0,72
1973-10-23,111.81,,,,,0,72
1973-10-24,112.13,,,,,0,72
1973-10-25,112.31,,,,,0,72
1973-10-26,112.79,,,,,0,72
1973-10-29,112.09,,,,,0,72
1973-10-30,110.63,,,,,0,72
1973-10-31,110.17,,,,,-0.07,72
1973-11-01,109.62,,,,,-0.07,72
1973-11-02,108.93,,,,,-0.07,72
1973-11-05,107.12,,,,,-0.07,72
1973-11-06,106.29,,,,,-0.07,72
1973-11-07,106.72,,,,,-0.07,72
1973-11-08,107.31,,,,,-0.07,72
1973-11-09,105.77,,,,,-0.07,72
1973-11-12,105.08,,,,,-0.07,72
1973-11-13,104.74,,,,,-0.07,72
1973-11-14,101.98,,,,,-0.07,72
1973-11-15,101.63,,,,,-0.07,72
1973-11-16,101.38,,,,,-0.07,72
1973-11-19,99,,,,,-0.07,72
1973-11-20,96.58,,,,,-0.07,72
1973-11-21,97.32,,,,,-0.07,72
1973-11-23,97.3,,,,,-0.07,72
1973-11-26,94.13,,,,,-0.07,72
1973-11-27,93.07,,,,,-0.07,72
1973-11-28,94.94,,,,,-0.07,72
1973-11-29,94.62,,,,,-0.07,72
1973-11-30,93.51,,,,,-0.03,76.5
1973-12-03,91.97,,,,,-0.03,76.5
1973-12-04,91.56,,,,,-0.03,76.5
1973-12-05,89.73,,,,,-0.03,76.5
1973-12-06,91.27,,,,,-0.03,76.5
1973-12-07,92.32,,,,,-0.03,76.5
1973-12-10,93.54,,,,,-0.03,76.5
1973-12-11,92.2,,,,,-0.03,76.5
1973-12-12,90.81,,,,,-0.03,76.5
1973-12-13,89.12,,,,,-0.03,76.5
1973-12-14,89.63,,,,,-0.03,76.5
1973-12-17,89.13,,,,,-0.03,76.5
1973-12-18,90.56,,,,,-0.03,76.5
1973-12-19,90.24,,,,,-0.03,76.5
1973-12-20,90.27,,,,,-0.03,76.5
1973-12-21,89.52,,,,,-0.03,76.5
1973-12-24,88.67,,,,,-0.03,76.5
1973-12-26,90.19,,,,,-0.03,76.5
1973-12-27,91.25,,,,,-0.03,76.5
1973-12-28,91.68,,,,,-0.03,76.5
1973-12-31,92.19,,,,,0.03,76.5
1974-01-02,92.53,,,,,0.03,76.5
1974-01-03,94.18,,,,,0.03,76.5
1974-01-04,94.1,,,,,0.03,76.5
1974-01-07,94.47,,,,,0.03,76.5
1974-01-08,94.47,,,,,0.03,76.5
1974-01-09,92.2,,,,,0.03,76.5
1974-01-10,91.42,,,,,0.03,76.5
1974-01-11,92.23,,,,,0.03,76.5
1974-01-14,92.4,,,,,0.03,76.5
1974-01-15,93.07,,,,,0.03,76.5
1974-01-16,94.49,,,,,0.03,76.5
1974-01-17,95.95,,,,,0.03,76.5
1974-01-18,95.32,,,,,0.03,76.5
1974-01-21,94.48,,,,,0.03,76.5
1974-01-22,95.29,,,,,0.03,76.5
1974-01-23,95.76,,,,,0.03,76.5
1974-01-24,95.61,,,,,0.03,76.5
1974-01-25,95.4,,,,,0.03,76.5
1974-01-28,95.02,,,,,0.03,76.5
1974-01-29,94.56,,,,,0.03,76.5
1974-01-30,95.17,,,,,0.03,76.5
1974-01-31,94.93,,,,,0.03,76.5
1974-02-01,94.15,,,,,0.23,76.5
1974-02-04,92.89,,,,,0.23,76.5
1974-02-05,92.46,,,,,0.23,76.5
1974-02-06,92.74,,,,,0.23,76.5
1974-02-07,92.81,,,,,0.23,76.5
1974-02-08,92.2,,,,,0.23,76.5
1974-02-11,91.13,,,,,0.23,76.5
1974-02-12,90.5,,,,,0.23,76.5
1974-02-13,90.08,,,,,0.23,76.5
1974-02-14,90.21,,,,,0.23,76.5
1974-02-15,90.98,,,,,0.23,76.5
1974-02-19,90.82,,,,,0.23,76.5
1974-02-20,91.56,,,,,0.23,76.5
1974-02-21,92.17,,,,,0.23,76.5
1974-02-22,92.93,,,,,0.23,76.5
1974-02-25,92.72,,,,,0.23,76.5
1974-02-26,93.11,,,,,0.23,76.5
1974-02-27,94.06,,,,,0.23,76.5
1974-02-28,94.35,,,,,0.23,76.5
1974-03-01,94.05,,,,,0.4,61.8
1974-03-04,93.8,,,,,0.4,61.8
1974-03-05,94.71,,,,,0.4,61.8
1974-03-06,95.12,,,,,0.4,61.8
1974-03-07,94.53,,,,,0.4,61.8
1974-03-08,95.17,,,,,0.4,61.8
1974-03-11,95.86,,,,,0.4,61.8
1974-03-12,95.8,,,,,0.4,61.8
1974-03-13,96.33,,,,,0.4,61.8
1974-03-14,96.51,,,,,0.4,61.8
1974-03-15,96.53,,,,,0.4,61.8
1974-03-18,95.37,,,,,0.4,61.8
1974-03-19,94.75,,,,,0.4,61.8
1974-03-20,94.95,,,,,0.4,61.8
1974-03-21,95.36,,,,,0.4,61.8
1974-03-22,95.45,,,,,0.4,61.8
1974-03-25,95.35,,,,,0.4,61.8
1974-03-26,95.27,,,,,0.4,61.8
1974-03-27,94.21,,,,,0.4,61.8
1974-03-28,92.87,,,,,0.4,61.8
1974-03-29,92.27,,,,,0.4,61.8
1974-04-01,91.9,,,,,0.5,61.8
1974-04-02,92.03,,,,,0.5,61.8
1974-04-03,92.13,,,,,0.5,61.8
1974-04-04,91.88,,,,,0.5,61.8
1974-04-05,90.7,,,,,0.5,61.8
1974-04-08,89.92,,,,,0.5,61.8
1974-04-09,90.18,,,,,0.5,61.8
1974-04-10,89.87,,,,,0.5,61.8
1974-04-11,89.79,,,,,0.5,61.8
1974-04-15,89.42,,,,,0.5,61.8
1974-04-16,90.33,,,,,0.5,61.8
1974-04-17,90.72,,,,,0.5,61.8
1974-04-18,90.9,,,,,0.5,61.8
1974-04-19,90.31,,,,,0.5,61.8
1974-04-22,90.27,,,,,0.5,61.8
1974-04-23,88.47,,,,,0.5,61.8
1974-04-24,86.95,,,,,0.5,61.8
1974-04-25,86.04,,,,,0.5,61.8
1974-04-26,86.24,,,,,0.5,61.8
1974-04-29,86.46,,,,,0.5,61.8
1974-04-30,86.86,,,,,0.5,61.8
1974-05-01,87.63,,,,,0.43,61.8
1974-05-02,87.97,,,,,0.43,61.8
1974-05-03,87.47,,,,,0.43,61.8
1974-05-06,87.31,,,,,0.43,61.8
1974-05-07,86.66,,,,,0.43,61.8
1974-05-08,85.74,,,,,0.43,61.8
1974-05-09,85.81,,,,,0.43,61.8
1974-05-10,84.3,,,,,0.43,61.8
1974-05-13,83.18,,,,,0.43,61.8
1974-05-14,83.16,,,,,0.43,61.8
1974-05-15,83.51,,,,,0.43,61.8
1974-05-16,83.5,,,,,0.43,61.8
1974-05-17,81.93,,,,,0.43,61.8
1974-05-20,81.43,,,,,0.43,61.8
1974-05-21,81.29,,,,,0.43,61.8
1974-05-22,80.72,,,,,0.43,61.8
1974-05-23,80.55,,,,,0.43,61.8
1974-05-24,81.45,,,,,0.43,61.8
1974-05-28,81.06,,,,,0.43,61.8
1974-05-29,79.78,,,,,0.43,61.8
1974-05-30,80.09,,,,,0.43,61.8
1974-05-31,80.2,,,,,0.43,61.8
1974-06-03,81.08,,,,,0.43,72.1
1974-06-04,81.77,,,,,0.43,72.1
1974-06-05,82.21,,,,,0.43,72.1
1974-06-06,83.2,,,,,0.43,72.1
1974-06-07,83.71,,,,,0.43,72.1
1974-06-10,83.92,,,,,0.43,72.1
1974-06-11,83.34,,,,,0.43,72.1
1974-06-12,83.1,,,,,0.43,72.1
1974-06-13,83.24,,,,,0.43,72.1
1974-06-14,82.76,,,,,0.43,72.1
1974-06-17,81.54,,,,,0.43,72.1
1974-06-18,81.25,,,,,0.43,72.1
1974-06-19,80.66,,,,,0.43,72.1
1974-06-20,79.85,,,,,0.43,72.1
1974-06-21,79.11,,,,,0.43,72.1
1974-06-24,78.88,,,,,0.43,72.1
1974-06-25,79.35,,,,,0.43,72.1
1974-06-26,78.27,,,,,0.43,72.1
1974-06-27,76.83,,,,,0.43,72.1
1974-06-28,75.96,,,,,0.43,72.1
1974-07-01,75.39,,,,,0.47,72.1
1974-07-02,73.81,,,,,0.47,72.1
1974-07-03,73.66,,,,,0.47,72.1
1974-07-05,73.57,,,,,0.47,72.1
1974-07-08,70.96,,,,,0.47,72.1
1974-07-09,70.59,,,,,0.47,72.1
1974-07-10,69.82,,,,,0.47,72.1
1974-07-11,69.65,,,,,0.47,72.1
1974-07-12,71.68,,,,,0.47,72.1
1974-07-15,71.98,,,,,0.47,72.1
1974-07-16,71.63,,,,,0.47,72.1
1974-07-17,72.71,,,,,0.47,72.1
1974-07-18,72.81,,,,,0.47,72.1
1974-07-19,73.4,,,,,0.47,72.1
1974-07-22,73.42,,,,,0.47,72.1
1974-07-23,74.44,,,,,0.47,72.1
1974-07-24,74.63,,,,,0.47,72.1
1974-07-25,73.51,,,,,0.47,72.1
1974-07-26,72.83,,,,,0.47,72.1
1974-07-29,71.49,,,,,0.47,72.1
1974-07-30,71.3,,,,,0.47,72.1
1974-07-31,69.99,,,,,0.47,72.1
1974-08-01,69.63,,,,,0.57,72.1
1974-08-02,69.4,,,,,0.57,72.1
1974-08-05,69.67,,,,,0.57,72.1
1974-08-06,70.53,,,,,0.57,72.1
1974-08-07,71.68,,,,,0.57,72.1
1974-08-08,70.66,,,,,0.57,72.1
1974-08-09,70.69,,,,,0.57,72.1
1974-08-12,70.36,,,,,0.57,72.1
1974-08-13,68.82,,,,,0.57,72.1
1974-08-14,67.25,,,,,0.57,72.1
1974-08-15,66.88,,,,,0.57,72.1
1974-08-16,65.86,,,,,0.57,72.1
1974-08-19,65.13,,,,,0.57,72.1
1974-08-20,65.72,,,,,0.57,72.1
1974-08-21,64.92,,,,,0.57,72.1
1974-08-22,63.59,,,,,0.57,72.1
1974-08-23,62.57,,,,,0.57,72.1
1974-08-26,62.94,,,,,0.57,72.1
1974-08-27,62.34,,,,,0.57,72.1
1974-08-28,62.43,,,,,0.57,72.1
1974-08-29,61.37,,,,,0.57,72.1
1974-08-30,62.37,,,,,0.57,72.1
1974-09-03,60.88,,,,,0.63,64.4
1974-09-04,58.95,,,,,0.63,64.4
1974-09-05,60.22,,,,,0.63,64.4
1974-09-06,60.7,,,,,0.63,64.4
1974-09-09,59.37,,,,,0.63,64.4
1974-09-10,58.97,,,,,0.63,64.4
1974-09-11,58.96,,,,,0.63,64.4
1974-09-12,57.71,,,,,0.63,64.4
1974-09-13,56.66,,,,,0.63,64.4
1974-09-16,57.24,,,,,0.63,64.4
1974-09-17,57.72,,,,,0.63,64.4
1974-09-18,58.12,,,,,0.63,64.4
1974-09-19,59.52,,,,,0.63,64.4
1974-09-20,59.9,,,,,0.63,64.4
1974-09-23,59.66,,,,,0.63,64.4
1974-09-24,58.84,,,,,0.63,64.4
1974-09-25,58.76,,,,,0.63,64.4
1974-09-26,57.87,,,,,0.63,64.4
1974-09-27,57.12,,,,,0.63,64.4
1974-09-30,55.67,,,,,0.63,64.4
1974-10-01,55.48,,,,,0.83,64.4
1974-10-02,55.67,,,,,0.83,64.4
1974-10-03,54.87,,,,,0.83,64.4
1974-10-04,55.16,,,,,0.83,64.4
1974-10-07,56.57,,,,,0.83,64.4
1974-10-08,56.13,,,,,0.83,64.4
1974-10-09,57.57,,,,,0.83,64.4
1974-10-10,59.13,,,,,0.83,64.4
1974-10-11,60.42,,,,,0.83,64.4
1974-10-14,61.73,,,,,0.83,64.4
1974-10-15,61.4,,,,,0.83,64.4
1974-10-16,61.19,,,,,0.83,64.4
1974-10-17,62.04,,,,,0.83,64.4
1974-10-18,62.75,,,,,0.83,64.4
1974-10-21,63.82,,,,,0.83,64.4
1974-10-22,64.14,,,,,0.83,64.4
1974-10-23,63.4,,,,,0.83,64.4
1974-10-24,62.6,,,,,0.83,64.4
1974-10-25,62.88,,,,,0.83,64.4
1974-10-28,62.5,,,,,0.83,64.4
1974-10-29,63.67,,,,,0.83,64.4
1974-10-30,64.88,,,,,0.83,64.4
1974-10-31,65.23,,,,,1.07,64.4
1974-11-01,65.06,,,,,1.07,64.4
1974-11-04,64.62,,,,,1.07,64.4
1974-11-05,65.99,,,,,1.07,64.4
1974-11-06,66.11,,,,,1.07,64.4
1974-11-07,66.64,,,,,1.07,64.4
1974-11-08,66.51,,,,,1.07,64.4
1974-11-11,66.72,,,,,1.07,64.4
1974-11-12,65.36,,,,,1.07,64.4
1974-11-13,64.98,,,,,1.07,64.4
1974-11-14,65.04,,,,,1.07,64.4
1974-11-15,64.41,,,,,1.07,64.4
1974-11-18,62.09,,,,,1.07,64.4
1974-11-19,60.93,,,,,1.07,64.4
1974-11-20,60.75,,,,,1.07,64.4
1974-11-21,61.49,,,,,1.07,64.4
1974-11-22,62.07,,,,,1.07,64.4
1974-11-25,61.68,,,,,1.07,64.4
1974-11-26,62.65,,,,,1.07,64.4
1974-11-27,62.8,,,,,1.07,64.4
1974-11-29,62.95,,,,,1.07,64.4
1974-12-02,61.66,,,,,1.43,59.5
1974-12-03,60.5,,,,,1.43,59.5
1974-12-04,60.41,,,,,1.43,59.5
1974-12-05,58.92,,,,,1.43,59.5
1974-12-06,58.21,,,,,1.43,59.5
1974-12-09,57.91,,,,,1.43,59.5
1974-12-10,58.76,,,,,1.43,59.5
1974-12-11,59.27,,,,,1.43,59.5
1974-12-12,59.36,,,,,1.43,59.5
1974-12-13,59.22,,,,,1.43,59.5
1974-12-16,58.85,,,,,1.43,59.5
1974-12-17,59.18,,,,,1.43,59.5
1974-12-18,59.63,,,,,1.43,59.5
1974-12-19,59.46,,,,,1.43,59.5
1974-12-20,58.67,,,,,1.43,59.5
1974-12-23,57.86,,,,,1.43,59.5
1974-12-24,58.3,,,,,1.43,59.5
1974-12-26,58.88,,,,,1.43,59.5
1974-12-27,58.74,,,,,1.43,59.5
1974-12-30,58.78,,,,,1.43,59.5
1974-12-31,59.82,,,,,1.83,59.5
1975-01-02,60.7,,,,,1.83,59.5
1975-01-03,61.23,,,,,1.83,59.5
1975-01-06,61.74,,,,,1.83,59.5
1975-01-07,61.89,,,,,1.83,59.5
1975-01-08,61.5,,,,,1.83,59.5
1975-01-09,62.37,,,,,1.83,59.5
1975-01-10,63.69,,,,,1.83,59.5
1975-01-13,63.34,,,,,1.83,59.5
1975-01-14,63.11,,,,,1.83,59.5
1975-01-15,63.87,,,,,1.83,59.5
1975-01-16,64.8,,,,,1.83,59.5
1975-01-17,64.4,,,,,1.83,59.5
1975-01-20,64.44,,,,,1.83,59.5
1975-01-21,64.18,,,,,1.83,59.5
1975-01-22,64.12,,,,,1.83,59.5
1975-01-23,64.49,,,,,1.83,59.5
1975-01-24,65.38,,,,,1.83,59.5
1975-01-27,67.04,,,,,1.83,59.5
1975-01-28,67.92,,,,,1.83,59.5
1975-01-29,69.08,,,,,1.83,59.5
1975-01-30,68.99,,,,,1.83,59.5
1975-01-31,69.78,,,,,2.37,59.5
1975-02-03,70.73,,,,,2.37,59.5
1975-02-04,70.13,,,,,2.37,59.5
1975-02-05,71.07,,,,,2.37,59.5
1975-02-06,71.46,,,,,2.37,59.5
1975-02-07,71.12,,,,,2.37,59.5
1975-02-10,70.82,,,,,2.37,59.5
1975-02-11,70.83,,,,,2.37,59.5
1975-02-12,71.59,,,,,2.37,59.5
1975-02-13,72.88,,,,,2.37,59.5
1975-02-14,73.26,,,,,2.37,59.5
1975-02-18,72.47,,,,,2.37,59.5
1975-02-19,72.87,,,,,2.37,59.5
1975-02-20,73.58,,,,,2.37,59.5
1975-02-21,73.79,,,,,2.37,59.5
1975-02-24,73.14,,,,,2.37,59.5
1975-02-25,72.07,,,,,2.37,59.5
1975-02-26,72.24,,,,,2.37,59.5
1975-02-27,72.53,,,,,2.37,59.5
1975-02-28,73,,,,,2.37,59.5
1975-03-03,73.83,,,,,2.77,57.6
1975-03-04,74.21,,,,,2.77,57.6
1975-03-05,73.9,,,,,2.77,57.6
1975-03-06,74.02,,,,,2.77,57.6
1975-03-07,74.4,,,,,2.77,57.6
1975-03-10,74.88,,,,,2.77,57.6
1975-03-11,75.04,,,,,2.77,57.6
1975-03-12,74.13,,,,,2.77,57.6
1975-03-13,74.68,,,,,2.77,57.6
1975-03-14,76.07,,,,,2.77,57.6
1975-03-17,76.27,,,,,2.77,57.6
1975-03-18,76.18,,,,,2.77,57.6
1975-03-19,75.67,,,,,2.77,57.6
1975-03-20,75.78,,,,,2.77,57.6
1975-03-21,75.92,,,,,2.77,57.6
1975-03-24,74.42,,,,,2.77,57.6
1975-03-25,74.33,,,,,2.77,57.6
1975-03-26,75.56,,,,,2.77,57.6
1975-03-27,76.18,,,,,2.77,57.6
1975-03-31,75.66,,,,,2.77,57.6
1975-04-01,75.42,,,,,3.27,57.6
1975-04-02,75.62,,,,,3.27,57.6
1975-04-03,74.95,,,,,3.27,57.6
1975-04-04,74.73,,,,,3.27,57.6
1975-04-07,74.34,,,,,3.27,57.6
1975-04-08,74.53,,,,,3.27,57.6
1975-04-09,75.4,,,,,3.27,57.6
1975-04-10,75.76,,,,,3.27,57.6
1975-04-11,76.31,,,,,3.27,57.6
1975-04-14,77.33,,,,,3.27,57.6
1975-04-15,77.51,,,,,3.27,57.6
1975-04-16,78,,,,,3.27,57.6
1975-04-17,78.26,,,,,3.27,57.6
1975-04-18,78.08,,,,,3.27,57.6
1975-04-21,79.08,,,,,3.27,57.6
1975-04-22,78.54,,,,,3.27,57.6
1975-04-23,78.24,,,,,3.27,57.6
1975-04-24,78.07,,,,,3.27,57.6
1975-04-25,78.64,,,,,3.27,57.6
1975-04-28,78.28,,,,,3.27,57.6
1975-04-29,77.82,,,,,3.27,57.6
1975-04-30,78.54,,,,,3.27,57.6
1975-05-01,79.27,,,,,3.5,57.6
1975-05-02,80.25,,,,,3.5,57.6
1975-05-05,81.14,,,,,3.5,57.6
1975-05-06,80.81,,,,,3.5,57.6
1975-05-07,81.31,,,,,3.5,57.6
1975-05-08,82.12,,,,,3.5,57.6
1975-05-09,82.82,,,,,3.5,57.6
1975-05-12,82.3,,,,,3.5,57.6
1975-05-13,82.35,,,,,3.5,57.6
1975-05-14,82.91,,,,,3.5,57.6
1975-05-15,82.79,,,,,3.5,57.6
1975-05-16,82.44,,,,,3.5,57.6
1975-05-19,81.99,,,,,3.5,57.6
1975-05-20,81.82,,,,,3.5,57.6
1975-05-21,80.95,,,,,3.5,57.6
1975-05-22,81.56,,,,,3.5,57.6
1975-05-23,82.62,,,,,3.5,57.6
1975-05-27,82.49,,,,,3.5,57.6
1975-05-28,81.98,,,,,3.5,57.6
1975-05-29,81.78,,,,,3.5,57.6
1975-05-30,83.1,,,,,3.5,57.6
1975-06-02,83.88,,,,,3.83,72.8
1975-06-03,84.14,,,,,3.83,72.8
1975-06-04,84.08,,,,,3.83,72.8
1975-06-05,84.24,,,,,3.83,72.8
1975-06-06,84.77,,,,,3.83,72.8
1975-06-09,84.01,,,,,3.83,72.8
1975-06-10,83.4,,,,,3.83,72.8
1975-06-11,83.6,,,,,3.83,72.8
1975-06-12,82.99,,,,,3.83,72.8
1975-06-13,83.43,,,,,3.83,72.8
1975-06-16,84.01,,,,,3.83,72.8
1975-06-17,83.43,,,,,3.83,72.8
1975-06-18,83.47,,,,,3.83,72.8
1975-06-19,84.55,,,,,3.83,72.8
1975-06-20,85.24,,,,,3.83,72.8
1975-06-23,85.77,,,,,3.83,72.8
1975-06-24,86.23,,,,,3.83,72.8
1975-06-25,86.3,,,,,3.83,72.8
1975-06-26,86.45,,,,,3.83,72.8
1975-06-27,86.5,,,,,3.83,72.8
1975-06-30,87.02,,,,,3.83,72.8
1975-07-01,86.33,,,,,3.77,72.8
1975-07-02,85.64,,,,,3.77,72.8
1975-07-03,86.2,,,,,3.77,72.8
1975-07-07,85.6,,,,,3.77,72.8
1975-07-08,85.39,,,,,3.77,72.8
1975-07-09,86.5,,,,,3.77,72.8
1975-07-10,86.83,,,,,3.77,72.8
1975-07-11,87.2,,,,,3.77,72.8
1975-07-14,87.58,,,,,3.77,72.8
1975-07-15,88,,,,,3.77,72.8
1975-07-16,87.39,,,,,3.77,72.8
1975-07-17,87.13,,,,,3.77,72.8
1975-07-18,87.02,,,,,3.77,72.8
1975-07-21,86.77,,,,,3.77,72.8
1975-07-22,85.72,,,,,3.77,72.8
1975-07-23,84.62,,,,,3.77,72.8
1975-07-24,84.14,,,,,3.77,72.8
1975-07-25,83.6,,,,,3.77,72.8
1975-07-28,83.09,,,,,3.77,72.8
1975-07-29,82.67,,,,,3.77,72.8
1975-07-30,83.03,,,,,3.77,72.8
1975-07-31,83.19,,,,,3.77,72.8
1975-08-01,81.82,,,,,3.5,72.8
1975-08-04,80.98,,,,,3.5,72.8
1975-08-05,80.17,,,,,3.5,72.8
1975-08-06,80.24,,,,,3.5,72.8
1975-08-07,79.59,,,,,3.5,72.8
1975-08-08,79.55,,,,,3.5,72.8
1975-08-11,79.45,,,,,3.5,72.8
1975-08-12,79.6,,,,,3.5,72.8
1975-08-13,79.09,,,,,3.5,72.8
1975-08-14,78.45,,,,,3.5,72.8
1975-08-15,78.58,,,,,3.5,72.8
1975-08-18,78.03,,,,,3.5,72.8
1975-08-19,76.65,,,,,3.5,72.8
1975-08-20,75.52,,,,,3.5,72.8
1975-08-21,75.9,,,,,3.5,72.8
1975-08-22,76.45,,,,,3.5,72.8
1975-08-25,76.84,,,,,3.5,72.8
1975-08-26,76.21,,,,,3.5,72.8
1975-08-27,76.57,,,,,3.5,72.8
1975-08-28,78.06,,,,,3.5,72.8
1975-08-29,79.01,,,,,3.5,72.8
1975-09-02,77.89,,,,,3.17,75.7
1975-09-03,78.08,,,,,3.17,75.7
1975-09-04,78.13,,,,,3.17,75.7
1975-09-05,77.78,,,,,3.17,75.7
1975-09-08,77.46,,,,,3.17,75.7
1975-09-09,76.6,,,,,3.17,75.7
1975-09-10,75.24,,,,,3.17,75.7
1975-09-11,74.85,,,,,3.17,75.7
1975-09-12,74.72,,,,,3.17,75.7
1975-09-15,74.47,,,,,3.17,75.7
1975-09-16,73.78,,,,,3.17,75.7
1975-09-17,73.87,,,,,3.17,75.7
1975-09-18,74.78,,,,,3.17,75.7
1975-09-19,76.39,,,,,3.17,75.7
1975-09-22,75.86,,,,,3.17,75.7
1975-09-23,75.94,,,,,3.17,75.7
1975-09-24,76.43,,,,,3.17,75.7
1975-09-25,76.1,,,,,3.17,75.7
1975-09-26,76.14,,,,,3.17,75.7
1975-09-29,75.37,,,,,3.17,75.7
1975-09-30,74.33,,,,,3.17,75.7
1975-10-01,73.8,,,,,2.87,75.7
1975-10-02,74.16,,,,,2.87,75.7
1975-10-03,75.5,,,,,2.87,75.7
1975-10-06,76.03,,,,,2.87,75.7
1975-10-07,75.88,,,,,2.87,75.7
1975-10-08,76.61,,,,,2.87,75.7
1975-10-09,76.87,,,,,2.87,75.7
1975-10-10,76.96,,,,,2.87,75.7
1975-10-13,77.7,,,,,2.87,75.7
1975-10-14,78.19,,,,,2.87,75.7
1975-10-15,78.2,,,,,2.87,75.7
1975-10-16,78.22,,,,,2.87,75.7
1975-10-17,77.63,,,,,2.87,75.7
1975-10-20,78.13,,,,,2.87,75.7
1975-10-21,78.43,,,,,2.87,75.7
1975-10-22,78.91,,,,,2.87,75.7
1975-10-23,79.06,,,,,2.87,75.7
1975-10-24,78.62,,,,,2.87,75.7
1975-10-27,78.29,,,,,2.87,75.7
1975-10-28,78.73,,,,,2.87,75.7
1975-10-29,77.58,,,,,2.87,75.7
1975-10-30,77.45,,,,,2.87,75.7
1975-10-31,76.99,,,,,2.7,75.7
1975-11-03,76.62,,,,,2.7,75.7
1975-11-04,76.86,,,,,2.7,75.7
1975-11-05,77.3,,,,,2.7,75.7
1975-11-06,77.39,,,,,2.7,75.7
1975-11-07,77.21,,,,,2.7,75.7
1975-11-10,77.46,,,,,2.7,75.7
1975-11-11,78,,,,,2.7,75.7
1975-11-12,79.27,,,,,2.7,75.7
1975-11-13,79.22,,,,,2.7,75.7
1975-11-14,78.98,,,,,2.7,75.7
1975-11-17,79.1,,,,,2.7,75.7
1975-11-18,78.62,,,,,2.7,75.7
1975-11-19,77.87,,,,,2.7,75.7
1975-11-20,77.67,,,,,2.7,75.7
1975-11-21,77.74,,,,,2.7,75.7
1975-11-24,77.92,,,,,2.7,75.7
1975-11-25,78.18,,,,,2.7,75.7
1975-11-26,78.56,,,,,2.7,75.7
1975-11-28,78.8,,,,,2.7,75.7
1975-12-01,78.66,,,,,2.27,75.6
1975-12-02,77.33,,,,,2.27,75.6
1975-12-03,75.67,,,,,2.27,75.6
1975-12-04,75.2,,,,,2.27,75.6
1975-12-05,74.72,,,,,2.27,75.6
1975-12-08,74.92,,,,,2.27,75.6
1975-12-09,74.52,,,,,2.27,75.6
1975-12-10,75.25,,,,,2.27,75.6
1975-12-11,75.08,,,,,2.27,75.6
1975-12-12,74.91,,,,,2.27,75.6
1975-12-15,74.54,,,,,2.27,75.6
1975-12-16,75.19,,,,,2.27,75.6
1975-12-17,75.8,,,,,2.27,75.6
1975-12-18,76.07,,,,,2.27,75.6
1975-12-19,75.92,,,,,2.27,75.6
1975-12-22,75.59,,,,,2.27,75.6
1975-12-23,75.88,,,,,2.27,75.6
1975-12-24,76.37,,,,,2.27,75.6
1975-12-26,77.13,,,,,2.27,75.6
1975-12-29,76.94,,,,,2.27,75.6
1975-12-30,76.67,,,,,2.27,75.6
1975-12-31,77.62,,,,,1.8,75.6
1976-01-02,78.06,,,,,1.8,75.6
1976-01-05,78.76,,,,,1.8,75.6
1976-01-06,80.27,,,,,1.8,75.6
1976-01-07,80.99,,,,,1.8,75.6
1976-01-08,81.65,,,,,1.8,75.6
1976-01-09,82.31,,,,,1.8,75.6
1976-01-12,82.71,,,,,1.8,75.6
1976-01-13,82.42,,,,,1.8,75.6
1976-01-14,83.62,,,,,1.8,75.6
1976-01-15,83.73,,,,,1.8,75.6
1976-01-16,84.3,,,,,1.8,75.6
1976-01-19,84.73,,,,,1.8,75.6
1976-01-20,84.9,,,,,1.8,75.6
1976-01-21,84.95,,,,,1.8,75.6
1976-01-22,84.62,,,,,1.8,75.6
1976-01-23,85.26,,,,,1.8,75.6
1976-01-26,85.05,,,,,1.8,75.6
1976-01-27,84.76,,,,,1.8,75.6
1976-01-28,84.63,,,,,1.8,75.6
1976-01-29,86.15,,,,,1.8,75.6
1976-01-30,87.05,,,,,1.8,75.6
1976-02-02,87.28,,,,,0.93,75.6
1976-02-03,87.38,,,,,0.93,75.6
1976-02-04,88.45,,,,,0.93,75.6
1976-02-05,88.02,,,,,0.93,75.6
1976-02-06,87.25,,,,,0.93,75.6
1976-02-09,87.83,,,,,0.93,75.6
1976-02-10,87.95,,,,,0.93,75.6
1976-02-11,88.69,,,,,0.93,75.6
1976-02-12,88.88,,,,,0.93,75.6
1976-02-13,88.96,,,,,0.93,75.6
1976-02-17,88.82,,,,,0.93,75.6
1976-02-18,89.23,,,,,0.93,75.6
1976-02-19,90.14,,,,,0.93,75.6
1976-02-20,91.02,,,,,0.93,75.6
1976-02-23,91.31,,,,,0.93,75.6
1976-02-24,91.73,,,,,0.93,75.6
1976-02-25,92.09,,,,,0.93,75.6
1976-02-26,91.45,,,,,0.93,75.6
1976-02-27,90.26,,,,,0.93,75.6
1976-03-01,90.25,,,,,0.2,84.6
1976-03-02,90.54,,,,,0.2,84.6
1976-03-03,90.17,,,,,0.2,84.6
1976-03-04,89.65,,,,,0.2,84.6
1976-03-05,89.47,,,,,0.2,84.6
1976-03-08,89.97,,,,,0.2,84.6
1976-03-09,89.98,,,,,0.2,84.6
1976-03-10,90.2,,,,,0.2,84.6
1976-03-11,91.21,,,,,0.2,84.6
1976-03-12,90.99,,,,,0.2,84.6
1976-03-15,89.72,,,,,0.2,84.6
1976-03-16,89.86,,,,,0.2,84.6
1976-03-17,90.11,,,,,0.2,84.6
1976-03-18,89.55,,,,,0.2,84.6
1976-03-19,89.54,,,,,0.2,84.6
1976-03-22,89.69,,,,,0.2,84.6
1976-03-23,90.36,,,,,0.2,84.6
1976-03-24,90.93,,,,,0.2,84.6
1976-03-25,90.67,,,,,0.2,84.6
1976-03-26,90.89,,,,,0.2,84.6
1976-03-29,90.69,,,,,0.2,84.6
1976-03-30,90.49,,,,,0.2,84.6
1976-03-31,90.62,,,,,-0.27,84.6
1976-04-01,90.44,,,,,-0.27,84.6
1976-04-02,90.63,,,,,-0.27,84.6
1976-04-05,91.43,,,,,-0.27,84.6
1976-04-06,91.55,,,,,-0.27,84.6
1976-04-07,90.8,,,,,-0.27,84.6
1976-04-08,90.04,,,,,-0.27,84.6
1976-04-09,88.89,,,,,-0.27,84.6
1976-04-12,88.6,,,,,-0.27,84.6
1976-04-13,88.66,,,,,-0.27,84.6
1976-04-14,88.75,,,,,-0.27,84.6
1976-04-15,89.17,,,,,-0.27,84.6
1976-04-19,89.59,,,,,-0.27,84.6
1976-04-20,90.61,,,,,-0.27,84.6
1976-04-21,90.77,,,,,-0.27,84.6
1976-04-22,90.96,,,,,-0.27,84.6
1976-04-23,90.6,,,,,-0.27,84.6
1976-04-26,90.57,,,,,-0.27,84.6
1976-04-27,89.98,,,,,-0.27,84.6
1976-04-28,90.3,,,,,-0.27,84.6
1976-04-29,90.55,,,,,-0.27,84.6
1976-04-30,90.08,,,,,-0.27,84.6
1976-05-03,89.05,,,,,-0.1,84.6
1976-05-04,89.24,,,,,-0.1,84.6
1976-05-05,89.24,,,,,-0.1,84.6
1976-05-06,89.42,,,,,-0.1,84.6
1976-05-07,90.02,,,,,-0.1,84.6
1976-05-10,90.55,,,,,-0.1,84.6
1976-05-11,90.59,,,,,-0.1,84.6
1976-05-12,90.64,,,,,-0.1,84.6
1976-05-13,90.22,,,,,-0.1,84.6
1976-05-14,89.78,,,,,-0.1,84.6
1976-05-17,89.49,,,,,-0.1,84.6
1976-05-18,89.53,,,,,-0.1,84.6
1976-05-19,89.25,,,,,-0.1,84.6
1976-05-20,89.53,,,,,-0.1,84.6
1976-05-21,89.39,,,,,-0.1,84.6
1976-05-24,88.15,,,,,-0.1,84.6
1976-05-25,87.81,,,,,-0.1,84.6
1976-05-26,88.1,,,,,-0.1,84.6
1976-05-27,87.78,,,,,-0.1,84.6
1976-05-28,88.04,,,,,-0.1,84.6
1976-06-01,87.81,,,,,-0.1,83.3
1976-06-02,88.16,0.68,,,,-0.1,83.3
1976-06-03,88.26,0.71,,,,-0.1,83.3
1976-06-04,87.75,0.7,,,,-0.1,83.3
1976-06-07,87.22,0.77,,,,-0.1,83.3
1976-06-08,87.12,0.79,,,,-0.1,83.3
1976-06-09,86.95,0.79,,,,-0.1,83.3
1976-06-10,87.31,0.82,,,,-0.1,83.3
1976-06-11,87.71,0.86,,,,-0.1,83.3
1976-06-14,88.4,0.83,,,,-0.1,83.3
1976-06-15,88.45,0.83,,,,-0.1,83.3
1976-06-16,88.93,0.83,,,,-0.1,83.3
1976-06-17,89.72,0.81,,,,-0.1,83.3
1976-06-18,90.05,0.79,,,,-0.1,83.3
1976-06-21,90.15,0.82,,,,-0.1,83.3
1976-06-22,89.54,0.85,,,,-0.1,83.3
1976-06-23,89.19,0.8,,,,-0.1,83.3
1976-06-24,89.8,0.8,,,,-0.1,83.3
1976-06-25,90.05,0.82,,,,-0.1,83.3
1976-06-28,89.87,0.81,,,,-0.1,83.3
1976-06-29,90.11,0.84,,,,-0.1,83.3
1976-06-30,90.32,0.84,,,,-0.1,83.3
1976-07-01,90.28,0.84,,,,0,83.3
1976-07-02,90.88,0.86,,,,0,83.3
1976-07-06,90.62,0.85,,,,0,83.3
1976-07-07,90.6,0.86,,,,0,83.3
1976-07-08,90.79,0.85,,,,0,83.3
1976-07-09,91.48,0.9,,,,0,83.3
1976-07-12,91.94,1.01,,,,0,83.3
1976-07-13,91.97,1.04,,,,0,83.3
1976-07-14,92.44,1.03,,,,0,83.3
1976-07-15,92.52,1.03,,,,0,83.3
1976-07-16,92.4,1.05,,,,0,83.3
1976-07-19,92.08,0.98,,,,0,83.3
1976-07-20,91.68,0.97,,,,0,83.3
1976-07-21,91.53,0.96,,,,0,83.3
1976-07-22,91.66,0.96,,,,0,83.3
1976-07-23,91.6,0.95,,,,0,83.3
1976-07-26,91.48,0.94,,,,0,83.3
1976-07-27,91.3,1.01,,,,0,83.3
1976-07-28,91.01,1.09,,,,0,83.3
1976-07-29,90.85,1.06,,,,0,83.3
1976-07-30,91.29,1.1,,,,0,83.3
1976-08-02,91.27,1.12,,,,0.1,83.3
1976-08-03,92.01,1.1,,,,0.1,83.3
1976-08-04,91.87,1.1,,,,0.1,83.3
1976-08-05,91.48,1.08,,,,0.1,83.3
1976-08-06,91.64,1.08,,,,0.1,83.3
1976-08-09,91.33,1.13,,,,0.1,83.3
1976-08-10,91.89,1.16,,,,0.1,83.3
1976-08-11,91.81,1.16,,,,0.1,83.3
1976-08-12,91.89,1.16,,,,0.1,83.3
1976-08-13,91.81,1.17,,,,0.1,83.3
1976-08-16,91.77,1.18,,,,0.1,83.3
1976-08-17,92.01,1.17,,,,0.1,83.3
1976-08-18,91.85,1.18,,,,0.1,83.3
1976-08-19,90.74,1.17,,,,0.1,83.3
1976-08-20,90.19,1.15,,,,0.1,83.3
1976-08-23,89.6,1.08,,,,0.1,83.3
1976-08-24,89.13,1.11,,,,0.1,83.3
1976-08-25,89.55,1.12,,,,0.1,83.3
1976-08-26,89.2,1.16,,,,0.1,83.3
1976-08-27,89.14,1.14,,,,0.1,83.3
1976-08-30,89.28,1.12,,,,0.1,83.3
1976-08-31,89.7,1.14,,,,0.1,83.3
1976-09-01,90.59,1.16,,,,0.3,89.7
1976-09-02,90.68,1.14,,,,0.3,89.7
1976-09-03,91.02,1.13,,,,0.3,89.7
1976-09-07,91.21,1.13,,,,0.3,89.7
1976-09-08,91.26,1.18,,,,0.3,89.7
1976-09-09,90.86,1.2,,,,0.3,89.7
1976-09-10,91.19,1.17,,,,0.3,89.7
1976-09-13,90.96,1.18,,,,0.3,89.7
1976-09-14,90.53,1.17,,,,0.3,89.7
1976-09-15,90.63,1.15,,,,0.3,89.7
1976-09-16,91.04,1.17,,,,0.3,89.7
1976-09-17,91.61,1.19,,,,0.3,89.7
1976-09-20,91.89,1.23,,,,0.3,89.7
1976-09-21,92.42,1.18,,,,0.3,89.7
1976-09-22,92.44,1.21,,,,0.3,89.7
1976-09-23,92.27,1.17,,,,0.3,89.7
1976-09-24,92.31,1.19,,,,0.3,89.7
1976-09-27,92.44,1.14,,,,0.3,89.7
1976-09-28,91.64,1.19,,,,0.3,89.7
1976-09-29,91.27,1.2,,,,0.3,89.7
1976-09-30,91.26,1.2,,,,0.3,89.7
1976-10-01,90.44,1.22,,,,0.4,89.7
1976-10-04,90.46,1.25,,,,0.4,89.7
1976-10-05,89.75,1.27,,,,0.4,89.7
1976-10-06,89.07,1.28,,,,0.4,89.7
1976-10-07,89.63,1.33,,,,0.4,89.7
1976-10-08,89.38,1.34,,,,0.4,89.7
1976-10-11,89.02,1.51,,,,0.4,89.7
1976-10-12,88.76,1.51,,,,0.4,89.7
1976-10-13,89.3,1.55,,,,0.4,89.7
1976-10-14,88.73,1.53,,,,0.4,89.7
1976-10-15,89.06,1.53,,,,0.4,89.7
1976-10-18,89.46,1.56,,,,0.4,89.7
1976-10-19,89.45,1.54,,,,0.4,89.7
1976-10-20,89.63,1.5,,,,0.4,89.7
1976-10-21,89.49,1.43,,,,0.4,89.7
1976-10-22,89.26,1.41,,,,0.4,89.7
1976-10-25,89.37,1.41,,,,0.4,89.7
1976-10-26,89.42,1.42,,,,0.4,89.7
1976-10-27,89.62,1.43,,,,0.4,89.7
1976-10-28,89.85,1.44,,,,0.4,89.7
1976-10-29,90.35,1.42,,,,0.4,89.7
1976-11-01,90.39,1.35,,,,0.43,89.7
1976-11-03,89.38,1.37,,,,0.43,89.7
1976-11-04,90.06,1.43,,,,0.43,89.7
1976-11-05,89.47,1.4,,,,0.43,89.7
1976-11-08,88.74,1.42,,,,0.43,89.7
1976-11-09,88.08,1.39,,,,0.43,89.7
1976-11-10,87.82,1.42,,,,0.43,89.7
1976-11-11,88.15,1.42,,,,0.43,89.7
1976-11-12,88.1,1.42,,,,0.43,89.7
1976-11-15,88.13,1.41,,,,0.43,89.7
1976-11-16,88.52,1.47,,,,0.43,89.7
1976-11-17,89.01,1.5,,,,0.43,89.7
1976-11-18,89.81,1.5,,,,0.43,89.7
1976-11-19,89.97,1.57,,,,0.43,89.7
1976-11-22,90.47,1.61,,,,0.43,89.7
1976-11-23,90.22,1.57,,,,0.43,89.7
1976-11-24,90.69,1.58,,,,0.43,89.7
1976-11-26,91.42,1.58,,,,0.43,89.7
1976-11-29,91.08,1.56,,,,0.43,89.7
1976-11-30,91.12,1.59,,,,0.5,87
1976-12-01,91.83,1.57,,,,0.5,87
1976-12-02,91.84,1.58,,,,0.5,87
1976-12-03,92.31,1.55,,,,0.5,87
1976-12-06,92.63,1.5,,,,0.5,87
1976-12-07,93.01,1.47,,,,0.5,87
1976-12-08,93.37,1.48,,,,0.5,87
1976-12-09,94.1,1.48,,,,0.5,87
1976-12-10,94.62,1.51,,,,0.5,87
1976-12-13,94.62,1.47,,,,0.5,87
1976-12-14,94.65,1.5,,,,0.5,87
1976-12-15,94.92,1.5,,,,0.5,87
1976-12-16,94.93,1.48,,,,0.5,87
1976-12-17,94.64,1.48,,,,0.5,87
1976-12-20,94.47,1.5,,,,0.5,87
1976-12-21,94.68,1.48,,,,0.5,87
1976-12-22,95.18,1.52,,,,0.5,87
1976-12-23,95.22,1.48,,,,0.5,87
1976-12-27,95.68,1.47,,,,0.5,87
1976-12-28,96.22,1.47,,,,0.5,87
1976-12-29,96.29,1.45,,,,0.5,87
1976-12-30,97.05,1.42,,,,0.5,87
1976-12-31,97.88,1.47,,,,0.47,87
1977-01-03,97.69,1.42,,,,0.47,87
1977-01-04,97.22,1.4,,,,0.47,87
1977-01-05,96.89,1.4,,,,0.47,87
1977-01-06,97.29,1.36,,,,0.47,87
1977-01-07,97.53,1.39,,,,0.47,87
1977-01-10,97.31,1.41,,,,0.47,87
1977-01-11,96.41,1.41,,,,0.47,87
1977-01-12,96.02,1.42,,,,0.47,87
1977-01-13,96.84,1.39,,,,0.47,87
1977-01-14,97.2,1.32,,,,0.47,87
1977-01-17,97.14,1.3,,,,0.47,87
1977-01-18,97.13,1.3,,,,0.47,87
1977-01-19,97.55,1.26,,,,0.47,87
1977-01-20,97.08,1.25,,,,0.47,87
1977-01-21,97.32,1.26,,,,0.47,87
1977-01-24,97.37,1.25,,,,0.47,87
1977-01-25,97.06,1.24,,,,0.47,87
1977-01-26,96.51,1.24,,,,0.47,87
1977-01-27,96.04,1.17,,,,0.47,87
1977-01-28,95.72,1.18,,,,0.47,87
1977-01-31,95.54,1.22,,,,0.27,87
1977-02-01,96.3,1.21,,,,0.27,87
1977-02-02,96.46,1.19,,,,0.27,87
1977-02-03,96.33,1.26,,,,0.27,87
1977-02-04,96.74,1.25,,,,0.27,87
1977-02-07,96.61,1.3,,,,0.27,87
1977-02-08,96.59,1.29,,,,0.27,87
1977-02-09,95.99,1.33,,,,0.27,87
1977-02-10,96.29,1.3,,,,0.27,87
1977-02-11,96.09,1.34,,,,0.27,87
1977-02-14,96.13,1.32,,,,0.27,87
1977-02-15,96.41,1.32,,,,0.27,87
1977-02-16,96.62,1.32,,,,0.27,87
1977-02-17,96.56,1.27,,,,0.27,87
1977-02-18,96.38,1.35,,,,0.27,87
1977-02-22,96.14,1.33,,,,0.27,87
1977-02-23,95.76,1.36,,,,0.27,87
1977-02-24,94.84,1.3,,,,0.27,87
1977-02-25,94.9,1.34,,,,0.27,87
1977-02-28,94.57,1.37,,,,0.1,87.1
1977-03-01,95.14,1.33,,,,0.1,87.1
1977-03-02,95.19,1.33,,,,0.1,87.1
1977-03-03,95.53,1.35,,,,0.1,87.1
1977-03-04,96.07,1.38,,,,0.1,87.1
1977-03-07,96.17,1.38,,,,0.1,87.1
1977-03-08,96.23,1.38,,,,0.1,87.1
1977-03-09,95.75,1.38,,,,0.1,87.1
1977-03-10,95.94,1.38,,,,0.1,87.1
1977-03-11,96.07,1.35,,,,0.1,87.1
1977-03-14,96.19,1.39,,,,0.1,87.1
1977-03-15,96.39,1.38,,,,0.1,87.1
1977-03-16,96.58,1.36,,,,0.1,87.1
1977-03-17,96.42,1.33,,,,0.1,87.1
1977-03-18,96.44,1.36,,,,0.1,87.1
1977-03-21,96.26,1.4,,,,0.1,87.1
1977-03-22,96.05,1.39,,,,0.1,87.1
1977-03-23,95.76,1.4,,,,0.1,87.1
1977-03-24,95.54,1.39,,,,0.1,87.1
1977-03-25,95.28,1.38,,,,0.1,87.1
1977-03-28,94.85,1.36,,,,0.1,87.1
1977-03-29,94.92,1.39,,,,0.1,87.1
1977-03-30,94.23,1.39,,,,0.1,87.1
1977-03-31,94.13,1.41,,,,-0.07,87.1
1977-04-01,94.54,1.41,,,,-0.07,87.1
1977-04-04,93.9,1.41,,,,-0.07,87.1
1977-04-05,93.66,1.46,,,,-0.07,87.1
1977-04-06,93.89,1.42,,,,-0.07,87.1
1977-04-07,94.03,1.41,,,,-0.07,87.1
1977-04-11,94.37,1.43,,,,-0.07,87.1
1977-04-12,95.06,1.41,,,,-0.07,87.1
1977-04-13,95.1,1.4,,,,-0.07,87.1
1977-04-14,96,1.49,,,,-0.07,87.1
1977-04-15,96.26,1.47,,,,-0.07,87.1
1977-04-18,96.17,1.45,,,,-0.07,87.1
1977-04-19,96.1,1.43,,,,-0.07,87.1
1977-04-20,96.36,1.37,,,,-0.07,87.1
1977-04-21,95.82,1.39,,,,-0.07,87.1
1977-04-22,95.12,1.37,,,,-0.07,87.1
1977-04-25,94.26,1.37,,,,-0.07,87.1
1977-04-26,94.12,1.39,,,,-0.07,87.1
1977-04-27,94.79,1.38,,,,-0.07,87.1
1977-04-28,95.06,1.37,,,,-0.07,87.1
1977-04-29,95.48,1.37,,,,-0.07,87.1
1977-05-02,95.83,1.31,,,,-0.1,87.1
1977-05-03,96.21,1.3,,,,-0.1,87.1
1977-05-04,96.63,1.29,,,,-0.1,87.1
1977-05-05,96.89,1.34,,,,-0.1,87.1
1977-05-06,96.9,1.31,,,,-0.1,87.1
1977-05-09,96.76,1.26,,,,-0.1,87.1
1977-05-10,97.16,1.25,,,,-0.1,87.1
1977-05-11,96.92,1.25,,,,-0.1,87.1
1977-05-12,96.96,1.18,,,,-0.1,87.1
1977-05-13,97.41,1.18,,,,-0.1,87.1
1977-05-16,97.79,1.2,,,,-0.1,87.1
1977-05-17,97.9,1.2,,,,-0.1,87.1
1977-05-18,98.47,1.2,,,,-0.1,87.1
1977-05-19,98.36,1.19,,,,-0.1,87.1
1977-05-20,98,1.12,,,,-0.1,87.1
1977-05-23,97.15,1.06,,,,-0.1,87.1
1977-05-24,96.66,1.08,,,,-0.1,87.1
1977-05-25,96.18,1.11,,,,-0.1,87.1
1977-05-26,96.17,1.16,,,,-0.1,87.1
1977-05-27,95.9,1.18,,,,-0.1,87.1
1977-05-31,95.59,1.18,,,,-0.1,87.1
1977-06-01,95.86,1.2,,,,-0.2,90.2
1977-06-02,95.8,1.14,,,,-0.2,90.2
1977-06-03,96.19,1.19,,,,-0.2,90.2
1977-06-06,96.11,1.17,,,,-0.2,90.2
1977-06-07,96.17,1.19,,,,-0.2,90.2
1977-06-08,96.59,1.19,,,,-0.2,90.2
1977-06-09,96.63,1.21,,,,-0.2,90.2
1977-06-10,97.07,1.19,,,,-0.2,90.2
1977-06-13,97.28,1.15,,,,-0.2,90.2
1977-06-14,97.7,1.14,,,,-0.2,90.2
1977-06-15,97.67,1.14,,,,-0.2,90.2
1977-06-16,98.22,1.12,,,,-0.2,90.2
1977-06-17,98.61,1.12,,,,-0.2,90.2
1977-06-20,98.72,1.14,,,,-0.2,90.2
1977-06-21,98.83,1.16,,,,-0.2,90.2
1977-06-22,98.78,1.14,,,,-0.2,90.2
1977-06-23,99.17,1.13,,,,-0.2,90.2
1977-06-24,99.66,1.14,,,,-0.2,90.2
1977-06-27,99.63,1.1,,,,-0.2,90.2
1977-06-28,99.28,1.14,,,,-0.2,90.2
1977-06-29,99.34,1.1,,,,-0.2,90.2
1977-06-30,99.73,1.14,,,,-0.2,90.2
1977-07-01,99.9,1.12,,,,-0.07,90.2
1977-07-05,100.12,1.22,,,,-0.07,90.2
1977-07-06,99.96,1.23,,,,-0.07,90.2
1977-07-07,100.28,1.23,,,,-0.07,90.2
1977-07-08,100.81,1.14,,,,-0.07,90.2
1977-07-11,100.85,1.12,,,,-0.07,90.2
1977-07-12,100.75,1.11,,,,-0.07,90.2
1977-07-13,100.93,1.1,,,,-0.07,90.2
1977-07-15,101.41,1.09,,,,-0.07,90.2
1977-07-18,102.01,1.05,,,,-0.07,90.2
1977-07-19,102.38,1.04,,,,-0.07,90.2
1977-07-20,102.43,1.02,,,,-0.07,90.2
1977-07-21,102.7,0.97,,,,-0.07,90.2
1977-07-22,103.11,0.94,,,,-0.07,90.2
1977-07-25,103.01,0.96,,,,-0.07,90.2
1977-07-26,102.4,0.99,,,,-0.07,90.2
1977-07-27,101.25,1,,,,-0.07,90.2
1977-07-28,100.68,0.99,,,,-0.07,90.2
1977-07-29,100.65,0.93,,,,-0.07,90.2
1977-08-01,100.76,0.92,,,,-0.03,90.2
1977-08-02,100.4,0.94,,,,-0.03,90.2
1977-08-03,100.02,0.9,,,,-0.03,90.2
1977-08-04,100.39,0.89,,,,-0.03,90.2
1977-08-05,100.86,0.91,,,,-0.03,90.2
1977-08-08,100.55,0.89,,,,-0.03,90.2
1977-08-09,100.52,0.89,,,,-0.03,90.2
1977-08-10,100.81,0.87,,,,-0.03,90.2
1977-08-11,100.94,0.87,,,,-0.03,90.2
1977-08-12,100.76,0.83,,,,-0.03,90.2
1977-08-15,100.89,0.8,,,,-0.03,90.2
1977-08-16,100.65,0.77,,,,-0.03,90.2
1977-08-17,100.72,0.74,,,,-0.03,90.2
1977-08-18,100.86,0.72,,,,-0.03,90.2
1977-08-19,100.85,0.74,,,,-0.03,90.2
1977-08-22,101.05,0.73,,,,-0.03,90.2
1977-08-23,100.94,0.73,,,,-0.03,90.2
1977-08-24,100.75,0.72,,,,-0.03,90.2
1977-08-25,100.14,0.68,,,,-0.03,90.2
1977-08-26,99.89,0.7,,,,-0.03,90.2
1977-08-29,100.37,0.65,,,,-0.03,90.2
1977-08-30,100.11,0.69,,,,-0.03,90.2
1977-08-31,100.1,0.71,,,,-0.03,90.2
1977-09-01,100.4,0.69,,,,0.07,89
1977-09-02,100.83,0.73,,,,0.07,89
1977-09-06,100.78,0.71,,,,0.07,89
1977-09-07,101.16,0.72,,,,0.07,89
1977-09-08,101.28,0.72,,,,0.07,89
1977-09-09,100.91,0.74,,,,0.07,89
1977-09-12,100.6,0.6,,,,0.07,89
1977-09-13,100.46,0.6,,,,0.07,89
1977-09-14,100.61,0.62,,,,0.07,89
1977-09-15,100.97,0.6,,,,0.07,89
1977-09-16,100.74,0.63,,,,0.07,89
1977-09-19,100.35,0.64,,,,0.07,89
1977-09-20,100.23,0.66,,,,0.07,89
1977-09-21,99.76,0.66,,,,0.07,89
1977-09-22,99.47,0.65,,,,0.07,89
1977-09-23,99.57,0.54,,,,0.07,89
1977-09-26,99.74,0.53,,,,0.07,89
1977-09-27,99.74,0.53,,,,0.07,89
1977-09-28,99.96,0.58,,,,0.07,89
1977-09-29,100.27,0.57,,,,0.07,89
1977-09-30,100.85,0.6,,,,0.07,89
1977-10-03,101.16,0.59,,,,0,89
1977-10-04,100.81,0.57,,,,0,89
1977-10-05,100.82,0.56,,,,0,89
1977-10-06,101.31,0.54,,,,0,89
1977-10-07,101.62,0.55,,,,0,89
1977-10-10,101.69,0.52,,,,0,89
1977-10-11,101.23,0.52,,,,0,89
1977-10-12,99.83,0.48,,,,0,89
1977-10-13,99.03,0.4,,,,0,89
1977-10-14,99.05,0.35,,,,0,89
1977-10-17,99.14,0.37,,,,0,89
1977-10-18,99.25,0.33,,,,0,89
1977-10-19,98.45,0.32,,,,0,89
1977-10-20,98.6,0.32,,,,0,89
1977-10-21,98.54,0.34,,,,0,89
1977-10-24,97.89,0.33,,,,0,89
1977-10-25,96.83,0.36,,,,0,89
1977-10-26,96.86,0.38,,,,0,89
1977-10-27,97.07,0.4,,,,0,89
1977-10-28,97.49,0.42,,,,0,89
1977-10-31,97.52,0.39,,,,0.03,89
1977-11-01,96.74,0.4,,,,0.03,89
1977-11-02,96.51,0.45,,,,0.03,89
1977-11-03,96.49,0.46,,,,0.03,89
1977-11-04,97.21,0.44,,,,0.03,89
1977-11-07,97.85,0.45,,,,0.03,89
1977-11-08,98.21,0.45,,,,0.03,89
1977-11-09,98.7,0.44,,,,0.03,89
1977-11-10,99.98,0.44,,,,0.03,89
1977-11-11,100.94,0.44,,,,0.03,89
1977-11-14,100.98,0.46,,,,0.03,89
1977-11-15,101.52,0.45,,,,0.03,89
1977-11-16,101.56,0.43,,,,0.03,89
1977-11-17,101.86,0.44,,,,0.03,89
1977-11-18,102.22,0.43,,,,0.03,89
1977-11-21,102.35,0.44,,,,0.03,89
1977-11-22,102.93,0.4,,,,0.03,89
1977-11-23,103.74,0.41,,,,0.03,89
1977-11-25,104.33,0.42,,,,0.03,89
1977-11-28,104.06,0.42,,,,0.03,89
1977-11-29,103.2,0.44,,,,0.03,89
1977-11-30,103.15,0.44,,,,-0.03,84.4
1977-12-01,103.68,0.45,,,,-0.03,84.4
1977-12-02,104.1,0.44,,,,-0.03,84.4
1977-12-05,104.15,0.45,,,,-0.03,84.4
1977-12-06,102.97,0.48,,,,-0.03,84.4
1977-12-07,102.85,0.47,,,,-0.03,84.4
1977-12-08,103.06,0.48,,,,-0.03,84.4
1977-12-09,103.57,0.48,,,,-0.03,84.4
1977-12-12,103.89,0.48,,,,-0.03,84.4
1977-12-13,104.1,0.49,,,,-0.03,84.4
1977-12-14,103.96,0.5,,,,-0.03,84.4
1977-12-15,103.89,0.53,,,,-0.03,84.4
1977-12-16,104.05,0.54,,,,-0.03,84.4
1977-12-19,103.3,0.56,,,,-0.03,84.4
1977-12-20,102.5,0.6,,,,-0.03,84.4
1977-12-21,103.03,0.56,,,,-0.03,84.4
1977-12-22,103.41,0.49,,,,-0.03,84.4
1977-12-23,103.94,0.51,,,,-0.03,84.4
1977-12-27,103.96,0.52,,,,-0.03,84.4
1977-12-28,104.04,0.53,,,,-0.03,84.4
1977-12-29,104.42,0.56,,,,-0.03,84.4
1977-12-30,105.05,0.56,,,,-0.03,84.4
1978-01-03,104,0.59,,,,-0.13,84.4
1978-01-04,103.66,0.58,,,,-0.13,84.4
1978-01-05,103.21,0.57,,,,-0.13,84.4
1978-01-06,101.66,0.57,,,,-0.13,84.4
1978-01-09,100.2,0.43,,,,-0.13,84.4
1978-01-10,99.58,0.44,,,,-0.13,84.4
1978-01-11,99.09,0.43,,,,-0.13,84.4
1978-01-12,99.54,0.42,,,,-0.13,84.4
1978-01-13,99.77,0.41,,,,-0.13,84.4
1978-01-16,99.36,0.43,,,,-0.13,84.4
1978-01-17,99.98,0.44,,,,-0.13,84.4
1978-01-18,100.42,0.44,,,,-0.13,84.4
1978-01-19,100.58,0.42,,,,-0.13,84.4
1978-01-20,100.63,0.42,,,,-0.13,84.4
1978-01-23,100.34,0.44,,,,-0.13,84.4
1978-01-24,100.54,0.46,,,,-0.13,84.4
1978-01-25,100.87,0.47,,,,-0.13,84.4
1978-01-26,100.53,0.47,,,,-0.13,84.4
1978-01-27,100.62,0.49,,,,-0.13,84.4
1978-01-30,100.97,0.49,,,,-0.13,84.4
1978-01-31,100.84,0.47,,,,-0.17,83.7
1978-02-01,101.54,0.49,,,,-0.17,83.7
1978-02-02,101.94,0.48,,,,-0.17,83.7
1978-02-03,102.22,0.49,,,,-0.17,83.7
1978-02-06,102.27,0.49,,,,-0.17,83.7
1978-02-07,102.75,0.47,,,,-0.17,83.7
1978-02-08,103.18,0.48,,,,-0.17,83.7
1978-02-09,103.2,0.49,,,,-0.17,83.7
1978-02-10,103.58,0.49,,,,-0.17,83.7
1978-02-13,103.34,0.49,,,,-0.17,83.7
1978-02-14,102.78,0.48,,,,-0.17,83.7
1978-02-15,102.56,0.49,,,,-0.17,83.7
1978-02-16,102.17,0.46,,,,-0.17,83.7
1978-02-17,102.25,0.46,,,,-0.17,83.7
1978-02-21,101.99,0.45,,,,-0.17,83.7
1978-02-22,102.13,0.45,,,,-0.17,83.7
1978-02-23,102.16,0.43,,,,-0.17,83.7
1978-02-24,102.7,0.43,,,,-0.17,83.7
1978-02-27,102.22,0.43,,,,-0.17,83.7
1978-02-28,101.47,0.47,,,,-0.2,84.3
1978-03-01,101.47,0.46,,,,-0.2,84.3
1978-03-02,101.71,0.45,,,,-0.2,84.3
1978-03-03,101.95,0.45,,,,-0.2,84.3
1978-03-06,101.74,0.47,,,,-0.2,84.3
1978-03-07,102.02,0.47,,,,-0.2,84.3
1978-03-08,102.41,0.49,,,,-0.2,84.3
1978-03-09,102.82,0.46,,,,-0.2,84.3
1978-03-10,103.42,0.46,,,,-0.2,84.3
1978-03-13,103.53,0.45,,,,-0.2,84.3
1978-03-14,103.66,0.45,,,,-0.2,84.3
1978-03-15,103.8,0.46,,,,-0.2,84.3
1978-03-16,104.38,0.46,,,,-0.2,84.3
1978-03-17,104.94,0.45,,,,-0.2,84.3
1978-03-20,105.36,0.44,,,,-0.2,84.3
1978-03-21,105.02,0.44,,,,-0.2,84.3
1978-03-22,105.16,0.44,,,,-0.2,84.3
1978-03-23,105.39,0.45,,,,-0.2,84.3
1978-03-27,105.3,0.51,,,,-0.2,84.3
1978-03-28,105.68,0.48,,,,-0.2,84.3
1978-03-29,106.08,0.47,,,,-0.2,84.3
1978-03-30,106.18,0.48,,,,-0.2,84.3
1978-03-31,106.2,0.45,,,,-0.07,78.8
1978-04-03,105.89,0.44,,,,-0.07,78.8
1978-04-04,106.2,0.43,,,,-0.07,78.8
1978-04-05,106.95,0.42,,,,-0.07,78.8
1978-04-06,107.47,0.43,,,,-0.07,78.8
1978-04-07,108.23,0.42,,,,-0.07,78.8
1978-04-10,108.53,0.43,,,,-0.07,78.8
1978-04-11,108.44,0.45,,,,-0.07,78.8
1978-04-12,108.87,0.47,,,,-0.07,78.8
1978-04-13,109.99,0.48,,,,-0.07,78.8
1978-04-14,111.29,0.51,,,,-0.07,78.8
1978-04-17,111.91,0.48,,,,-0.07,78.8
1978-04-18,111.43,0.46,,,,-0.07,78.8
1978-04-19,111.64,0.36,,,,-0.07,78.8
1978-04-20,112.86,0.35,,,,-0.07,78.8
1978-04-21,113.32,0.35,,,,-0.07,78.8
1978-04-24,113.6,0.36,,,,-0.07,78.8
1978-04-25,114.28,0.38,,,,-0.07,78.8
1978-04-26,114.7,0.37,,,,-0.07,78.8
1978-04-27,114.59,0.35,,,,-0.07,78.8
1978-04-28,115.18,0.27,,,,-0.07,78.8
1978-05-01,115.96,0.27,,,,-0.1,81.6
1978-05-02,116.12,0.33,,,,-0.1,81.6
1978-05-03,116.21,0.34,,,,-0.1,81.6
1978-05-04,116.48,0.37,,,,-0.1,81.6
1978-05-05,117.27,0.37,,,,-0.1,81.6
1978-05-08,117.14,0.38,,,,-0.1,81.6
1978-05-09,117.05,0.37,,,,-0.1,81.6
1978-05-10,117.55,0.36,,,,-0.1,81.6
1978-05-11,118.25,0.36,,,,-0.1,81.6
1978-05-12,119.4,0.34,,,,-0.1,81.6
1978-05-15,119.8,0.36,,,,-0.1,81.6
1978-05-16,120.78,0.37,,,,-0.1,81.6
1978-05-17,121.84,0.37,,,,-0.1,81.6
1978-05-18,121.66,0.35,,,,-0.1,81.6
1978-05-19,121.57,0.33,,,,-0.1,81.6
1978-05-22,121.93,0.31,,,,-0.1,81.6
1978-05-23,120.97,0.31,,,,-0.1,81.6
1978-05-24,119.8,0.3,,,,-0.1,81.6
1978-05-25,119.82,0.29,,,,-0.1,81.6
1978-05-26,119.86,0.3,,,,-0.1,81.6
1978-05-30,120,0.32,,,,-0.1,81.6
1978-05-31,120.24,0.32,,,,-0.1,81.6
1978-06-01,120.34,0.3,,,,0,82.9
1978-06-02,121.03,0.29,,,,0,82.9
1978-06-05,122.1,0.3,,,,0,82.9
1978-06-06,122.85,0.31,,,,0,82.9
1978-06-07,123.1,0.3,,,,0,82.9
1978-06-08,123.99,0.3,,,,0,82.9
1978-06-09,124.41,0.31,,,,0,82.9
1978-06-12,124.29,0.32,,,,0,82.9
1978-06-13,124.24,0.29,,,,0,82.9
1978-06-14,124.51,0.3,,,,0,82.9
1978-06-15,124.19,0.29,,,,0,82.9
1978-06-16,123.69,0.29,,,,0,82.9
1978-06-19,122.92,0.24,,,,0,82.9
1978-06-20,122.03,0.2,,,,0,82.9
1978-06-21,120.63,0.2,,,,0,82.9
1978-06-22,120.68,0.09,,,,0,82.9
1978-06-23,120.74,0.09,,,,0,82.9
1978-06-26,119.54,0.11,,,,0,82.9
1978-06-27,119.18,0.11,,,,0,82.9
1978-06-28,119.52,0.14,,,,0,82.9
1978-06-29,119.98,0.13,,,,0,82.9
1978-06-30,120.3,0.15,,,,0,82.9
1978-07-03,120.15,0.14,,,,-0.17,80
1978-07-05,119.22,0.15,,,,-0.17,80
1978-07-06,118.82,0.18,,,,-0.17,80
1978-07-07,119.16,0.18,,,,-0.17,80
1978-07-10,119.38,0.18,,,,-0.17,80
1978-07-11,119.83,0.18,,,,-0.17,80
1978-07-12,120.28,0.2,,,,-0.17,80
1978-07-13,120.43,0.19,,,,-0.17,80
1978-07-14,121.58,0.18,,,,-0.17,80
1978-07-17,122.36,0.17,,,,-0.17,80
1978-07-18,122.09,0.17,,,,-0.17,80
1978-07-19,122.8,0.17,,,,-0.17,80
1978-07-20,123.75,0.16,,,,-0.17,80
1978-07-21,123.6,0.16,,,,-0.17,80
1978-07-24,123.59,0.08,,,,-0.17,80
1978-07-25,123.79,0.1,,,,-0.17,80
1978-07-26,124.48,0.12,,,,-0.17,80
1978-07-27,125.13,0.14,,,,-0.17,80
1978-07-28,125.62,0.11,,,,-0.17,80
1978-07-31,126.32,0.1,,,,-0.17,80
1978-08-01,126.81,0.09,,,,0.07,82.4
1978-08-02,128.16,0.09,,,,0.07,82.4
1978-08-03,129.02,0.04,,,,0.07,82.4
1978-08-04,129.71,0.13,,,,0.07,82.4
1978-08-07,130.21,0.12,,,,0.07,82.4
1978-08-08,130.49,0.18,,,,0.07,82.4
1978-08-09,131.64,0.16,,,,0.07,82.4
1978-08-10,131.58,0.17,,,,0.07,82.4
1978-08-11,132,0.21,,,,0.07,82.4
1978-08-14,132.11,0.19,,,,0.07,82.4
1978-08-15,131.95,0.16,,,,0.07,82.4
1978-08-16,132.77,0.17,,,,0.07,82.4
1978-08-17,134.14,0.05,,,,0.07,82.4
1978-08-18,134.71,0,,,,0.07,82.4
1978-08-21,133.77,-0.04,,,,0.07,82.4
1978-08-22,133.87,-0.06,,,,0.07,82.4
1978-08-23,134.73,-0.06,,,,0.07,82.4
1978-08-24,135.28,-0.1,,,,0.07,82.4
1978-08-25,135.84,-0.06,,,,0.07,82.4
1978-08-28,135.24,-0.07,,,,0.07,82.4
1978-08-29,134.63,-0.06,,,,0.07,82.4
1978-08-30,134.75,-0.07,,,,0.07,82.4
1978-08-31,135.01,-0.06,,,,0.07,82.4
1978-09-01,135.35,-0.07,,,,0,78.4
1978-09-05,135.46,-0.12,,,,0,78.4
1978-09-06,136.48,-0.12,,,,0,78.4
1978-09-07,137.09,-0.09,,,,0,78.4
1978-09-08,138.36,-0.1,,,,0,78.4
1978-09-11,138.95,-0.12,,,,0,78.4
1978-09-12,139.24,-0.12,,,,0,78.4
1978-09-13,139.25,-0.16,,,,0,78.4
1978-09-14,138.34,-0.15,,,,0,78.4
1978-09-15,137.36,-0.13,,,,0,78.4
1978-09-18,135.65,-0.14,,,,0,78.4
1978-09-19,134.06,-0.15,,,,0,78.4
1978-09-20,132.66,-0.16,,,,0,78.4
1978-09-21,132.1,-0.14,,,,0,78.4
1978-09-22,132.3,-0.18,,,,0,78.4
1978-09-25,132.11,-0.17,,,,0,78.4
1978-09-26,132.92,-0.19,,,,0,78.4
1978-09-27,132.01,-0.22,,,,0,78.4
1978-09-28,132.11,-0.2,,,,0,78.4
1978-09-29,132.89,-0.18,,,,0,78.4
1978-10-02,133.3,-0.14,,,,0.1,80.4
1978-10-03,133.11,-0.13,,,,0.1,80.4
1978-10-04,133.1,-0.12,,,,0.1,80.4
1978-10-05,133.54,-0.1,,,,0.1,80.4
1978-10-06,134,-0.09,,,,0.1,80.4
1978-10-09,134.64,-0.11,,,,0.1,80.4
1978-10-10,134.93,-0.11,,,,0.1,80.4
1978-10-11,135.27,-0.12,,,,0.1,80.4
1978-10-12,135.57,-0.14,,,,0.1,80.4
1978-10-13,135.58,-0.18,,,,0.1,80.4
1978-10-16,133.94,-0.17,,,,0.1,80.4
1978-10-17,130.96,-0.14,,,,0.1,80.4
1978-10-18,128.92,-0.17,,,,0.1,80.4
1978-10-19,127.22,-0.21,,,,0.1,80.4
1978-10-20,123.82,-0.2,,,,0.1,80.4
1978-10-23,121.94,-0.19,,,,0.1,80.4
1978-10-24,121.14,-0.18,,,,0.1,80.4
1978-10-25,121.16,-0.21,,,,0.1,80.4
1978-10-26,118,-0.31,,,,0.1,80.4
1978-10-27,115.25,-0.33,,,,0.1,80.4
1978-10-30,112.4,-0.47,,,,0.1,80.4
1978-10-31,111.12,-0.53,,,,-0.03,79.3
1978-11-01,114.65,-0.78,,,,-0.03,79.3
1978-11-02,114.63,-0.69,,,,-0.03,79.3
1978-11-03,115.49,-0.63,,,,-0.03,79.3
1978-11-06,115.08,-0.6,,,,-0.03,79.3
1978-11-07,112.83,-0.6,,,,-0.03,79.3
1978-11-08,112.99,-0.63,,,,-0.03,79.3
1978-11-09,113.88,-0.63,,,,-0.03,79.3
1978-11-10,114.84,-0.6,,,,-0.03,79.3
1978-11-13,113,-0.57,,,,-0.03,79.3
1978-11-14,110.88,-0.59,,,,-0.03,79.3
1978-11-15,111.44,-0.58,,,,-0.03,79.3
1978-11-16,112.21,-0.49,,,,-0.03,79.3
1978-11-17,113.69,-0.47,,,,-0.03,79.3
1978-11-20,114.51,-0.47,,,,-0.03,79.3
1978-11-21,114.56,-0.46,,,,-0.03,79.3
1978-11-22,115.37,-0.6,,,,-0.03,79.3
1978-11-24,116.17,-0.74,,,,-0.03,79.3
1978-11-27,115.97,-0.74,,,,-0.03,79.3
1978-11-28,115.6,-0.74,,,,-0.03,79.3
1978-11-29,114.09,-0.69,,,,-0.03,79.3
1978-11-30,114.69,-0.69,,,,-0.03,75
1978-12-01,116.19,-0.7,,,,-0.03,75
1978-12-04,116.57,-0.69,,,,-0.03,75
1978-12-05,117.67,-0.65,,,,-0.03,75
1978-12-06,118.45,-0.65,,,,-0.03,75
1978-12-07,118.55,-0.61,,,,-0.03,75
1978-12-08,118.77,-0.61,,,,-0.03,75
1978-12-11,119.15,-0.62,,,,-0.03,75
1978-12-12,118.5,-0.6,,,,-0.03,75
1978-12-13,118.13,-0.56,,,,-0.03,75
1978-12-14,118.15,-0.58,,,,-0.03,75
1978-12-15,117.41,-0.58,,,,-0.03,75
1978-12-18,114.33,-0.73,,,,-0.03,75
1978-12-19,114.73,-0.77,,,,-0.03,75
1978-12-20,115.3,-0.8,,,,-0.03,75
1978-12-21,115.85,-0.82,,,,-0.03,75
1978-12-22,116.93,-0.85,,,,-0.03,75
1978-12-26,117.68,-0.85,,,,-0.03,75
1978-12-27,117.33,-0.86,,,,-0.03,75
1978-12-28,117.3,-0.82,,,,-0.03,75
1978-12-29,117.98,-0.83,,,,-0.03,75
1979-01-02,117.84,-0.82,,,,0,66.1
1979-01-03,119.11,-0.82,,,,0,66.1
1979-01-04,120.66,-0.77,,,,0,66.1
1979-01-05,122.05,-0.77,,,,0,66.1
1979-01-08,121.92,-0.78,,,,0,66.1
1979-01-09,122.66,-0.76,,,,0,66.1
1979-01-10,122.28,-0.78,,,,0,66.1
1979-01-11,122.76,-0.77,,,,0,66.1
1979-01-12,123.74,-0.78,,,,0,66.1
1979-01-15,124.47,-0.76,,,,0,66.1
1979-01-16,123.74,-0.76,,,,0,66.1
1979-01-17,123.59,-0.73,,,,0,66.1
1979-01-18,124.31,-0.74,,,,0,66.1
1979-01-19,124.65,-0.76,,,,0,66.1
1979-01-22,124.66,-0.74,,,,0,66.1
1979-01-23,125.46,-0.75,,,,0,66.1
1979-01-24,125.34,-0.77,,,,0,66.1
1979-01-25,126.42,-0.8,,,,0,66.1
1979-01-26,127.04,-0.74,,,,0,66.1
1979-01-29,126.77,-0.71,,,,0,66.1
1979-01-30,126.51,-0.73,,,,0,66.1
1979-01-31,125.82,-0.69,,,,0,72.1
1979-02-01,125.76,-0.67,,,,0,72.1
1979-02-02,125.82,-0.59,,,,0,72.1
1979-02-05,124.34,-0.58,,,,0,72.1
1979-02-06,124.31,-0.58,,,,0,72.1
1979-02-07,122.8,-0.58,,,,0,72.1
1979-02-08,123.41,-0.61,,,,0,72.1
1979-02-09,123.76,-0.59,,,,0,72.1
1979-02-12,124.05,-0.59,,,,0,72.1
1979-02-13,124.89,-0.58,,,,0,72.1
1979-02-14,124.61,-0.55,,,,0,72.1
1979-02-15,124.93,-0.56,,,,0,72.1
1979-02-16,125.57,-0.57,,,,0,72.1
1979-02-20,125.83,-0.57,,,,0,72.1
1979-02-21,125.76,-0.56,,,,0,72.1
1979-02-22,125.45,-0.7,,,,0,72.1
1979-02-23,125.04,-0.71,,,,0,72.1
1979-02-26,124.9,-0.71,,,,0,72.1
1979-02-27,122.64,-0.7,,,,0,72.1
1979-02-28,122.56,-0.72,,,,-0.03,73.9
1979-03-01,123.33,-0.7,,,,-0.03,73.9
1979-03-02,123.67,-0.71,,,,-0.03,73.9
1979-03-05,124.72,-0.72,,,,-0.03,73.9
1979-03-06,124.43,-0.69,,,,-0.03,73.9
1979-03-07,125.61,-0.71,,,,-0.03,73.9
1979-03-08,127.05,-0.66,,,,-0.03,73.9
1979-03-09,127.25,-0.68,,,,-0.03,73.9
1979-03-12,127.19,-0.7,,,,-0.03,73.9
1979-03-13,127.69,-0.69,,,,-0.03,73.9
1979-03-14,127.59,-0.7,,,,-0.03,73.9
1979-03-15,127.85,-0.68,,,,-0.03,73.9
1979-03-16,128.55,-0.72,,,,-0.03,73.9
1979-03-19,129.14,-0.69,,,,-0.03,73.9
1979-03-20,128.79,-0.66,,,,-0.03,73.9
1979-03-21,129.44,-0.66,,,,-0.03,73.9
1979-03-22,130.08,-0.65,,,,-0.03,73.9
1979-03-23,130.58,-0.65,,,,-0.03,73.9
1979-03-26,130.11,-0.64,,,,-0.03,73.9
1979-03-27,130.78,-0.62,,,,-0.03,73.9
1979-03-28,130.87,-0.64,,,,-0.03,73.9
1979-03-29,131.29,-0.61,,,,-0.03,73.9
1979-03-30,131.76,-0.61,,,,-0.03,73.9
1979-04-02,131.36,-0.63,,,,-0.07,68.4
1979-04-03,132.33,-0.63,,,,-0.07,68.4
1979-04-04,132.75,-0.62,,,,-0.07,68.4
1979-04-05,133.37,-0.61,,,,-0.07,68.4
1979-04-06,133.75,-0.65,,,,-0.07,68.4
1979-04-09,133.74,-0.67,,,,-0.07,68.4
1979-04-10,134.22,-0.64,,,,-0.07,68.4
1979-04-11,133.57,-0.65,,,,-0.07,68.4
1979-04-12,133.54,-0.65,,,,-0.07,68.4
1979-04-16,132.48,-0.67,,,,-0.07,68.4
1979-04-17,132.26,-0.61,,,,-0.07,68.4
1979-04-18,132.91,-0.56,,,,-0.07,68.4
1979-04-19,133.18,-0.53,,,,-0.07,68.4
1979-04-20,133.67,-0.54,,,,-0.07,68.4
1979-04-23,133.87,-0.52,,,,-0.07,68.4
1979-04-24,134.29,-0.51,,,,-0.07,68.4
1979-04-25,134.78,-0.54,,,,-0.07,68.4
1979-04-26,134.65,-0.53,,,,-0.07,68.4
1979-04-27,134.37,-0.61,,,,-0.07,68.4
1979-04-30,133.82,-0.61,,,,-0.07,68.4
1979-05-01,133.79,-0.56,,,,0,66
1979-05-02,133.99,-0.55,,,,0,66
1979-05-03,134.2,-0.57,,,,0,66
1979-05-04,133.72,-0.55,,,,0,66
1979-05-07,130.6,-0.54,,,,0,66
1979-05-08,129.6,-0.52,,,,0,66
1979-05-09,130.34,-0.53,,,,0,66
1979-05-10,129.71,-0.54,,,,0,66
1979-05-11,129.69,-0.56,,,,0,66
1979-05-14,128.99,-0.56,,,,0,66
1979-05-15,129.01,-0.57,,,,0,66
1979-05-16,129.35,-0.55,,,,0,66
1979-05-17,130.44,-0.53,,,,0,66
1979-05-18,131.01,-0.48,,,,0,66
1979-05-21,131.16,-0.48,,,,0,66
1979-05-22,131.9,-0.51,,,,0,66
1979-05-23,132.12,-0.54,,,,0,66
1979-05-24,132.1,-0.58,,,,0,66
1979-05-25,132.68,-0.52,,,,0,66
1979-05-29,132.46,-0.49,,,,0,66
1979-05-30,131.39,-0.49,,,,0,66
1979-05-31,131.42,-0.49,,,,0,66
1979-06-01,131.76,-0.5,,,,0.03,68.1
1979-06-04,131.95,-0.51,,,,0.03,68.1
1979-06-05,133.02,-0.5,,,,0.03,68.1
1979-06-06,133.62,-0.48,,,,0.03,68.1
1979-06-07,134.55,-0.46,,,,0.03,68.1
1979-06-08,134.96,-0.4,,,,0.03,68.1
1979-06-11,135.04,-0.35,,,,0.03,68.1
1979-06-12,135.92,-0.33,,,,0.03,68.1
1979-06-13,136.01,-0.26,,,,0.03,68.1
1979-06-14,136.02,-0.25,,,,0.03,68.1
1979-06-15,136.25,-0.25,,,,0.03,68.1
1979-06-18,135.85,-0.28,,,,0.03,68.1
1979-06-19,136.05,-0.31,,,,0.03,68.1
1979-06-20,136.45,-0.29,,,,0.03,68.1
1979-06-21,136.71,-0.31,,,,0.03,68.1
1979-06-22,137.24,-0.32,,,,0.03,68.1
1979-06-25,136.89,-0.29,,,,0.03,68.1
1979-06-26,136.53,-0.27,,,,0.03,68.1
1979-06-27,137.4,-0.15,,,,0.03,68.1
1979-06-28,138.08,-0.12,,,,0.03,68.1
1979-06-29,138.13,-0.15,,,,0.03,68.1
1979-07-02,137.03,-0.16,,,,0,65.8
1979-07-03,137.03,-0.17,,,,0,65.8
1979-07-05,137.79,-0.18,,,,0,65.8
1979-07-06,138.64,-0.18,,,,0,65.8
1979-07-09,139.15,-0.18,,,,0,65.8
1979-07-10,138.97,-0.18,,,,0,65.8
1979-07-11,138.85,-0.12,,,,0,65.8
1979-07-12,138.68,-0.07,,,,0,65.8
1979-07-13,138.52,-0.06,,,,0,65.8
1979-07-16,138.89,-0.07,,,,0,65.8
1979-07-17,137.86,-0.09,,,,0,65.8
1979-07-18,137.26,-0.09,,,,0,65.8
1979-07-19,137.57,-0.07,,,,0,65.8
1979-07-20,137.98,-0.1,,,,0,65.8
1979-07-23,137.57,-0.26,,,,0,65.8
1979-07-24,138.02,-0.25,,,,0,65.8
1979-07-25,138.97,-0.27,,,,0,65.8
1979-07-26,139.52,-0.37,,,,0,65.8
1979-07-27,140.02,-0.28,,,,0,65.8
1979-07-30,140.54,-0.36,,,,0,65.8
1979-07-31,141.33,-0.29,,,,0,65.8
1979-08-01,141.9,-0.3,,,,-0.03,60.4
1979-08-02,142.54,-0.24,,,,-0.03,60.4
1979-08-03,142.63,-0.29,,,,-0.03,60.4
1979-08-06,142.41,-0.35,,,,-0.03,60.4
1979-08-07,143.3,-0.36,,,,-0.03,60.4
1979-08-08,144.06,-0.31,,,,-0.03,60.4
1979-08-09,144.27,-0.32,,,,-0.03,60.4
1979-08-10,145.07,-0.3,,,,-0.03,60.4
1979-08-13,146.07,-0.33,,,,-0.03,60.4
1979-08-14,146.3,-0.34,,,,-0.03,60.4
1979-08-15,147.14,-0.34,,,,-0.03,60.4
1979-08-16,147.44,-0.41,,,,-0.03,60.4
1979-08-17,147.84,-0.39,,,,-0.03,60.4
1979-08-20,147.95,-0.43,,,,-0.03,60.4
1979-08-21,147.99,-0.43,,,,-0.03,60.4
1979-08-22,148.74,-0.47,,,,-0.03,60.4
1979-08-23,149.13,-0.51,,,,-0.03,60.4
1979-08-24,149.4,-0.58,,,,-0.03,60.4
1979-08-27,149.51,-0.58,,,,-0.03,60.4
1979-08-28,149.54,-0.56,,,,-0.03,60.4
1979-08-29,150.04,-0.58,,,,-0.03,60.4
1979-08-30,150.06,-0.59,,,,-0.03,60.4
1979-08-31,150.44,-0.56,,,,-0.03,60.4
1979-09-04,148.49,-0.6,,,,0.07,64.5
1979-09-05,146.03,-0.68,,,,0.07,64.5
1979-09-06,146.87,-0.7,,,,0.07,64.5
1979-09-07,148.07,-0.68,,,,0.07,64.5
1979-09-10,148.91,-0.76,,,,0.07,64.5
1979-09-11,148.39,-0.77,,,,0.07,64.5
1979-09-12,148.66,-0.75,,,,0.07,64.5
1979-09-13,149.33,-0.74,,,,0.07,64.5
1979-09-14,150.56,-0.76,,,,0.07,64.5
1979-09-17,150.46,-0.73,,,,0.07,64.5
1979-09-18,149.19,-0.76,,,,0.07,64.5
1979-09-19,149.44,-0.78,,,,0.07,64.5
1979-09-20,150.2,-0.77,,,,0.07,64.5
1979-09-21,150.65,-0.74,,,,0.07,64.5
1979-09-24,150.12,-0.74,,,,0.07,64.5
1979-09-25,149.27,-0.67,,,,0.07,64.5
1979-09-26,149.88,-0.69,,,,0.07,64.5
1979-09-27,150.37,-0.66,,,,0.07,64.5
1979-09-28,149.98,-0.67,,,,0.07,64.5
1979-10-01,149.59,-0.66,,,,0.13,66.7
1979-10-02,150.01,-0.63,,,,0.13,66.7
1979-10-03,150.51,-0.67,,,,0.13,66.7
1979-10-04,151.42,-0.64,,,,0.13,66.7
1979-10-05,152.29,-0.76,,,,0.13,66.7
1979-10-08,150.98,-0.79,,,,0.13,66.7
1979-10-09,145.2,-0.79,,,,0.13,66.7
1979-10-10,139.31,-1.19,,,,0.13,66.7
1979-10-11,140.09,-1.31,,,,0.13,66.7
1979-10-12,140.71,-1.09,,,,0.13,66.7
1979-10-15,138.39,-1.02,,,,0.13,66.7
1979-10-16,138.34,-1.08,,,,0.13,66.7
1979-10-17,139.04,-1.12,,,,0.13,66.7
1979-10-18,139.46,-1.2,,,,0.13,66.7
1979-10-19,136.59,-1.34,,,,0.13,66.7
1979-10-22,133.16,-1.47,,,,0.13,66.7
1979-10-23,132.61,-1.47,,,,0.13,66.7
1979-10-24,133.02,-1.61,,,,0.13,66.7
1979-10-25,132.72,-1.69,,,,0.13,66.7
1979-10-26,133.75,-1.61,,,,0.13,66.7
1979-10-29,133.91,-1.41,,,,0.13,66.7
1979-10-30,135.48,-1.37,,,,0.13,66.7
1979-10-31,135.53,-1.34,,,,0.23,62.1
1979-11-01,136.42,-1.29,,,,0.23,62.1
1979-11-02,136.88,-1.35,,,,0.23,62.1
1979-11-05,136.11,-1.3,,,,0.23,62.1
1979-11-06,135.66,-1.3,,,,0.23,62.1
1979-11-07,134.14,-1.36,,,,0.23,62.1
1979-11-08,134.77,-1.33,,,,0.23,62.1
1979-11-09,135.86,-1.1,,,,0.23,62.1
1979-11-12,137.05,-1.1,,,,0.23,62.1
1979-11-13,137.14,-1.01,,,,0.23,62.1
1979-11-14,137.76,-1.07,,,,0.23,62.1
1979-11-15,138.92,-1.06,,,,0.23,62.1
1979-11-16,139.07,-1.2,,,,0.23,62.1
1979-11-19,139.98,-1.28,,,,0.23,62.1
1979-11-20,139.5,-1.34,,,,0.23,62.1
1979-11-21,138.88,-1.44,,,,0.23,62.1
1979-11-23,139.85,-1.18,,,,0.23,62.1
1979-11-26,141.95,-1.07,,,,0.23,62.1
1979-11-27,142.55,-0.87,,,,0.23,62.1
1979-11-28,143.53,-0.86,,,,0.23,62.1
1979-11-29,144.16,-0.89,,,,0.23,62.1
1979-11-30,144.26,-0.95,,,,0.17,63.3
1979-12-03,143.86,-0.98,,,,0.17,63.3
1979-12-04,144.8,-0.98,,,,0.17,63.3
1979-12-05,145.92,-0.94,,,,0.17,63.3
1979-12-06,147.04,-0.95,,,,0.17,63.3
1979-12-07,147.49,-0.91,,,,0.17,63.3
1979-12-10,147.97,-0.98,,,,0.17,63.3
1979-12-11,147.83,-1.14,,,,0.17,63.3
1979-12-12,148.51,-1.27,,,,0.17,63.3
1979-12-13,148.97,-1.16,,,,0.17,63.3
1979-12-14,150.03,-1.02,,,,0.17,63.3
1979-12-17,150.56,-1.03,,,,0.17,63.3
1979-12-18,149.72,-0.97,,,,0.17,63.3
1979-12-19,149.65,-1.05,,,,0.17,63.3
1979-12-20,150.27,-1.02,,,,0.17,63.3
1979-12-21,150.17,-1.03,,,,0.17,63.3
1979-12-24,149.97,-0.99,,,,0.17,63.3
1979-12-26,150.01,-0.95,,,,0.17,63.3
1979-12-27,150.23,-0.93,,,,0.17,63.3
1979-12-28,150.83,-0.89,,,,0.17,63.3
1979-12-31,151.14,-0.9,,,,0.13,61
1980-01-02,148.17,-0.89,,,,0.13,61
1980-01-03,145.97,-0.85,,,,0.13,61
1980-01-04,148.02,-0.81,,,,0.13,61
1980-01-07,148.62,-0.72,,,,0.13,61
1980-01-08,150.68,-0.69,,,,0.13,61
1980-01-09,151.6,-0.66,,,,0.13,61
1980-01-10,153.12,-0.67,,,,0.13,61
1980-01-11,153.87,-0.65,,,,0.13,61
1980-01-14,154.4,-0.65,,,,0.13,61
1980-01-15,154.96,-0.67,,,,0.13,61
1980-01-16,155.99,-0.65,,,,0.13,61
1980-01-17,155.81,-0.66,,,,0.13,61
1980-01-18,156.14,-0.7,,,,0.13,61
1980-01-21,157.35,-0.62,,,,0.13,61
1980-01-22,156.92,-0.71,,,,0.13,61
1980-01-23,158.5,-0.71,,,,0.13,61
1980-01-24,159.24,-0.67,,,,0.13,61
1980-01-25,159.7,-0.72,,,,0.13,61
1980-01-28,160.7,-0.64,,,,0.13,61
1980-01-29,160.29,-0.67,,,,0.13,61
1980-01-30,161.3,-0.68,,,,0.13,61
1980-01-31,161.75,-0.62,,,,0.23,67
1980-02-01,162.3,-0.75,,,,0.23,67
1980-02-04,162.02,-0.72,,,,0.23,67
1980-02-05,162.2,-0.76,,,,0.23,67
1980-02-06,162.99,-0.5,,,,0.23,67
1980-02-07,163.77,-0.5,,,,0.23,67
1980-02-08,165.25,-0.51,,,,0.23,67
1980-02-11,164.46,-0.59,,,,0.23,67
1980-02-12,164.57,-0.59,,,,0.23,67
1980-02-13,164.98,-0.66,,,,0.23,67
1980-02-14,163.54,-0.63,,,,0.23,67
1980-02-15,162.56,-0.93,,,,0.23,67
1980-02-19,161.06,-1.11,,,,0.23,67
1980-02-20,162.1,-1.19,,,,0.23,67
1980-02-21,161.31,-1.29,,,,0.23,67
1980-02-22,160.08,-1.46,,,,0.23,67
1980-02-25,157.97,-1.35,,,,0.23,67
1980-02-26,158.5,-1.26,,,,0.23,67
1980-02-27,157.73,-1.36,,,,0.23,67
1980-02-28,157.46,-1.49,,,,0.23,67
1980-02-29,158.03,-2.01,,,,0.3,66.9
1980-03-03,156.87,-2.04,,,,0.3,66.9
1980-03-04,155.39,-1.95,,,,0.3,66.9
1980-03-05,152.94,-1.96,,,,0.3,66.9
1980-03-06,148.64,-2.14,,,,0.3,66.9
1980-03-07,146.19,-2.34,,,,0.3,66.9
1980-03-10,143.75,-2.08,,,,0.3,66.9
1980-03-11,144.56,-2.02,,,,0.3,66.9
1980-03-12,144.63,-2.12,,,,0.3,66.9
1980-03-13,144.98,-2.19,,,,0.3,66.9
1980-03-14,144.44,-2.28,,,,0.3,66.9
1980-03-17,139.7,-2.24,,,,0.3,66.9
1980-03-18,138.92,-2.02,,,,0.3,66.9
1980-03-19,139.97,-1.98,,,,0.3,66.9
1980-03-20,139.64,-2.41,,,,0.3,66.9
1980-03-21,138.8,-2.27,,,,0.3,66.9
1980-03-24,134.61,-2.19,,,,0.3,66.9
1980-03-25,132.52,-2.09,,,,0.3,66.9
1980-03-26,132.22,-2.23,,,,0.3,66.9
1980-03-27,124.09,-2.14,,,,0.3,66.9
1980-03-28,129.25,-2.17,,,,0.3,66.9
1980-03-31,131,-1.99,,,,0.4,56.5
1980-04-01,133.14,-1.9,,,,0.4,56.5
1980-04-02,135.8,-1.89,,,,0.4,56.5
1980-04-03,136.01,-1.99,,,,0.4,56.5
1980-04-07,133.4,-1.72,,,,0.4,56.5
1980-04-08,134.37,-1.68,,,,0.4,56.5
1980-04-09,136.04,-1.48,,,,0.4,56.5
1980-04-10,137.28,-1.51,,,,0.4,56.5
1980-04-11,137.75,-1.43,,,,0.4,56.5
1980-04-14,136.67,-1.34,,,,0.4,56.5
1980-04-15,136.39,-1.15,,,,0.4,56.5
1980-04-16,135.76,-1.07,,,,0.4,56.5
1980-04-17,134.55,-0.84,,,,0.4,56.5
1980-04-18,134.66,-0.71,,,,0.4,56.5
1980-04-21,133.08,-0.66,,,,0.4,56.5
1980-04-22,135.71,-0.61,,,,0.4,56.5
1980-04-23,136.92,-0.49,,,,0.4,56.5
1980-04-24,138.69,-0.46,,,,0.4,56.5
1980-04-25,137.92,-0.44,,,,0.4,56.5
1980-04-28,138.54,-0.44,,,,0.4,56.5
1980-04-29,139.35,-0.11,,,,0.4,56.5
1980-04-30,139.99,-0.07,,,,0.4,56.5
1980-05-01,139.68,-0.05,,,,0.67,52.7
1980-05-02,140.25,-0.13,,,,0.67,52.7
1980-05-05,141.04,0.2,,,,0.67,52.7
1980-05-06,142.23,0.33,,,,0.67,52.7
1980-05-07,143.58,0.4,,,,0.67,52.7
1980-05-08,143.26,0.55,,,,0.67,52.7
1980-05-09,143.06,0.7,,,,0.67,52.7
1980-05-12,142.96,0.45,,,,0.67,52.7
1980-05-13,144.1,0.78,,,,0.67,52.7
1980-05-14,145.66,0.75,,,,0.67,52.7
1980-05-15,146.62,0.87,,,,0.67,52.7
1980-05-16,147.24,0.83,,,,0.67,52.7
1980-05-19,147.24,0.61,,,,0.67,52.7
1980-05-20,146.93,0.75,,,,0.67,52.7
1980-05-21,146.75,0.96,,,,0.67,52.7
1980-05-22,147.96,0.94,,,,0.67,52.7
1980-05-23,149.48,0.97,,,,0.67,52.7
1980-05-27,150.1,1.12,,,,0.67,52.7
1980-05-28,150.7,1.14,,,,0.67,52.7
1980-05-29,150.09,1.06,,,,0.67,52.7
1980-05-30,150.45,1.08,,,,0.67,52.7
1980-06-02,150.17,1,,,,1.27,51.7
1980-06-03,149.92,0.97,,,,1.27,51.7
1980-06-04,151.21,0.96,,,,1.27,51.7
1980-06-05,152.21,1.01,,,,1.27,51.7
1980-06-06,152.68,1.05,,,,1.27,51.7
1980-06-09,153,1.09,,,,1.27,51.7
1980-06-10,154.15,1.12,,,,1.27,51.7
1980-06-11,155.22,1.04,,,,1.27,51.7
1980-06-12,155.31,1.05,,,,1.27,51.7
1980-06-13,156.59,1.07,,,,1.27,51.7
1980-06-16,156.79,1.12,,,,1.27,51.7
1980-06-17,156.98,1.09,,,,1.27,51.7
1980-06-18,157.19,1.13,,,,1.27,51.7
1980-06-19,156.73,0.98,,,,1.27,51.7
1980-06-20,156.51,0.88,,,,1.27,51.7
1980-06-23,156.99,1.06,,,,1.27,51.7
1980-06-24,157.66,1.04,,,,1.27,51.7
1980-06-25,158.74,1.04,,,,1.27,51.7
1980-06-26,159,1.06,,,,1.27,51.7
1980-06-27,159.18,1.07,,,,1.27,51.7
1980-06-30,157.78,1.1,,,,1.27,51.7
1980-07-01,158.17,1.12,,,,1.77,58.7
1980-07-02,159.18,1.12,,,,1.77,58.7
1980-07-03,160.87,1.18,,,,1.77,58.7
1980-07-07,163.63,1.24,,,,1.77,58.7
1980-07-08,163.58,1.26,,,,1.77,58.7
1980-07-09,164.09,1.29,,,,1.77,58.7
1980-07-10,163.84,1.31,,,,1.77,58.7
1980-07-11,164.82,1.31,,,,1.77,58.7
1980-07-14,166.52,1.31,,,,1.77,58.7
1980-07-15,167.05,1.17,,,,1.77,58.7
1980-07-16,167.1,1.19,,,,1.77,58.7
1980-07-17,168.67,1.28,,,,1.77,58.7
1980-07-18,169.99,1.32,,,,1.77,58.7
1980-07-21,170.48,1.27,,,,1.77,58.7
1980-07-22,169.79,1.2,,,,1.77,58.7
1980-07-23,169.82,1.16,,,,1.77,58.7
1980-07-24,169.92,1.17,,,,1.77,58.7
1980-07-25,169.63,1.19,,,,1.77,58.7
1980-07-28,170.02,1.2,,,,1.77,58.7
1980-07-29,171.06,1.22,,,,1.77,58.7
1980-07-30,172.33,1.17,,,,1.77,58.7
1980-07-31,171.81,1.2,,,,1.77,58.7
1980-08-01,172.49,1.04,,,,2.03,62.3
1980-08-04,171.89,0.98,,,,2.03,62.3
1980-08-05,172.52,1.03,,,,2.03,62.3
1980-08-06,173.45,1.03,,,,2.03,62.3
1980-08-07,175.24,1.11,,,,2.03,62.3
1980-08-08,175.88,1.04,,,,2.03,62.3
1980-08-11,177.11,1.06,,,,2.03,62.3
1980-08-12,176.62,0.96,,,,2.03,62.3
1980-08-13,177.02,0.95,,,,2.03,62.3
1980-08-14,178.76,0.86,,,,2.03,62.3
1980-08-15,179.89,0.83,,,,2.03,62.3
1980-08-18,177.24,0.74,,,,2.03,62.3
1980-08-19,176.28,0.36,,,,2.03,62.3
1980-08-20,177.68,0.33,,,,2.03,62.3
1980-08-21,179.91,0.11,,,,2.03,62.3
1980-08-22,181.7,0.03,,,,2.03,62.3
1980-08-25,181.58,0.04,,,,2.03,62.3
1980-08-26,182.39,0.06,,,,2.03,62.3
1980-08-27,182.15,0.08,,,,2.03,62.3
1980-08-28,180.99,0.15,,,,2.03,62.3
1980-08-29,181.52,0.12,,,,2.03,62.3
1980-09-02,182.34,0.19,,,,1.93,67.3
1980-09-03,184.53,0.27,,,,1.93,67.3
1980-09-04,185.05,0.35,,,,1.93,67.3
1980-09-05,185.61,0.39,,,,1.93,67.3
1980-09-08,184.45,0.32,,,,1.93,67.3
1980-09-09,184.84,0.18,,,,1.93,67.3
1980-09-10,186.31,0.06,,,,1.93,67.3
1980-09-11,188.16,0.11,,,,1.93,67.3
1980-09-12,189.58,0.05,,,,1.93,67.3
1980-09-15,189.59,-0.03,,,,1.93,67.3
1980-09-16,191.31,-0.17,,,,1.93,67.3
1980-09-17,193.95,-0.16,,,,1.93,67.3
1980-09-18,193.61,-0.22,,,,1.93,67.3
1980-09-19,195.33,-0.31,,,,1.93,67.3
1980-09-22,195.94,-0.26,,,,1.93,67.3
1980-09-23,195.05,-0.31,,,,1.93,67.3
1980-09-24,195.18,-0.24,,,,1.93,67.3
1980-09-25,194.05,-0.23,,,,1.93,67.3
1980-09-26,190.77,-0.2,,,,1.93,67.3
1980-09-29,185.79,-0.41,,,,1.93,67.3
1980-09-30,187.76,-0.31,,,,1.93,67.3
1980-10-01,189.62,-0.27,,,,1.83,73.7
1980-10-02,190.81,-0.24,,,,1.83,73.7
1980-10-03,193.43,-0.23,,,,1.83,73.7
1980-10-06,196.01,-0.11,,,,1.83,73.7
1980-10-07,196.17,-0.06,,,,1.83,73.7
1980-10-08,197.18,-0.01,,,,1.83,73.7
1980-10-09,197.53,-0.18,,,,1.83,73.7
1980-10-10,197.79,-0.21,,,,1.83,73.7
1980-10-13,198.87,-0.2,,,,1.83,73.7
1980-10-14,199.02,-0.2,,,,1.83,73.7
1980-10-15,199.43,-0.3,,,,1.83,73.7
1980-10-16,197.95,-0.29,,,,1.83,73.7
1980-10-17,197.24,-0.22,,,,1.83,73.7
1980-10-20,197.15,-0.29,,,,1.83,73.7
1980-10-21,196.46,-0.36,,,,1.83,73.7
1980-10-22,197.9,-0.41,,,,1.83,73.7
1980-10-23,195.81,-0.43,,,,1.83,73.7
1980-10-24,196.17,-0.49,,,,1.83,73.7
1980-10-27,194.35,-0.6,,,,1.83,73.7
1980-10-28,193.76,-0.59,,,,1.83,73.7
1980-10-29,194.49,-0.5,,,,1.83,73.7
1980-10-30,192.51,-0.56,,,,1.83,73.7
1980-10-31,192.78,-0.62,,,,1.73,75
1980-11-03,193.15,-0.77,,,,1.73,75
1980-11-05,196.03,-0.77,,,,1.73,75
1980-11-06,193.96,-0.53,,,,1.73,75
1980-11-07,193.51,-0.7,,,,1.73,75
1980-11-10,193.1,-0.51,,,,1.73,75
1980-11-11,195.02,-0.51,,,,1.73,75
1980-11-12,197.78,-0.39,,,,1.73,75
1980-11-13,200.25,-0.4,,,,1.73,75
1980-11-14,201.76,-0.46,,,,1.73,75
1980-11-17,201.59,-0.76,,,,1.73,75
1980-11-18,203.76,-0.85,,,,1.73,75
1980-11-19,205.02,-0.86,,,,1.73,75
1980-11-20,206.5,-0.94,,,,1.73,75
1980-11-21,206.07,-1.03,,,,1.73,75
1980-11-24,204.22,-1.12,,,,1.73,75
1980-11-25,205.41,-1.25,,,,1.73,75
1980-11-26,207.06,-1.35,,,,1.73,75
1980-11-28,208.15,-1.41,,,,1.73,75
1980-12-01,204.91,-1.33,,,,1.7,76.7
1980-12-02,203.71,-1.3,,,,1.7,76.7
1980-12-03,204.9,-1.12,,,,1.7,76.7
1980-12-04,206.19,-1.24,,,,1.7,76.7
1980-12-05,203.02,-1.49,,,,1.7,76.7
1980-12-08,195.87,-1.54,,,,1.7,76.7
1980-12-09,195.07,-1.44,,,,1.7,76.7
1980-12-10,193.58,-1.44,,,,1.7,76.7
1980-12-11,188.75,-1.4,,,,1.7,76.7
1980-12-12,191.22,-1.53,,,,1.7,76.7
1980-12-15,194.02,-1.58,,,,1.7,76.7
1980-12-16,191.88,-1.61,,,,1.7,76.7
1980-12-17,194.02,-1.7,,,,1.7,76.7
1980-12-18,196.01,-1.67,,,,1.7,76.7
1980-12-19,197.91,-1.41,,,,1.7,76.7
1980-12-22,199.79,-1.1,,,,1.7,76.7
1980-12-23,199.86,-0.69,,,,1.7,76.7
1980-12-24,200.14,-0.95,,,,1.7,76.7
1980-12-26,201.28,-0.7,,,,1.7,76.7
1980-12-29,199.84,-0.67,,,,1.7,76.7
1980-12-30,200.46,-0.58,,,,1.7,76.7
1980-12-31,202.34,-0.63,,,,1.57,64.5
1981-01-02,203.55,-0.68,,,,1.57,64.5
1981-01-05,204.17,-0.13,,,,1.57,64.5
1981-01-06,204.07,-0.31,,,,1.57,64.5
1981-01-07,197.35,-0.54,,,,1.57,64.5
1981-01-08,195.89,-0.74,,,,1.57,64.5
1981-01-09,197.66,-0.96,,,,1.57,64.5
1981-01-12,198.44,-0.72,,,,1.57,64.5
1981-01-13,198.05,-0.77,,,,1.57,64.5
1981-01-14,199.08,-0.42,,,,1.57,64.5
1981-01-15,199.85,-0.63,,,,1.57,64.5
1981-01-16,201.13,-0.55,,,,1.57,64.5
1981-01-19,201.58,-0.98,,,,1.57,64.5
1981-01-20,198.72,-0.98,,,,1.57,64.5
1981-01-21,198.09,-1.02,,,,1.57,64.5
1981-01-22,197.12,-0.96,,,,1.57,64.5
1981-01-23,197.52,-0.9,,,,1.57,64.5
1981-01-26,196.13,-0.7,,,,1.57,64.5
1981-01-27,197.18,-0.67,,,,1.57,64.5
1981-01-28,197.37,-0.71,,,,1.57,64.5
1981-01-29,197.88,-0.62,,,,1.57,64.5
1981-01-30,197.81,-0.58,,,,1.57,64.5
1981-02-02,193.09,-0.65,,,,1.4,71.4
1981-02-03,193.56,-0.72,,,,1.4,71.4
1981-02-04,194.57,-0.77,,,,1.4,71.4
1981-02-05,196.29,-0.68,,,,1.4,71.4
1981-02-06,197.87,-0.8,,,,1.4,71.4
1981-02-09,196.93,-0.76,,,,1.4,71.4
1981-02-10,196.7,-0.83,,,,1.4,71.4
1981-02-11,195.81,-0.92,,,,1.4,71.4
1981-02-12,194.61,-0.92,,,,1.4,71.4
1981-02-13,193.89,-0.8,,,,1.4,71.4
1981-02-17,193.98,-0.64,,,,1.4,71.4
1981-02-18,194.73,-0.68,,,,1.4,71.4
1981-02-19,192.74,-0.63,,,,1.4,71.4
1981-02-20,192.29,-0.65,,,,1.4,71.4
1981-02-23,193.06,-0.73,,,,1.4,71.4
1981-02-24,193.94,-0.79,,,,1.4,71.4
1981-02-25,193.99,-0.71,,,,1.4,71.4
1981-02-26,196.13,-0.63,,,,1.4,71.4
1981-02-27,198.01,-0.65,,,,1.4,71.4
1981-03-02,199.06,-0.78,,,,1.23,66.9
1981-03-03,198.35,-0.7,,,,1.23,66.9
1981-03-04,198.75,-0.76,,,,1.23,66.9
1981-03-05,199.05,-0.74,,,,1.23,66.9
1981-03-06,199.89,-0.71,,,,1.23,66.9
1981-03-09,200.14,-0.75,,,,1.23,66.9
1981-03-10,199.03,-0.66,,,,1.23,66.9
1981-03-11,198.16,-0.67,,,,1.23,66.9
1981-03-12,200.67,-0.67,,,,1.23,66.9
1981-03-13,202.17,-0.59,,,,1.23,66.9
1981-03-16,203.44,-0.45,,,,1.23,66.9
1981-03-17,203.19,-0.52,,,,1.23,66.9
1981-03-18,204,-0.17,,,,1.23,66.9
1981-03-19,204.45,-0.17,,,,1.23,66.9
1981-03-20,206.29,-0.11,,,,1.23,66.9
1981-03-23,207.62,-0.23,,,,1.23,66.9
1981-03-24,207.7,-0.25,,,,1.23,66.9
1981-03-25,209.31,-0.3,,,,1.23,66.9
1981-03-26,209.53,-0.28,,,,1.23,66.9
1981-03-27,208.82,-0.31,,,,1.23,66.9
1981-03-30,208.96,-0.1,,,,1.23,66.9
1981-03-31,210.18,-0.04,,,,1.1,66.5
1981-04-01,211.34,-0.05,,,,1.1,66.5
1981-04-02,211.96,-0.15,,,,1.1,66.5
1981-04-03,212.65,-0.17,,,,1.1,66.5
1981-04-06,211.27,-0.39,,,,1.1,66.5
1981-04-07,211.76,-0.29,,,,1.1,66.5
1981-04-08,212.8,-0.28,,,,1.1,66.5
1981-04-09,213.91,-0.42,,,,1.1,66.5
1981-04-10,215.15,-0.31,,,,1.1,66.5
1981-04-13,214.33,-0.37,,,,1.1,66.5
1981-04-14,213.39,-0.34,,,,1.1,66.5
1981-04-15,214.98,-0.45,,,,1.1,66.5
1981-04-16,216.64,-0.44,,,,1.1,66.5
1981-04-20,217.55,-0.64,,,,1.1,66.5
1981-04-21,216.73,-0.61,,,,1.1,66.5
1981-04-22,217.19,-0.63,,,,1.1,66.5
1981-04-23,218.02,-0.71,,,,1.1,66.5
1981-04-24,219.56,-0.78,,,,1.1,66.5
1981-04-27,219.88,-0.78,,,,1.1,66.5
1981-04-28,217.63,-0.81,,,,1.1,66.5
1981-04-29,216.22,-0.72,,,,1.1,66.5
1981-04-30,216.74,-0.62,,,,1.1,66.5
1981-05-01,216.68,-0.73,,,,0.83,72.4
1981-05-04,213.32,-0.67,,,,0.83,72.4
1981-05-05,211.55,-0.9,,,,0.83,72.4
1981-05-06,211.98,-1.25,,,,0.83,72.4
1981-05-07,213.66,-1.27,,,,0.83,72.4
1981-05-08,214.84,-1.36,,,,0.83,72.4
1981-05-11,212.79,-1.46,,,,0.83,72.4
1981-05-12,213.12,-1.4,,,,0.83,72.4
1981-05-13,213.78,-1.47,,,,0.83,72.4
1981-05-14,215.18,-1.45,,,,0.83,72.4
1981-05-15,216.51,-1.56,,,,0.83,72.4
1981-05-18,216.94,-1.48,,,,0.83,72.4
1981-05-19,216.12,-1.39,,,,0.83,72.4
1981-05-20,217.63,-1.52,,,,0.83,72.4
1981-05-21,218.35,-1.63,,,,0.83,72.4
1981-05-22,219.23,-1.7,,,,0.83,72.4
1981-05-26,220.24,-1.66,,,,0.83,72.4
1981-05-27,222.17,-1.42,,,,0.83,72.4
1981-05-28,223.31,-1.43,,,,0.83,72.4
1981-05-29,223.47,-1.23,,,,0.83,72.4
1981-06-01,223.02,-0.9,,,,0.47,76.3
1981-06-02,219.59,-1.01,,,,0.47,76.3
1981-06-03,218.89,-1.08,,,,0.47,76.3
1981-06-04,219.68,-1.1,,,,0.47,76.3
1981-06-05,221.3,-1.25,,,,0.47,76.3
1981-06-08,220.84,-1.17,,,,0.47,76.3
1981-06-09,220.01,-0.95,,,,0.47,76.3
1981-06-10,220.4,-1.04,,,,0.47,76.3
1981-06-11,222.34,-1,,,,0.47,76.3
1981-06-12,222.76,-1.08,,,,0.47,76.3
1981-06-15,222.96,-1.09,,,,0.47,76.3
1981-06-16,220.58,-0.94,,,,0.47,76.3
1981-06-17,220.61,-1.03,,,,0.47,76.3
1981-06-18,218.71,-1.14,,,,0.47,76.3
1981-06-19,219.56,-1.09,,,,0.47,76.3
1981-06-22,218.6,-1.19,,,,0.47,76.3
1981-06-23,219.23,-1.05,,,,0.47,76.3
1981-06-24,218.77,-1.03,,,,0.47,76.3
1981-06-25,219.31,-1.05,,,,0.47,76.3
1981-06-26,219.76,-0.95,,,,0.47,76.3
1981-06-29,218.22,-0.9,,,,0.47,76.3
1981-06-30,215.75,-0.8,,,,0.47,76.3
1981-07-01,214.63,-0.8,,,,0.1,73.1
1981-07-02,212.8,-0.9,,,,0.1,73.1
1981-07-06,209.1,-0.92,,,,0.1,73.1
1981-07-07,208.01,-0.87,,,,0.1,73.1
1981-07-08,208.44,-0.88,,,,0.1,73.1
1981-07-09,210.03,-0.91,,,,0.1,73.1
1981-07-10,210.54,-1.02,,,,0.1,73.1
1981-07-13,210.86,-0.94,,,,0.1,73.1
1981-07-14,209.88,-0.84,,,,0.1,73.1
1981-07-15,210.84,-0.92,,,,0.1,73.1
1981-07-16,212.02,-0.96,,,,0.1,73.1
1981-07-17,212.76,-1,,,,0.1,73.1
1981-07-20,209.27,-0.98,,,,0.1,73.1
1981-07-21,207.71,-1.37,,,,0.1,73.1
1981-07-22,206.16,-1.39,,,,0.1,73.1
1981-07-23,206.41,-1.32,,,,0.1,73.1
1981-07-24,208,-1.28,,,,0.1,73.1
1981-07-27,209.42,-1.23,,,,0.1,73.1
1981-07-28,208.91,-1.14,,,,0.1,73.1
1981-07-29,208.95,-1.25,,,,0.1,73.1
1981-07-30,210.03,-1.15,,,,0.1,73.1
1981-07-31,211.63,-1.17,,,,0.1,73.1
1981-08-03,210.4,-1.17,,,,0,74.1
1981-08-04,210.09,-1.21,,,,0,74.1
1981-08-05,211.03,-1.21,,,,0,74.1
1981-08-06,211.67,-1.16,,,,0,74.1
1981-08-07,211.36,-1.17,,,,0,74.1
1981-08-10,210.84,-1.22,,,,0,74.1
1981-08-11,211.67,-1.18,,,,0,74.1
1981-08-12,211.95,-1.27,,,,0,74.1
1981-08-13,212.36,-1.41,,,,0,74.1
1981-08-14,212.12,-1.48,,,,0,74.1
1981-08-17,209.65,-1.45,,,,0,74.1
1981-08-18,207.01,-1.51,,,,0,74.1
1981-08-19,207.22,-1.51,,,,0,74.1
1981-08-20,207.97,-1.55,,,,0,74.1
1981-08-21,206.76,-1.36,,,,0,74.1
1981-08-24,200.76,-1.34,,,,0,74.1
1981-08-25,197.78,-1.54,,,,0,74.1
1981-08-26,197.81,-1.32,,,,0,74.1
1981-08-27,196.82,-1.38,,,,0,74.1
1981-08-28,197.55,-1.39,,,,0,74.1
1981-08-31,195.75,-1.32,,,,0,74.1
1981-09-01,195.17,-1.32,,,,-0.13,77.2
1981-09-02,195.39,-1.37,,,,-0.13,77.2
1981-09-03,191.99,-1.38,,,,-0.13,77.2
1981-09-04,189.63,-1.42,,,,-0.13,77.2
1981-09-08,184.79,-1.38,,,,-0.13,77.2
1981-09-09,184.77,-1.36,,,,-0.13,77.2
1981-09-10,187.55,-1.42,,,,-0.13,77.2
1981-09-11,189.81,-1.42,,,,-0.13,77.2
1981-09-14,189.62,-1.42,,,,-0.13,77.2
1981-09-15,189.56,-1.23,,,,-0.13,77.2
1981-09-16,187.82,-1.05,,,,-0.13,77.2
1981-09-17,185.71,-0.98,,,,-0.13,77.2
1981-09-18,184.27,-1.06,,,,-0.13,77.2
1981-09-21,184.41,-1.11,,,,-0.13,77.2
1981-09-22,183.26,-1.01,,,,-0.13,77.2
1981-09-23,179.99,-1.01,,,,-0.13,77.2
1981-09-24,180.39,-0.88,,,,-0.13,77.2
1981-09-25,175.12,-0.86,,,,-0.13,77.2
1981-09-28,175.03,-0.85,,,,-0.13,77.2
1981-09-29,178.51,-0.92,,,,-0.13,77.2
1981-09-30,180.03,-0.83,,,,-0.13,77.2
1981-10-01,181.09,-0.85,,,,0.07,73.1
1981-10-02,184.37,-0.82,,,,0.07,73.1
1981-10-05,185.91,-0.93,,,,0.07,73.1
1981-10-06,185.87,-0.68,,,,0.07,73.1
1981-10-07,188.78,-0.71,,,,0.07,73.1
1981-10-08,191.01,-0.69,,,,0.07,73.1
1981-10-09,191.27,-0.79,,,,0.07,73.1
1981-10-12,191.28,-0.47,,,,0.07,73.1
1981-10-13,191.92,-0.47,,,,0.07,73.1
1981-10-14,189.43,-0.42,,,,0.07,73.1
1981-10-15,189.85,-0.48,,,,0.07,73.1
1981-10-16,190.24,-0.43,,,,0.07,73.1
1981-10-19,189.77,-0.52,,,,0.07,73.1
1981-10-20,191.23,-0.53,,,,0.07,73.1
1981-10-21,192.38,-0.39,,,,0.07,73.1
1981-10-22,192.43,-0.21,,,,0.07,73.1
1981-10-23,191.91,-0.18,,,,0.07,73.1
1981-10-26,191.01,0.04,,,,0.07,73.1
1981-10-27,192.61,-0.02,,,,0.07,73.1
1981-10-28,193.75,0.02,,,,0.07,73.1
1981-10-29,193.08,-0.01,,,,0.07,73.1
1981-10-30,195.24,0.04,,,,0.07,73.1
1981-11-02,197.25,0.13,,,,0.4,70.3
1981-11-03,198.78,0.13,,,,0.4,70.3
1981-11-04,199.73,0.07,,,,0.4,70.3
1981-11-05,200.02,-0.01,,,,0.4,70.3
1981-11-06,199.97,0.08,,,,0.4,70.3
1981-11-09,199.92,0.22,,,,0.4,70.3
1981-11-10,199.9,0.18,,,,0.4,70.3
1981-11-11,200.05,0.18,,,,0.4,70.3
1981-11-12,200.99,0.42,,,,0.4,70.3
1981-11-13,200.16,0.35,,,,0.4,70.3
1981-11-16,197.16,0.38,,,,0.4,70.3
1981-11-17,197.68,0.47,,,,0.4,70.3
1981-11-18,197.6,0.81,,,,0.4,70.3
1981-11-19,197.32,0.82,,,,0.4,70.3
1981-11-20,198.6,0.93,,,,0.4,70.3
1981-11-23,198.01,0.94,,,,0.4,70.3
1981-11-24,199.04,0.98,,,,0.4,70.3
1981-11-25,200.01,0.85,,,,0.4,70.3
1981-11-27,201.02,0.81,,,,0.4,70.3
1981-11-30,201.37,0.77,,,,0.8,62.5
1981-12-01,201.13,0.66,,,,0.8,62.5
1981-12-02,200.35,0.6,,,,0.8,62.5
1981-12-03,199.9,0.57,,,,0.8,62.5
1981-12-04,200.88,0.92,,,,0.8,62.5
1981-12-07,199.71,0.92,,,,0.8,62.5
1981-12-08,198.13,0.85,,,,0.8,62.5
1981-12-09,198.29,0.77,,,,0.8,62.5
1981-12-10,198.92,0.64,,,,0.8,62.5
1981-12-11,198.64,0.49,,,,0.8,62.5
1981-12-14,195.67,0.23,,,,0.8,62.5
1981-12-15,195.16,0.45,,,,0.8,62.5
1981-12-16,195.09,0.49,,,,0.8,62.5
1981-12-17,195.7,0.34,,,,0.8,62.5
1981-12-18,197.01,0.32,,,,0.8,62.5
1981-12-21,196.37,0.22,,,,0.8,62.5
1981-12-22,195.64,0.25,,,,0.8,62.5
1981-12-23,195.45,0.02,,,,0.8,62.5
1981-12-24,195.7,0.06,,,,0.8,62.5
1981-12-28,195.14,-0.01,,,,0.8,62.5
1981-12-29,193.91,0.14,,,,0.8,62.5
1981-12-30,194.66,0.27,,,,0.8,62.5
1981-12-31,195.84,0.35,,,,1.07,64.3
1982-01-04,195.53,0.32,,,,1.07,64.3
1982-01-05,192.33,0.35,,,,1.07,64.3
1982-01-06,191.15,0.4,,,,1.07,64.3
1982-01-07,191.02,0.3,,,,1.07,64.3
1982-01-08,192.05,0.37,,,,1.07,64.3
1982-01-11,188.8,0.26,,,,1.07,64.3
1982-01-12,187.32,0.13,,,,1.07,64.3
1982-01-13,185.73,0.05,,,,1.07,64.3
1982-01-14,185.89,-0.01,,,,1.07,64.3
1982-01-15,187.32,0.01,,,,1.07,64.3
1982-01-18,187.21,-0.08,,,,1.07,64.3
1982-01-19,186.16,0.01,,,,1.07,64.3
1982-01-20,185.72,-0.21,,,,1.07,64.3
1982-01-21,186.4,-0.34,,,,1.07,64.3
1982-01-22,185.83,-0.37,,,,1.07,64.3
1982-01-25,183.52,-0.31,,,,1.07,64.3
1982-01-26,183.41,-0.16,,,,1.07,64.3
1982-01-27,183.57,-0.06,,,,1.07,64.3
1982-01-28,186.22,-0.04,,,,1.07,64.3
1982-01-29,188.39,-0.1,,,,1.07,64.3
1982-02-01,186.82,-0.46,,,,1.23,71
1982-02-02,187.46,-0.38,,,,1.23,71
1982-02-03,187.43,-0.24,,,,1.23,71
1982-02-04,187.14,-0.2,,,,1.23,71
1982-02-05,188.21,-0.24,,,,1.23,71
1982-02-08,184.63,-0.21,,,,1.23,71
1982-02-09,182.51,-0.2,,,,1.23,71
1982-02-10,182.97,-0.27,,,,1.23,71
1982-02-11,182.25,-0.36,,,,1.23,71
1982-02-12,182.52,-0.36,,,,1.23,71
1982-02-16,180.71,-0.51,,,,1.23,71
1982-02-17,181.25,-0.68,,,,1.23,71
1982-02-18,181.38,-0.71,,,,1.23,71
1982-02-19,180.65,-0.7,,,,1.23,71
1982-02-22,179.07,-0.48,,,,1.23,71
1982-02-23,177.49,-0.4,,,,1.23,71
1982-02-24,178.58,-0.37,,,,1.23,71
1982-02-25,179.44,-0.34,,,,1.23,71
1982-02-26,179.43,-0.41,,,,1.23,71
1982-03-01,180.13,-0.4,,,,1.4,66.5
1982-03-02,180.14,-0.4,,,,1.4,66.5
1982-03-03,178.01,-0.4,,,,1.4,66.5
1982-03-04,176.29,-0.29,,,,1.4,66.5
1982-03-05,173.97,-0.2,,,,1.4,66.5
1982-03-08,171.03,-0.04,,,,1.4,66.5
1982-03-09,169.71,-0.24,,,,1.4,66.5
1982-03-10,170.42,-0.24,,,,1.4,66.5
1982-03-11,170.09,-0.3,,,,1.4,66.5
1982-03-12,168.23,-0.38,,,,1.4,66.5
1982-03-15,167.92,-0.47,,,,1.4,66.5
1982-03-16,168.28,-0.44,,,,1.4,66.5
1982-03-17,168.2,-0.27,,,,1.4,66.5
1982-03-18,170.13,-0.37,,,,1.4,66.5
1982-03-19,171.76,-0.46,,,,1.4,66.5
1982-03-22,173.83,-0.35,,,,1.4,66.5
1982-03-23,174.95,-0.35,,,,1.4,66.5
1982-03-24,174.84,-0.23,,,,1.4,66.5
1982-03-25,175.83,-0.34,,,,1.4,66.5
1982-03-26,175.2,-0.34,,,,1.4,66.5
1982-03-29,175.5,-0.37,,,,1.4,66.5
1982-03-30,175.42,-0.44,,,,1.4,66.5
1982-03-31,175.65,-0.34,,,,1.47,62
1982-04-01,177.31,-0.32,,,,1.47,62
1982-04-02,178.56,-0.34,,,,1.47,62
1982-04-05,178.21,-0.21,,,,1.47,62
1982-04-06,178.68,-0.24,,,,1.47,62
1982-04-07,179.91,-0.36,,,,1.47,62
1982-04-08,181.15,-0.3,,,,1.47,62
1982-04-12,180.89,-0.39,,,,1.47,62
1982-04-13,180.76,-0.34,,,,1.47,62
1982-04-14,180.41,-0.4,,,,1.47,62
1982-04-15,181.12,-0.48,,,,1.47,62
1982-04-16,182.25,-0.53,,,,1.47,62
1982-04-19,182.37,-0.52,,,,1.47,62
1982-04-20,181.94,-0.42,,,,1.47,62
1982-04-21,182.32,-0.35,,,,1.47,62
1982-04-22,183.66,-0.35,,,,1.47,62
1982-04-23,184.93,-0.33,,,,1.47,62
1982-04-26,185.8,-0.33,,,,1.47,62
1982-04-27,184.72,-0.32,,,,1.47,62
1982-04-28,184.89,-0.25,,,,1.47,62
1982-04-29,184.15,-0.22,,,,1.47,62
1982-04-30,184.7,-0.15,,,,1.47,62
1982-05-03,184.97,-0.12,,,,1.77,65.5
1982-05-04,185.95,-0.18,,,,1.77,65.5
1982-05-05,185.88,-0.3,,,,1.77,65.5
1982-05-06,187.27,-0.24,,,,1.77,65.5
1982-05-07,188.13,-0.24,,,,1.77,65.5
1982-05-10,187.57,-0.19,,,,1.77,65.5
1982-05-11,188.19,-0.22,,,,1.77,65.5
1982-05-12,188.06,-0.27,,,,1.77,65.5
1982-05-13,187.66,-0.21,,,,1.77,65.5
1982-05-14,188.22,-0.33,,,,1.77,65.5
1982-05-17,186.9,-0.38,,,,1.77,65.5
1982-05-18,185.81,-0.28,,,,1.77,65.5
1982-05-19,183.91,-0.25,,,,1.77,65.5
1982-05-20,182.72,-0.14,,,,1.77,65.5
1982-05-21,182.4,0.05,,,,1.77,65.5
1982-05-24,181.71,-0.05,,,,1.77,65.5
1982-05-25,181.12,-0.04,,,,1.77,65.5
1982-05-26,178.76,-0.06,,,,1.77,65.5
1982-05-27,178.37,0.06,,,,1.77,65.5
1982-05-28,178.54,0.09,,,,1.77,65.5
1982-06-01,177.36,0.09,,,,2,67.5
1982-06-02,177.82,0.01,,,,2,67.5
1982-06-03,177.1,-0.09,,,,2,67.5
1982-06-04,174.82,0,,,,2,67.5
1982-06-07,173.84,-0.05,,,,2,67.5
1982-06-08,173.28,-0.03,,,,2,67.5
1982-06-09,170.94,-0.06,,,,2,67.5
1982-06-10,171.37,-0.12,,,,2,67.5
1982-06-11,173.55,-0.1,,,,2,67.5
1982-06-14,172.15,-0.15,,,,2,67.5
1982-06-15,171.19,-0.16,,,,2,67.5
1982-06-16,171.44,-0.2,,,,2,67.5
1982-06-17,169.85,-0.19,,,,2,67.5
1982-06-18,168.5,-0.31,,,,2,67.5
1982-06-21,168,-0.34,,,,2,67.5
1982-06-22,169.05,-0.29,,,,2,67.5
1982-06-23,170.86,-0.24,,,,2,67.5
1982-06-24,171.12,-0.23,,,,2,67.5
1982-06-25,170.48,-0.24,,,,2,67.5
1982-06-28,171.07,-0.22,,,,2,67.5
1982-06-29,170.53,-0.2,,,,2,67.5
1982-06-30,171.3,-0.22,,,,2,67.5
1982-07-01,170.6,-0.22,,,,2.17,65.7
1982-07-02,170.05,-0.2,,,,2.17,65.7
1982-07-06,169.22,-0.21,,,,2.17,65.7
1982-07-07,168.08,-0.24,,,,2.17,65.7
1982-07-08,166.8,-0.19,,,,2.17,65.7
1982-07-09,168.07,-0.07,,,,2.17,65.7
1982-07-12,168.85,-0.02,,,,2.17,65.7
1982-07-13,169.35,0.01,,,,2.17,65.7
1982-07-14,169.21,-0.11,,,,2.17,65.7
1982-07-15,169.61,-0.13,,,,2.17,65.7
1982-07-16,170.18,-0.11,,,,2.17,65.7
1982-07-19,170.09,-0.01,,,,2.17,65.7
1982-07-20,170.83,0.16,,,,2.17,65.7
1982-07-21,171.54,0.26,,,,2.17,65.7
1982-07-22,172.06,0.47,,,,2.17,65.7
1982-07-23,172.11,0.47,,,,2.17,65.7
1982-07-26,171.45,0.52,,,,2.17,65.7
1982-07-27,170.71,0.58,,,,2.17,65.7
1982-07-28,168.37,0.51,,,,2.17,65.7
1982-07-29,167.6,0.52,,,,2.17,65.7
1982-07-30,167.35,0.41,,,,2.17,65.7
1982-08-02,168.37,0.51,,,,2.3,65.4
1982-08-03,167.97,0.59,,,,2.3,65.4
1982-08-04,166.56,0.61,,,,2.3,65.4
1982-08-05,165.15,0.75,,,,2.3,65.4
1982-08-06,163.59,0.62,,,,2.3,65.4
1982-08-09,161.38,0.61,,,,2.3,65.4
1982-08-10,161.32,0.62,,,,2.3,65.4
1982-08-11,160.77,0.54,,,,2.3,65.4
1982-08-12,159.84,0.56,,,,2.3,65.4
1982-08-13,159.14,0.62,,,,2.3,65.4
1982-08-16,159.68,0.45,,,,2.3,65.4
1982-08-17,162.28,0.73,,,,2.3,65.4
1982-08-18,164.99,0.82,,,,2.3,65.4
1982-08-19,164.92,0.81,,,,2.3,65.4
1982-08-20,166.96,0.86,,,,2.3,65.4
1982-08-23,169.88,1.04,,,,2.3,65.4
1982-08-24,172.23,0.9,,,,2.3,65.4
1982-08-25,174.93,0.85,,,,2.3,65.4
1982-08-26,178.17,0.77,,,,2.3,65.4
1982-08-27,177.6,0.88,,,,2.3,65.4
1982-08-30,176.36,0.84,,,,2.3,65.4
1982-08-31,177.71,0.8,,,,2.3,65.4
1982-09-01,177.3,0.82,,,,2.4,65.4
1982-09-02,179.5,0.76,,,,2.4,65.4
1982-09-03,182.05,0.65,,,,2.4,65.4
1982-09-07,180.88,0.78,,,,2.4,65.4
1982-09-08,181.79,0.73,,,,2.4,65.4
1982-09-09,182.77,0.64,,,,2.4,65.4
1982-09-10,182.47,0.66,,,,2.4,65.4
1982-09-13,182.9,0.67,,,,2.4,65.4
1982-09-14,184.6,0.7,,,,2.4,65.4
1982-09-15,186.31,0.68,,,,2.4,65.4
1982-09-16,186.8,0.44,,,,2.4,65.4
1982-09-17,186.61,0.46,,,,2.4,65.4
1982-09-20,186,0.55,,,,2.4,65.4
1982-09-21,187.91,0.49,,,,2.4,65.4
1982-09-22,188.62,0.5,,,,2.4,65.4
1982-09-23,188.15,0.43,,,,2.4,65.4
1982-09-24,188.61,0.44,,,,2.4,65.4
1982-09-27,188.64,0.44,,,,2.4,65.4
1982-09-28,189.04,0.3,,,,2.4,65.4
1982-09-29,188.26,0.43,,,,2.4,65.4
1982-09-30,187.65,0.42,,,,2.4,65.4
1982-10-01,188.7,0.5,,,,2.53,69.3
1982-10-04,188.02,0.38,,,,2.53,69.3
1982-10-05,188.77,0.21,,,,2.53,69.3
1982-10-06,191.98,0.27,,,,2.53,69.3
1982-10-07,195.59,0.29,,,,2.53,69.3
1982-10-08,198.89,0.45,,,,2.53,69.3
1982-10-11,202.31,0.68,,,,2.53,69.3
1982-10-12,202.16,0.68,,,,2.53,69.3
1982-10-13,205.17,0.84,,,,2.53,69.3
1982-10-14,204.85,0.71,,,,2.53,69.3
1982-10-15,204.46,0.77,,,,2.53,69.3
1982-10-18,206.61,0.75,,,,2.53,69.3
1982-10-19,207.48,0.78,,,,2.53,69.3
1982-10-20,210.7,0.74,,,,2.53,69.3
1982-10-21,214.28,0.97,,,,2.53,69.3
1982-10-22,215.29,0.9,,,,2.53,69.3
1982-10-25,210.89,0.94,,,,2.53,69.3
1982-10-26,209.92,1.02,,,,2.53,69.3
1982-10-27,212.2,0.98,,,,2.53,69.3
1982-10-28,211.87,0.96,,,,2.53,69.3
1982-10-29,212.63,0.88,,,,2.53,69.3
1982-11-01,214.52,0.88,,,,2.47,73.4
1982-11-02,217.65,0.88,,,,2.47,73.4
1982-11-03,222.77,0.81,,,,2.47,73.4
1982-11-04,225.01,0.78,,,,2.47,73.4
1982-11-05,227.03,0.75,,,,2.47,73.4
1982-11-08,226.74,0.74,,,,2.47,73.4
1982-11-09,230.19,0.77,,,,2.47,73.4
1982-11-10,230.41,0.71,,,,2.47,73.4
1982-11-11,231.52,0.71,,,,2.47,73.4
1982-11-12,232.61,0.71,,,,2.47,73.4
1982-11-15,229.34,0.74,,,,2.47,73.4
1982-11-16,224.97,0.77,,,,2.47,73.4
1982-11-17,227.75,0.69,,,,2.47,73.4
1982-11-18,229.28,0.65,,,,2.47,73.4
1982-11-19,229.41,0.63,,,,2.47,73.4
1982-11-22,225.79,0.7,,,,2.47,73.4
1982-11-23,225.17,0.8,,,,2.47,73.4
1982-11-24,226.88,0.79,,,,2.47,73.4
1982-11-26,228.64,0.75,,,,2.47,73.4
1982-11-29,228.39,0.84,,,,2.47,73.4
1982-11-30,232.31,0.83,,,,2.47,72.1
1982-12-01,235.59,0.78,,,,2.47,72.1
1982-12-02,236.18,0.79,,,,2.47,72.1
1982-12-03,237.16,0.75,,,,2.47,72.1
1982-12-06,239.29,0.73,,,,2.47,72.1
1982-12-07,240.65,0.76,,,,2.47,72.1
1982-12-08,240.7,0.77,,,,2.47,72.1
1982-12-09,237.24,0.75,,,,2.47,72.1
1982-12-10,233.85,0.79,,,,2.47,72.1
1982-12-13,233.33,0.77,,,,2.47,72.1
1982-12-14,231.33,0.92,,,,2.47,72.1
1982-12-15,225.69,1.01,,,,2.47,72.1
1982-12-16,225.6,1,,,,2.47,72.1
1982-12-17,228.93,0.98,,,,2.47,72.1
1982-12-20,227.88,1.03,,,,2.47,72.1
1982-12-21,228.52,1,,,,2.47,72.1
1982-12-22,231.04,0.98,,,,2.47,72.1
1982-12-23,232.33,0.95,,,,2.47,72.1
1982-12-27,233.2,0.9,,,,2.47,72.1
1982-12-28,232.2,0.92,,,,2.47,72.1
1982-12-29,232.27,0.93,,,,2.47,72.1
1982-12-30,231.28,0.92,,,,2.47,72.1
1982-12-31,232.41,0.88,,,,2.37,71.9
1983-01-03,230.59,1.03,,,,2.37,71.9
1983-01-04,231.64,0.94,,,,2.37,71.9
1983-01-05,232.73,0.96,,,,2.37,71.9
1983-01-06,236.61,1,,,,2.37,71.9
1983-01-07,238.6,1.1,,,,2.37,71.9
1983-01-10,240.94,1.14,,,,2.37,71.9
1983-01-11,240.85,1.15,,,,2.37,71.9
1983-01-12,242.91,1.1,,,,2.37,71.9
1983-01-13,243.48,1.16,,,,2.37,71.9
1983-01-14,245.63,1.19,,,,2.37,71.9
1983-01-17,247.14,1.11,,,,2.37,71.9
1983-01-18,246.65,1.16,,,,2.37,71.9
1983-01-19,245.2,1.21,,,,2.37,71.9
1983-01-20,245.99,1.17,,,,2.37,71.9
1983-01-21,243.97,1.15,,,,2.37,71.9
1983-01-24,236.73,1.16,,,,2.37,71.9
1983-01-25,239.19,1.18,,,,2.37,71.9
1983-01-26,241.43,1.17,,,,2.37,71.9
1983-01-27,245.44,1.18,,,,2.37,71.9
1983-01-28,246.93,1.24,,,,2.37,71.9
1983-01-31,248.35,1.22,,,,2.13,70.4
1983-02-01,248.15,1.18,,,,2.13,70.4
1983-02-02,248.28,1.17,,,,2.13,70.4
1983-02-03,249.44,1.22,,,,2.13,70.4
1983-02-04,251.65,1.17,,,,2.13,70.4
1983-02-07,252.02,1.16,,,,2.13,70.4
1983-02-08,251.1,1.16,,,,2.13,70.4
1983-02-09,251.38,1.11,,,,2.13,70.4
1983-02-10,254.77,1.09,,,,2.13,70.4
1983-02-11,256.64,1.1,,,,2.13,70.4
1983-02-14,258.67,1.02,,,,2.13,70.4
1983-02-15,259.06,1.07,,,,2.13,70.4
1983-02-16,259.07,1.12,,,,2.13,70.4
1983-02-17,259,1.06,,,,2.13,70.4
1983-02-18,261.29,1.04,,,,2.13,70.4
1983-02-22,259.18,1.05,,,,2.13,70.4
1983-02-23,259.99,1,,,,2.13,70.4
1983-02-24,262.31,1.02,,,,2.13,70.4
1983-02-25,262.44,0.98,,,,2.13,70.4
1983-02-28,260.67,0.96,,,,1.87,74.6
1983-03-01,261.82,0.96,,,,1.87,74.6
1983-03-02,263.4,0.96,,,,1.87,74.6
1983-03-03,265.21,0.99,,,,1.87,74.6
1983-03-04,265.94,1.02,,,,1.87,74.6
1983-03-07,265.39,0.97,,,,1.87,74.6
1983-03-08,263.16,0.9,,,,1.87,74.6
1983-03-09,265.06,0.86,,,,1.87,74.6
1983-03-10,266.08,0.88,,,,1.87,74.6
1983-03-11,266.18,0.93,,,,1.87,74.6
1983-03-14,264.34,0.9,,,,1.87,74.6
1983-03-15,264.25,0.89,,,,1.87,74.6
1983-03-16,264.66,0.88,,,,1.87,74.6
1983-03-17,264.01,0.85,,,,1.87,74.6
1983-03-18,265.01,0.8,,,,1.87,74.6
1983-03-21,266.33,0.81,,,,1.87,74.6
1983-03-22,267.52,0.78,,,,1.87,74.6
1983-03-23,269.26,0.77,,,,1.87,74.6
1983-03-24,270.37,0.76,,,,1.87,74.6
1983-03-25,270.89,0.73,,,,1.87,74.6
1983-03-28,269.15,0.74,,,,1.87,74.6
1983-03-29,268.77,0.72,,,,1.87,74.6
1983-03-30,270.78,0.71,,,,1.87,74.6
1983-03-31,270.8,0.75,,,,1.57,80.8
1983-04-04,268.73,0.73,,,,1.57,80.8
1983-04-05,268.83,0.77,,,,1.57,80.8
1983-04-06,266.47,0.8,,,,1.57,80.8
1983-04-07,266.74,0.84,,,,1.57,80.8
1983-04-08,268.1,0.84,,,,1.57,80.8
1983-04-11,270.81,0.88,,,,1.57,80.8
1983-04-12,272.73,0.84,,,,1.57,80.8
1983-04-13,275.93,0.82,,,,1.57,80.8
1983-04-14,278.81,0.8,,,,1.57,80.8
1983-04-15,281.6,0.8,,,,1.57,80.8
1983-04-18,282.83,0.8,,,,1.57,80.8
1983-04-19,281.86,0.81,,,,1.57,80.8
1983-04-20,284.81,0.81,,,,1.57,80.8
1983-04-21,286.84,0.82,,,,1.57,80.8
1983-04-22,288.55,0.84,,,,1.57,80.8
1983-04-25,286.58,0.84,,,,1.57,80.8
1983-04-26,288.11,0.88,,,,1.57,80.8
1983-04-27,288.93,0.88,,,,1.57,80.8
1983-04-28,290.84,0.87,,,,1.57,80.8
1983-04-29,293.06,0.89,,,,1.57,80.8
1983-05-02,290.54,0.92,,,,1.27,89.1
1983-05-03,289.65,0.97,,,,1.27,89.1
1983-05-04,293.21,0.99,,,,1.27,89.1
1983-05-05,297.32,0.93,,,,1.27,89.1
1983-05-06,301.64,0.91,,,,1.27,89.1
1983-05-09,302.65,0.96,,,,1.27,89.1
1983-05-10,304.34,0.92,,,,1.27,89.1
1983-05-11,302.89,0.92,,,,1.27,89.1
1983-05-12,302.15,0.96,,,,1.27,89.1
1983-05-13,303.94,0.94,,,,1.27,89.1
1983-05-16,299.6,0.95,,,,1.27,89.1
1983-05-17,301.02,0.9,,,,1.27,89.1
1983-05-18,303.51,0.93,,,,1.27,89.1
1983-05-19,302.82,0.94,,,,1.27,89.1
1983-05-20,303.56,0.88,,,,1.27,89.1
1983-05-23,303.86,0.9,,,,1.27,89.1
1983-05-24,307.36,0.83,,,,1.27,89.1
1983-05-25,309.16,0.81,,,,1.27,89.1
1983-05-26,311.39,0.82,,,,1.27,89.1
1983-05-27,312.05,0.74,,,,1.27,89.1
1983-05-31,308.73,0.72,,,,1.27,89.1
1983-06-01,307.95,0.79,,,,0.97,93.3
1983-06-02,310.45,0.8,,,,0.97,93.3
1983-06-03,313.85,0.82,,,,0.97,93.3
1983-06-06,315.48,0.78,,,,0.97,93.3
1983-06-07,314.17,0.7,,,,0.97,93.3
1983-06-08,312.49,0.67,,,,0.97,93.3
1983-06-09,312.74,0.72,,,,0.97,93.3
1983-06-10,315.24,0.76,,,,0.97,93.3
1983-06-13,318.05,0.69,,,,0.97,93.3
1983-06-14,320.04,0.64,,,,0.97,93.3
1983-06-15,322.04,0.68,,,,0.97,93.3
1983-06-16,326.5,0.66,,,,0.97,93.3
1983-06-17,326.11,0.59,,,,0.97,93.3
1983-06-20,324.63,0.61,,,,0.97,93.3
1983-06-21,325.96,0.54,,,,0.97,93.3
1983-06-22,328.19,0.52,,,,0.97,93.3
1983-06-23,327.33,0.52,,,,0.97,93.3
1983-06-24,328.91,0.57,,,,0.97,93.3
1983-06-27,324.34,0.59,,,,0.97,93.3
1983-06-28,315.87,0.67,,,,0.97,93.3
1983-06-29,316.24,0.69,,,,0.97,93.3
1983-06-30,318.7,0.72,,,,0.97,93.3
1983-07-01,321.58,0.73,,,,0.7,92.2
1983-07-05,317.15,0.76,,,,0.7,92.2
1983-07-06,319.14,0.69,,,,0.7,92.2
1983-07-07,320.03,0.67,,,,0.7,92.2
1983-07-08,319.57,0.7,,,,0.7,92.2
1983-07-11,320.38,0.64,,,,0.7,92.2
1983-07-12,316.93,0.72,,,,0.7,92.2
1983-07-13,314.59,0.68,,,,0.7,92.2
1983-07-14,315.49,0.69,,,,0.7,92.2
1983-07-15,312.87,0.66,,,,0.7,92.2
1983-07-18,310.29,0.69,,,,0.7,92.2
1983-07-19,311.17,0.65,,,,0.7,92.2
1983-07-20,316.76,0.67,,,,0.7,92.2
1983-07-21,319.29,0.64,,,,0.7,92.2
1983-07-22,320.71,0.66,,,,0.7,92.2
1983-07-25,320.84,0.66,,,,0.7,92.2
1983-07-26,320.38,0.67,,,,0.7,92.2
1983-07-27,315.04,0.72,,,,0.7,92.2
1983-07-28,308.47,0.74,,,,0.7,92.2
1983-07-29,303.96,0.8,,,,0.7,92.2
1983-08-01,302.08,0.73,,,,0.3,92.8
1983-08-02,303.18,0.71,,,,0.3,92.8
1983-08-03,303.86,0.68,,,,0.3,92.8
1983-08-04,299.7,0.79,,,,0.3,92.8
1983-08-05,300.2,0.85,,,,0.3,92.8
1983-08-08,294.93,0.83,,,,0.3,92.8
1983-08-09,294.26,0.83,,,,0.3,92.8
1983-08-10,296.65,0.8,,,,0.3,92.8
1983-08-11,297.56,0.76,,,,0.3,92.8
1983-08-12,299.58,0.72,,,,0.3,92.8
1983-08-15,301.78,0.69,,,,0.3,92.8
1983-08-16,299.85,0.68,,,,0.3,92.8
1983-08-17,300.84,0.74,,,,0.3,92.8
1983-08-18,299.78,0.79,,,,0.3,92.8
1983-08-19,299.1,0.85,,,,0.3,92.8
1983-08-22,298.76,0.82,,,,0.3,92.8
1983-08-23,293.66,0.79,,,,0.3,92.8
1983-08-24,290.86,0.78,,,,0.3,92.8
1983-08-25,289.53,0.78,,,,0.3,92.8
1983-08-26,290.31,0.79,,,,0.3,92.8
1983-08-29,289.36,0.77,,,,0.3,92.8
1983-08-30,289.86,0.77,,,,0.3,92.8
1983-08-31,292.42,0.82,,,,0.3,92.8
1983-09-01,294.55,0.8,,,,-0.07,90.9
1983-09-02,297.85,0.81,,,,-0.07,90.9
1983-09-06,301.23,0.83,,,,-0.07,90.9
1983-09-07,300.76,0.82,,,,-0.07,90.9
1983-09-08,301.79,0.82,,,,-0.07,90.9
1983-09-09,302.23,0.82,,,,-0.07,90.9
1983-09-12,300.76,0.8,,,,-0.07,90.9
1983-09-13,297.93,0.85,,,,-0.07,90.9
1983-09-14,298.34,0.86,,,,-0.07,90.9
1983-09-15,297.19,0.88,,,,-0.07,90.9
1983-09-16,298.27,0.87,,,,-0.07,90.9
1983-09-19,301.83,0.85,,,,-0.07,90.9
1983-09-20,303.36,0.94,,,,-0.07,90.9
1983-09-21,303.26,0.87,,,,-0.07,90.9
1983-09-22,304.56,0.91,,,,-0.07,90.9
1983-09-23,303.61,0.86,,,,-0.07,90.9
1983-09-26,303.77,0.88,,,,-0.07,90.9
1983-09-27,300.78,0.92,,,,-0.07,90.9
1983-09-28,299.76,0.88,,,,-0.07,90.9
1983-09-29,299.29,0.9,,,,-0.07,90.9
1983-09-30,296.65,0.86,,,,-0.07,90.9
1983-10-03,294.64,0.91,,,,-0.23,89.9
1983-10-04,294.81,0.92,,,,-0.23,89.9
1983-10-05,294.57,0.9,,,,-0.23,89.9
1983-10-06,295.78,0.9,,,,-0.23,89.9
1983-10-07,297.36,0.89,,,,-0.23,89.9
1983-10-10,297.42,0.88,,,,-0.23,89.9
1983-10-11,295.41,0.88,,,,-0.23,89.9
1983-10-12,291.59,0.89,,,,-0.23,89.9
1983-10-13,290.44,0.94,,,,-0.23,89.9
1983-10-14,289.65,0.94,,,,-0.23,89.9
1983-10-17,289.69,0.93,,,,-0.23,89.9
1983-10-18,283.62,0.98,,,,-0.23,89.9
1983-10-19,279.85,1.01,,,,-0.23,89.9
1983-10-20,281.25,0.94,,,,-0.23,89.9
1983-10-21,279.49,0.93,,,,-0.23,89.9
1983-10-24,276.81,0.95,,,,-0.23,89.9
1983-10-25,278.6,0.98,,,,-0.23,89.9
1983-10-26,277.85,1.07,,,,-0.23,89.9
1983-10-27,277.5,1.09,,,,-0.23,89.9
1983-10-28,276.14,1.06,,,,-0.23,89.9
1983-10-31,274.55,1.13,,,,-0.23,89.3
1983-11-01,273.04,1.05,,,,-0.23,89.3
1983-11-02,275.18,1.08,,,,-0.23,89.3
1983-11-03,274.86,1.12,,,,-0.23,89.3
1983-11-04,273.17,1.09,,,,-0.23,89.3
1983-11-07,271.12,1.06,,,,-0.23,89.3
1983-11-08,269.57,1.06,,,,-0.23,89.3
1983-11-09,271,1.1,,,,-0.23,89.3
1983-11-10,273.08,1.08,,,,-0.23,89.3
1983-11-11,277.13,1.08,,,,-0.23,89.3
1983-11-14,279.51,1.08,,,,-0.23,89.3
1983-11-15,278.92,1.04,,,,-0.23,89.3
1983-11-16,279.94,1.04,,,,-0.23,89.3
1983-11-17,281.26,1.04,,,,-0.23,89.3
1983-11-18,281.28,1.04,,,,-0.23,89.3
1983-11-21,283.05,1,,,,-0.23,89.3
1983-11-22,284.55,0.97,,,,-0.23,89.3
1983-11-23,284.69,0.95,,,,-0.23,89.3
1983-11-25,285.49,0.92,,,,-0.23,89.3
1983-11-28,284.47,0.94,,,,-0.23,89.3
1983-11-29,284.62,0.93,,,,-0.23,89.3
1983-11-30,285.67,0.96,,,,-0.37,91.1
1983-12-01,286.07,0.97,,,,-0.37,91.1
1983-12-02,283.91,0.98,,,,-0.37,91.1
1983-12-05,282.49,0.98,,,,-0.37,91.1
1983-12-06,282.05,1.02,,,,-0.37,91.1
1983-12-07,282.15,1.04,,,,-0.37,91.1
1983-12-08,280.57,1.06,,,,-0.37,91.1
1983-12-09,280.51,1.05,,,,-0.37,91.1
1983-12-12,279.94,1.05,,,,-0.37,91.1
1983-12-13,278.92,1.02,,,,-0.37,91.1
1983-12-14,276.42,1.05,,,,-0.37,91.1
1983-12-15,275.35,1.03,,,,-0.37,91.1
1983-12-16,276.01,1.01,,,,-0.37,91.1
1983-12-19,275.58,1,,,,-0.37,91.1
1983-12-20,274.51,0.99,,,,-0.37,91.1
1983-12-21,275.63,0.95,,,,-0.37,91.1
1983-12-22,276.21,0.94,,,,-0.37,91.1
1983-12-23,276.54,0.93,,,,-0.37,91.1
1983-12-27,276.68,0.9,,,,-0.37,91.1
1983-12-28,276.57,0.96,,,,-0.37,91.1
1983-12-29,277.06,0.95,,,,-0.37,91.1
1983-12-30,278.6,0.97,,,,-0.37,91.1
1984-01-03,277.63,0.99,,,,-0.33,94.2
1984-01-04,280.97,1.01,,,,-0.33,94.2
1984-01-05,284.45,1.02,,,,-0.33,94.2
1984-01-06,287.9,1.05,,,,-0.33,94.2
1984-01-09,287.27,1.02,,,,-0.33,94.2
1984-01-10,287.63,1.05,,,,-0.33,94.2
1984-01-11,287.68,1.04,,,,-0.33,94.2
1984-01-12,287.63,1.05,,,,-0.33,94.2
1984-01-13,286.85,1.09,,,,-0.33,94.2
1984-01-16,286.29,1.02,,,,-0.33,94.2
1984-01-17,286.86,1.02,,,,-0.33,94.2
1984-01-18,287.21,1.03,,,,-0.33,94.2
1984-01-19,286.49,1.03,,,,-0.33,94.2
1984-01-20,284.41,1.04,,,,-0.33,94.2
1984-01-23,280.2,1.02,,,,-0.33,94.2
1984-01-24,278.82,1,,,,-0.33,94.2
1984-01-25,277.35,0.99,,,,-0.33,94.2
1984-01-26,275.61,1.01,,,,-0.33,94.2
1984-01-27,273.18,1.01,,,,-0.33,94.2
1984-01-30,269.23,1.09,,,,-0.33,94.2
1984-01-31,268.43,1.09,,,,-0.27,100.1
1984-02-01,266.43,1.08,,,,-0.27,100.1
1984-02-02,266.16,1.06,,,,-0.27,100.1
1984-02-03,264.01,1.07,,,,-0.27,100.1
1984-02-06,258.64,1.03,,,,-0.27,100.1
1984-02-07,257.81,1.05,,,,-0.27,100.1
1984-02-08,253.96,1.07,,,,-0.27,100.1
1984-02-09,251.69,1.07,,,,-0.27,100.1
1984-02-10,254.04,1.1,,,,-0.27,100.1
1984-02-13,250.57,1.1,,,,-0.27,100.1
1984-02-14,252.43,1.07,,,,-0.27,100.1
1984-02-15,252.73,1.08,,,,-0.27,100.1
1984-02-16,251.84,1.08,,,,-0.27,100.1
1984-02-17,251.33,1.05,,,,-0.27,100.1
1984-02-21,249.96,1.06,,,,-0.27,100.1
1984-02-22,249.16,1.01,,,,-0.27,100.1
1984-02-23,247.09,1.02,,,,-0.27,100.1
1984-02-24,251.44,1.05,,,,-0.27,100.1
1984-02-27,254.32,1.03,,,,-0.27,100.1
1984-02-28,251.55,1.05,,,,-0.27,100.1
1984-02-29,252.57,1.05,,,,-0.2,97.4
1984-03-01,253.5,1.02,,,,-0.2,97.4
1984-03-02,255.54,1.07,,,,-0.2,97.4
1984-03-05,253.86,1.06,,,,-0.2,97.4
1984-03-06,252.24,1.08,,,,-0.2,97.4
1984-03-07,249.16,1.14,,,,-0.2,97.4
1984-03-08,249.66,1.09,,,,-0.2,97.4
1984-03-09,249.01,1.09,,,,-0.2,97.4
1984-03-12,249.74,1.06,,,,-0.2,97.4
1984-03-13,250.67,1.05,,,,-0.2,97.4
1984-03-14,250.25,1.05,,,,-0.2,97.4
1984-03-15,251.05,1.03,,,,-0.2,97.4
1984-03-16,253.37,1.07,,,,-0.2,97.4
1984-03-19,251.65,1.06,,,,-0.2,97.4
1984-03-20,252.74,0.99,,,,-0.2,97.4
1984-03-21,252.49,0.88,,,,-0.2,97.4
1984-03-22,250.77,0.9,,,,-0.2,97.4
1984-03-23,249.98,0.89,,,,-0.2,97.4
1984-03-26,249.3,0.9,,,,-0.2,97.4
1984-03-27,249.1,0.88,,,,-0.2,97.4
1984-03-28,251.01,0.94,,,,-0.2,97.4
1984-03-29,251.63,0.92,,,,-0.2,97.4
1984-03-30,250.78,0.93,,,,-0.2,97.4
1984-04-02,249.8,0.95,,,,-0.13,101
1984-04-03,248.88,0.92,,,,-0.13,101
1984-04-04,248.51,0.91,,,,-0.13,101
1984-04-05,245.74,0.95,,,,-0.13,101
1984-04-06,243.94,0.96,,,,-0.13,101
1984-04-09,242.84,0.92,,,,-0.13,101
1984-04-10,243.45,0.98,,,,-0.13,101
1984-04-11,241.79,0.97,,,,-0.13,101
1984-04-12,242.56,0.91,,,,-0.13,101
1984-04-13,244.01,0.91,,,,-0.13,101
1984-04-16,243.88,0.91,,,,-0.13,101
1984-04-17,245.59,0.98,,,,-0.13,101
1984-04-18,245.48,1.01,,,,-0.13,101
1984-04-19,245.35,1,,,,-0.13,101
1984-04-23,243.93,1.02,,,,-0.13,101
1984-04-24,244.06,1.02,,,,-0.13,101
1984-04-25,243.9,0.9,,,,-0.13,101
1984-04-26,245.93,0.9,,,,-0.13,101
1984-04-27,246.9,0.9,,,,-0.13,101
1984-04-30,247.44,0.9,,,,-0.13,101
1984-05-01,250.26,0.93,,,,-0.07,96.1
1984-05-02,253.01,0.94,,,,-0.07,96.1
1984-05-03,252.55,0.94,,,,-0.07,96.1
1984-05-04,250.89,0.93,,,,-0.07,96.1
1984-05-07,251.35,0.92,,,,-0.07,96.1
1984-05-08,252.42,0.89,,,,-0.07,96.1
1984-05-09,252.6,0.86,,,,-0.07,96.1
1984-05-10,252.91,0.89,,,,-0.07,96.1
1984-05-11,250.57,0.93,,,,-0.07,96.1
1984-05-14,248.87,0.91,,,,-0.07,96.1
1984-05-15,249,1.01,,,,-0.07,96.1
1984-05-16,248.68,0.97,,,,-0.07,96.1
1984-05-17,246.12,0.99,,,,-0.07,96.1
1984-05-18,244.61,1.03,,,,-0.07,96.1
1984-05-21,243.15,0.98,,,,-0.07,96.1
1984-05-22,240.8,0.95,,,,-0.07,96.1
1984-05-23,239.58,0.94,,,,-0.07,96.1
1984-05-24,235.39,0.87,,,,-0.07,96.1
1984-05-25,235.23,0.95,,,,-0.07,96.1
1984-05-29,232.61,0.98,,,,-0.07,96.1
1984-05-30,231.93,0.91,,,,-0.07,96.1
1984-05-31,232.82,0.95,,,,-0.07,96.1
1984-06-01,235.9,0.91,,,,-0.1,98.1
1984-06-04,238.75,0.91,,,,-0.1,98.1
1984-06-05,238.43,0.79,,,,-0.1,98.1
1984-06-06,239.49,0.77,,,,-0.1,98.1
1984-06-07,239.89,0.79,,,,-0.1,98.1
1984-06-08,240.35,0.73,,,,-0.1,98.1
1984-06-11,238.12,0.72,,,,-0.1,98.1
1984-06-12,237.04,0.58,,,,-0.1,98.1
1984-06-13,237.78,0.62,,,,-0.1,98.1
1984-06-14,235.62,0.61,,,,-0.1,98.1
1984-06-15,235.64,0.64,,,,-0.1,98.1
1984-06-18,236.82,0.58,,,,-0.1,98.1
1984-06-19,237.87,0.52,,,,-0.1,98.1
1984-06-20,238.35,0.59,,,,-0.1,98.1
1984-06-21,239.75,0.57,,,,-0.1,98.1
1984-06-22,241.11,0.58,,,,-0.1,98.1
1984-06-25,240.85,0.59,,,,-0.1,98.1
1984-06-26,238.88,0.63,,,,-0.1,98.1
1984-06-27,237.2,0.62,,,,-0.1,98.1
1984-06-28,238.32,0.64,,,,-0.1,98.1
1984-06-29,239.65,0.63,,,,-0.1,98.1
1984-07-02,237.91,0.67,,,,-0.23,95.5
1984-07-03,238.29,0.7,,,,-0.23,95.5
1984-07-05,237.83,0.68,,,,-0.23,95.5
1984-07-06,236.72,0.7,,,,-0.23,95.5
1984-07-09,236.99,0.62,,,,-0.23,95.5
1984-07-10,236.25,0.52,,,,-0.23,95.5
1984-07-11,234.82,0.53,,,,-0.23,95.5
1984-07-12,234.22,0.49,,,,-0.23,95.5
1984-07-13,234.67,0.46,,,,-0.23,95.5
1984-07-16,233.69,0.45,,,,-0.23,95.5
1984-07-17,233.5,0.43,,,,-0.23,95.5
1984-07-18,232.23,0.44,,,,-0.23,95.5
1984-07-19,230.89,0.43,,,,-0.23,95.5
1984-07-20,229.37,0.43,,,,-0.23,95.5
1984-07-23,227.06,0.51,,,,-0.23,95.5
1984-07-24,225.73,0.48,,,,-0.23,95.5
1984-07-25,225.3,0.46,,,,-0.23,95.5
1984-07-26,227.06,0.42,,,,-0.23,95.5
1984-07-27,229.3,0.34,,,,-0.23,95.5
1984-07-30,228.95,0.36,,,,-0.23,95.5
1984-07-31,229.7,0.39,,,,-0.23,95.5
1984-08-01,233.35,0.34,,,,-0.1,96.6
1984-08-02,238.87,0.33,,,,-0.1,96.6
1984-08-03,246.24,0.26,,,,-0.1,96.6
1984-08-06,249.27,0.31,,,,-0.1,96.6
1984-08-07,249.09,0.31,,,,-0.1,96.6
1984-08-08,248.02,0.28,,,,-0.1,96.6
1984-08-09,250.33,0.29,,,,-0.1,96.6
1984-08-10,252.43,0.28,,,,-0.1,96.6
1984-08-13,251.35,0.33,,,,-0.1,96.6
1984-08-14,250.63,0.29,,,,-0.1,96.6
1984-08-15,249.7,0.33,,,,-0.1,96.6
1984-08-16,250.33,0.35,,,,-0.1,96.6
1984-08-17,250.37,0.3,,,,-0.1,96.6
1984-08-20,250.22,0.3,,,,-0.1,96.6
1984-08-21,253.33,0.27,,,,-0.1,96.6
1984-08-22,253.86,0.21,,,,-0.1,96.6
1984-08-23,254.12,0.2,,,,-0.1,96.6
1984-08-24,254.78,0.25,,,,-0.1,96.6
1984-08-27,253.29,0.25,,,,-0.1,96.6
1984-08-28,254.37,0.27,,,,-0.1,96.6
1984-08-29,254.81,0.27,,,,-0.1,96.6
1984-08-30,254.56,0.27,,,,-0.1,96.6
1984-08-31,254.64,0.28,,,,-0.1,96.6
1984-09-04,251.39,0.25,,,,0,99.1
1984-09-05,250.61,0.29,,,,0,99.1
1984-09-06,252.22,0.29,,,,0,99.1
1984-09-07,251.68,0.27,,,,0,99.1
1984-09-10,250.53,0.25,,,,0,99.1
1984-09-11,251.8,0.35,,,,0,99.1
1984-09-12,251.45,0.28,,,,0,99.1
1984-09-13,253.34,0.25,,,,0,99.1
1984-09-14,255.6,0.23,,,,0,99.1
1984-09-17,255.39,0.27,,,,0,99.1
1984-09-18,253.99,0.24,,,,0,99.1
1984-09-19,253.01,0.25,,,,0,99.1
1984-09-20,253.13,0.31,,,,0,99.1
1984-09-21,252.68,0.34,,,,0,99.1
1984-09-24,250.8,0.39,,,,0,99.1
1984-09-25,250.01,0.42,,,,0,99.1
1984-09-26,250.23,0.44,,,,0,99.1
1984-09-27,250.29,0.41,,,,0,99.1
1984-09-28,249.94,0.36,,,,0,99.1
1984-10-01,247.86,0.4,,,,0.1,100.9
1984-10-02,246.1,0.45,,,,0.1,100.9
1984-10-03,244.81,0.47,,,,0.1,100.9
1984-10-04,245.2,0.48,,,,0.1,100.9
1984-10-05,245.46,0.5,,,,0.1,100.9
1984-10-08,244.56,0.46,,,,0.1,100.9
1984-10-09,244.09,0.46,,,,0.1,100.9
1984-10-10,243.29,0.49,,,,0.1,100.9
1984-10-11,244.73,0.47,,,,0.1,100.9
1984-10-12,246.11,0.53,,,,0.1,100.9
1984-10-15,247.67,0.56,,,,0.1,100.9
1984-10-16,247.27,0.56,,,,0.1,100.9
1984-10-17,247.09,0.55,,,,0.1,100.9
1984-10-18,249.76,0.58,,,,0.1,100.9
1984-10-19,251.18,0.56,,,,0.1,100.9
1984-10-22,250.56,0.54,,,,0.1,100.9
1984-10-23,250.61,0.55,,,,0.1,100.9
1984-10-24,250.83,0.61,,,,0.1,100.9
1984-10-25,249,0.64,,,,0.1,100.9
1984-10-26,247.38,0.7,,,,0.1,100.9
1984-10-29,246.5,0.65,,,,0.1,100.9
1984-10-30,247.45,0.62,,,,0.1,100.9
1984-10-31,247.03,0.7,,,,0.07,96.3
1984-11-01,247.97,0.73,,,,0.07,96.3
1984-11-02,247.92,0.7,,,,0.07,96.3
1984-11-05,248.41,0.81,,,,0.07,96.3
1984-11-06,250.54,0.81,,,,0.07,96.3
1984-11-07,249.75,0.92,,,,0.07,96.3
1984-11-08,249.5,0.86,,,,0.07,96.3
1984-11-09,249.5,0.9,,,,0.07,96.3
1984-11-12,249.26,0.9,,,,0.07,96.3
1984-11-13,247.84,0.89,,,,0.07,96.3
1984-11-14,246.98,0.9,,,,0.07,96.3
1984-11-15,246.01,0.95,,,,0.07,96.3
1984-11-16,245.12,0.98,,,,0.07,96.3
1984-11-19,242.88,0.94,,,,0.07,96.3
1984-11-20,243.04,0.94,,,,0.07,96.3
1984-11-21,243.01,1,,,,0.07,96.3
1984-11-23,245.45,0.95,,,,0.07,96.3
1984-11-26,244.9,0.95,,,,0.07,96.3
1984-11-27,245.41,0.97,,,,0.07,96.3
1984-11-28,245.04,1.03,,,,0.07,96.3
1984-11-29,243.3,1.05,,,,0.07,96.3
1984-11-30,242.53,1.08,,,,-0.03,95.7
1984-12-03,240.9,1.06,,,,-0.03,95.7
1984-12-04,240.96,1.08,,,,-0.03,95.7
1984-12-05,238.78,1.12,,,,-0.03,95.7
1984-12-06,239.07,1.12,,,,-0.03,95.7
1984-12-07,238.94,1.19,,,,-0.03,95.7
1984-12-10,238.5,1.19,,,,-0.03,95.7
1984-12-11,238.79,1.17,,,,-0.03,95.7
1984-12-12,238.67,1.19,,,,-0.03,95.7
1984-12-13,238.08,1.3,,,,-0.03,95.7
1984-12-14,239.04,1.36,,,,-0.03,95.7
1984-12-17,238.46,1.42,,,,-0.03,95.7
1984-12-18,243.44,1.44,,,,-0.03,95.7
1984-12-19,244.88,1.45,,,,-0.03,95.7
1984-12-20,244.49,1.43,,,,-0.03,95.7
1984-12-21,244.28,1.4,,,,-0.03,95.7
1984-12-24,245.82,1.48,,,,-0.03,95.7
1984-12-26,246.06,1.5,,,,-0.03,95.7
1984-12-27,245.65,1.49,,,,-0.03,95.7
1984-12-28,246.08,1.44,,,,-0.03,95.7
1984-12-31,247.35,1.53,,,,-0.07,92.9
1985-01-02,245.9,1.67,,,,-0.07,92.9
1985-01-03,246.4,1.56,,,,-0.07,92.9
1985-01-04,246.1,1.59,,,,-0.07,92.9
1985-01-07,245.9,1.49,,,,-0.07,92.9
1985-01-08,246,1.46,,,,-0.07,92.9
1985-01-09,247.3,1.52,,,,-0.07,92.9
1985-01-10,250.7,1.48,,,,-0.07,92.9
1985-01-11,252.2,1.51,,,,-0.07,92.9
1985-01-14,255.5,1.53,,,,-0.07,92.9
1985-01-15,257.8,1.49,,,,-0.07,92.9
1985-01-16,260.2,1.52,,,,-0.07,92.9
1985-01-17,261.2,1.5,,,,-0.07,92.9
1985-01-18,263.1,1.48,,,,-0.07,92.9
1985-01-21,266.4,1.48,,,,-0.07,92.9
1985-01-22,268.4,1.44,,,,-0.07,92.9
1985-01-23,270.7,1.38,,,,-0.07,92.9
1985-01-24,272.3,1.32,,,,-0.07,92.9
1985-01-25,274,1.35,,,,-0.07,92.9
1985-01-28,275,1.32,,,,-0.07,92.9
1985-01-29,276.2,1.32,,,,-0.07,92.9
1985-01-30,278.6,1.32,,,,-0.07,92.9
1985-01-31,278.7,1.27,,,,0.03,96
1985-02-01,278.4,1.25,,,,0.03,96
1985-02-04,280.8,1.32,,,,0.03,96
1985-02-05,282.6,1.31,,,,0.03,96
1985-02-06,284.5,1.37,,,,0.03,96
1985-02-07,287.1,1.35,,,,0.03,96
1985-02-08,288.4,1.34,,,,0.03,96
1985-02-11,287.4,1.36,,,,0.03,96
1985-02-12,286.6,1.36,,,,0.03,96
1985-02-13,288.3,1.36,,,,0.03,96
1985-02-14,288.4,1.31,,,,0.03,96
1985-02-15,287.7,1.36,,,,0.03,96
1985-02-19,286.9,1.36,,,,0.03,96
1985-02-20,287.3,1.39,,,,0.03,96
1985-02-21,287,1.35,,,,0.03,96
1985-02-22,286.2,1.42,,,,0.03,96
1985-02-25,284,1.39,,,,0.03,96
1985-02-26,285,1.36,,,,0.03,96
1985-02-27,284.1,1.33,,,,0.03,96
1985-02-28,284.2,1.25,,,,0.1,93.7
1985-03-01,287.2,1.13,,,,0.1,93.7
1985-03-04,287.1,1.15,,,,0.1,93.7
1985-03-05,287.1,1.15,,,,0.1,93.7
1985-03-06,285.5,1.17,,,,0.1,93.7
1985-03-07,283.2,1.11,,,,0.1,93.7
1985-03-08,282.4,1.15,,,,0.1,93.7
1985-03-11,281.2,1.16,,,,0.1,93.7
1985-03-12,281.4,1.16,,,,0.1,93.7
1985-03-13,278.2,1.11,,,,0.1,93.7
1985-03-14,277.5,1.06,,,,0.1,93.7
1985-03-15,278,1.11,,,,0.1,93.7
1985-03-18,277.1,1.13,,,,0.1,93.7
1985-03-19,278.9,1.14,,,,0.1,93.7
1985-03-20,278.8,1.06,,,,0.1,93.7
1985-03-21,279,1.13,,,,0.1,93.7
1985-03-22,278.9,1.13,,,,0.1,93.7
1985-03-25,276.3,1.15,,,,0.1,93.7
1985-03-26,276.2,1.14,,,,0.1,93.7
1985-03-27,277.6,1.21,,,,0.1,93.7
1985-03-28,278.2,1.22,,,,0.1,93.7
1985-03-29,279.2,1.22,,,,0.1,93.7
1985-04-01,280.3,1.21,,,,0.13,93.7
1985-04-02,279.7,1.22,,,,0.13,93.7
1985-04-03,277.9,1.24,,,,0.13,93.7
1985-04-04,277.4,1.22,,,,0.13,93.7
1985-04-08,276.5,1.28,,,,0.13,93.7
1985-04-09,276.6,1.28,,,,0.13,93.7
1985-04-10,278.8,1.27,,,,0.13,93.7
1985-04-11,280.1,1.3,,,,0.13,93.7
1985-04-12,280.6,1.3,,,,0.13,93.7
1985-04-15,281.1,1.28,,,,0.13,93.7
1985-04-16,282.3,1.39,,,,0.13,93.7
1985-04-17,283.3,1.36,,,,0.13,93.7
1985-04-18,283.1,1.4,,,,0.13,93.7
1985-04-19,282.8,1.35,,,,0.13,93.7
1985-04-22,281.8,1.41,,,,0.13,93.7
1985-04-23,282.6,1.37,,,,0.13,93.7
1985-04-24,283.1,1.44,,,,0.13,93.7
1985-04-25,284,1.47,,,,0.13,93.7
1985-04-26,284.1,1.47,,,,0.13,93.7
1985-04-29,282.1,1.47,,,,0.13,93.7
1985-04-30,280.6,1.5,,,,0.13,93.7
1985-05-01,279.6,1.5,,,,0.1,94.6
1985-05-02,279,1.45,,,,0.1,94.6
1985-05-03,280.3,1.43,,,,0.1,94.6
1985-05-06,279.9,1.5,,,,0.1,94.6
1985-05-07,280.9,1.49,,,,0.1,94.6
1985-05-08,281.1,1.51,,,,0.1,94.6
1985-05-09,283.3,1.53,,,,0.1,94.6
1985-05-10,287.5,1.53,,,,0.1,94.6
1985-05-13,288.1,1.42,,,,0.1,94.6
1985-05-14,287.7,1.4,,,,0.1,94.6
1985-05-15,288.5,1.4,,,,0.1,94.6
1985-05-16,289.8,1.49,,,,0.1,94.6
1985-05-17,291.7,1.5,,,,0.1,94.6
1985-05-20,294.5,1.47,,,,0.1,94.6
1985-05-21,293.9,1.46,,,,0.1,94.6
1985-05-22,293,1.49,,,,0.1,94.6
1985-05-23,292.2,1.51,,,,0.1,94.6
1985-05-24,292.1,1.43,,,,0.1,94.6
1985-05-28,290.9,1.44,,,,0.1,94.6
1985-05-29,290.6,1.38,,,,0.1,94.6
1985-05-30,289.9,1.41,,,,0.1,94.6
1985-05-31,290.8,1.36,,,,0.1,94.6
1985-06-03,290.6,1.36,,,,0.1,91.8
1985-06-04,291,1.33,,,,0.1,91.8
1985-06-05,291.8,1.37,,,,0.1,91.8
1985-06-06,291.9,1.41,,,,0.1,91.8
1985-06-07,291,1.38,,,,0.1,91.8
1985-06-10,290.7,1.37,,,,0.1,91.8
1985-06-11,290.5,1.29,,,,0.1,91.8
1985-06-12,289.7,1.3,,,,0.1,91.8
1985-06-13,286.9,1.4,,,,0.1,91.8
1985-06-14,288,1.45,,,,0.1,91.8
1985-06-17,287.4,1.53,,,,0.1,91.8
1985-06-18,287.9,1.49,,,,0.1,91.8
1985-06-19,288.2,1.53,,,,0.1,91.8
1985-06-20,287.4,1.54,,,,0.1,91.8
1985-06-21,288.7,1.55,,,,0.1,91.8
1985-06-24,290,1.54,,,,0.1,91.8
1985-06-25,292.3,1.58,,,,0.1,91.8
1985-06-26,293.4,1.54,,,,0.1,91.8
1985-06-27,295.3,1.6,,,,0.1,91.8
1985-06-28,296.2,1.58,,,,0.1,91.8
1985-07-01,296.5,1.58,,,,0.1,96.5
1985-07-02,296.9,1.53,,,,0.1,96.5
1985-07-03,297.3,1.54,,,,0.1,96.5
1985-07-05,298.6,1.57,,,,0.1,96.5
1985-07-08,297.8,1.57,,,,0.1,96.5
1985-07-09,297.2,1.53,,,,0.1,96.5
1985-07-10,298.5,1.53,,,,0.1,96.5
1985-07-11,300.5,1.52,,,,0.1,96.5
1985-07-12,302.4,1.49,,,,0.1,96.5
1985-07-15,303,1.45,,,,0.1,96.5
1985-07-16,305.2,1.46,,,,0.1,96.5
1985-07-17,307.8,1.48,,,,0.1,96.5
1985-07-18,306.9,1.49,,,,0.1,96.5
1985-07-19,307.8,1.54,,,,0.1,96.5
1985-07-22,306.8,1.52,,,,0.1,96.5
1985-07-23,306.2,1.51,,,,0.1,96.5
1985-07-24,303.7,1.5,,,,0.1,96.5
1985-07-25,304.4,1.52,,,,0.1,96.5
1985-07-26,304.6,1.56,,,,0.1,96.5
1985-07-29,300.9,1.61,,,,0.1,96.5
1985-07-30,300.6,1.64,,,,0.1,96.5
1985-07-31,301.3,1.62,,,,0.1,96.5
1985-08-01,304,1.56,,,,0.1,94
1985-08-02,304.5,1.47,,,,0.1,94
1985-08-05,302.1,1.51,,,,0.1,94
1985-08-06,300.2,1.51,,,,0.1,94
1985-08-07,298.2,1.52,,,,0.1,94
1985-08-08,298.7,1.47,,,,0.1,94
1985-08-09,299.1,1.44,,,,0.1,94
1985-08-12,298.3,1.42,,,,0.1,94
1985-08-13,297,1.43,,,,0.1,94
1985-08-14,297.6,1.5,,,,0.1,94
1985-08-15,297.6,1.42,,,,0.1,94
1985-08-16,296.5,1.4,,,,0.1,94
1985-08-19,295.6,1.36,,,,0.1,94
1985-08-20,296.4,1.34,,,,0.1,94
1985-08-21,297.7,1.34,,,,0.1,94
1985-08-22,296.9,1.3,,,,0.1,94
1985-08-23,296.7,1.29,,,,0.1,94
1985-08-26,296.3,1.27,,,,0.1,94
1985-08-27,296,1.3,,,,0.1,94
1985-08-28,297,1.31,,,,0.1,94
1985-08-29,297.3,1.31,,,,0.1,94
1985-08-30,297.7,1.31,,,,0.1,94
1985-09-03,296.6,1.32,,,,0,92.4
1985-09-04,295.6,1.29,,,,0,92.4
1985-09-05,295.3,1.31,,,,0,92.4
1985-09-06,296.2,1.35,,,,0,92.4
1985-09-09,296.1,1.35,,,,0,92.4
1985-09-10,294.5,1.36,,,,0,92.4
1985-09-11,291.4,1.38,,,,0,92.4
1985-09-12,289.9,1.38,,,,0,92.4
1985-09-13,287.2,1.37,,,,0,92.4
1985-09-16,285.4,1.37,,,,0,92.4
1985-09-17,281.1,1.38,,,,0,92.4
1985-09-18,281,1.36,,,,0,92.4
1985-09-19,283.6,1.36,,,,0,92.4
1985-09-20,284.4,1.3,,,,0,92.4
1985-09-23,286.1,1.35,,,,0,92.4
1985-09-24,284.1,1.5,,,,0,92.4
1985-09-25,281.8,1.51,,,,0,92.4
1985-09-26,280.2,1.56,,,,0,92.4
1985-09-30,280.3,1.5,,,,0,92.4
1985-10-01,281.8,1.43,,,,-0.07,92.1
1985-10-02,281.2,1.46,,,,-0.07,92.1
1985-10-03,281.4,1.46,,,,-0.07,92.1
1985-10-04,280.5,1.48,,,,-0.07,92.1
1985-10-07,278.3,1.52,,,,-0.07,92.1
1985-10-08,277,1.45,,,,-0.07,92.1
1985-10-09,278.3,1.4,,,,-0.07,92.1
1985-10-10,279.4,1.4,,,,-0.07,92.1
1985-10-11,281.8,1.39,,,,-0.07,92.1
1985-10-14,284.3,1.38,,,,-0.07,92.1
1985-10-15,285,1.38,,,,-0.07,92.1
1985-10-16,286.7,1.36,,,,-0.07,92.1
1985-10-17,288.3,1.36,,,,-0.07,92.1
1985-10-18,288.4,1.36,,,,-0.07,92.1
1985-10-21,287.7,1.36,,,,-0.07,92.1
1985-10-22,288.5,1.35,,,,-0.07,92.1
1985-10-23,289.8,1.32,,,,-0.07,92.1
1985-10-24,290.6,1.3,,,,-0.07,92.1
1985-10-25,289.5,1.25,,,,-0.07,92.1
1985-10-28,289.2,1.37,,,,-0.07,92.1
1985-10-29,291.1,1.29,,,,-0.07,92.1
1985-10-30,292.3,1.29,,,,-0.07,92.1
1985-10-31,292.5,1.31,,,,-0.07,88.4
1985-11-01,294.1,1.28,,,,-0.07,88.4
1985-11-04,294.2,1.27,,,,-0.07,88.4
1985-11-05,295.3,1.24,,,,-0.07,88.4
1985-11-06,296.7,1.26,,,,-0.07,88.4
1985-11-07,297.5,1.24,,,,-0.07,88.4
1985-11-08,300,1.27,,,,-0.07,88.4
1985-11-11,302.3,1.27,,,,-0.07,88.4
1985-11-12,304.4,1.21,,,,-0.07,88.4
1985-11-13,303.9,1.2,,,,-0.07,88.4
1985-11-14,305.2,1.21,,,,-0.07,88.4
1985-11-15,306.2,1.26,,,,-0.07,88.4
1985-11-18,306.1,1.21,,,,-0.07,88.4
1985-11-19,306.9,1.21,,,,-0.07,88.4
1985-11-20,307,1.18,,,,-0.07,88.4
1985-11-21,309.3,1.07,,,,-0.07,88.4
1985-11-22,310.8,1.14,,,,-0.07,88.4
1985-11-25,309.8,1.16,,,,-0.07,88.4
1985-11-26,310.5,1.15,,,,-0.07,88.4
1985-11-27,313,1.12,,,,-0.07,88.4
1985-11-29,314,1.13,,,,-0.07,88.4
1985-12-02,313,1.15,,,,0,90.9
1985-12-03,313.1,1.16,,,,0,90.9
1985-12-04,316.7,1.14,,,,0,90.9
1985-12-05,318.2,1.15,,,,0,90.9
1985-12-06,316.6,1.18,,,,0,90.9
1985-12-09,316.9,1.14,,,,0,90.9
1985-12-10,317.3,1.13,,,,0,90.9
1985-12-11,318.9,1.2,,,,0,90.9
1985-12-12,320.6,1.2,,,,0,90.9
1985-12-13,324,1.24,,,,0,90.9
1985-12-16,325.2,1.16,,,,0,90.9
1985-12-17,323.3,1.1,,,,0,90.9
1985-12-18,322.5,1.07,,,,0,90.9
1985-12-19,322.7,1.1,,,,0,90.9
1985-12-20,323.1,1.03,,,,0,90.9
1985-12-23,321.6,1.07,,,,0,90.9
1985-12-24,320.2,1.05,,,,0,90.9
1985-12-26,320.3,1.05,,,,0,90.9
1985-12-27,322.8,1,,,,0,90.9
1985-12-30,323.1,1.02,,,,0,90.9
1985-12-31,324.9,1.02,,,,-0.07,93.9
1986-01-02,325,1.02,,,,-0.07,93.9
1986-01-03,325.7,1.02,,,,-0.07,93.9
1986-01-06,326,1.03,,,,-0.07,93.9
1986-01-07,329.7,0.97,,,,-0.07,93.9
1986-01-08,328.1,1.04,,,,-0.07,93.9
1986-01-09,323,1,,,,-0.07,93.9
1986-01-10,324.4,1.03,,,,-0.07,93.9
1986-01-13,324.2,1.11,,,,-0.07,93.9
1986-01-14,324.8,1.1,,,,-0.07,93.9
1986-01-15,328.2,1.07,,,,-0.07,93.9
1986-01-16,330,1.09,,,,-0.07,93.9
1986-01-17,330.7,1.05,,,,-0.07,93.9
1986-01-20,329.5,1.05,,,,-0.07,93.9
1986-01-21,328.5,1.02,,,,-0.07,93.9
1986-01-22,326.8,1.09,,,,-0.07,93.9
1986-01-23,326.7,1.06,,,,-0.07,93.9
1986-01-24,328.9,1.1,,,,-0.07,93.9
1986-01-27,330.2,1.06,,,,-0.07,93.9
1986-01-28,332.6,1.03,,,,-0.07,93.9
1986-01-29,334.7,1.04,,,,-0.07,93.9
1986-01-30,334.3,1.06,,,,-0.07,93.9
1986-01-31,335.8,1.09,,,,-0.13,95.6
1986-02-03,337.5,1.05,,,,-0.13,95.6
1986-02-04,337.9,1.02,,,,-0.13,95.6
1986-02-05,338.9,0.98,,,,-0.13,95.6
1986-02-06,340.8,1.01,,,,-0.13,95.6
1986-02-07,342.2,0.96,,,,-0.13,95.6
1986-02-10,344,0.92,,,,-0.13,95.6
1986-02-11,344.9,0.89,,,,-0.13,95.6
1986-02-12,346.3,0.83,,,,-0.13,95.6
1986-02-13,347.9,0.79,,,,-0.13,95.6
1986-02-14,350.2,0.69,,,,-0.13,95.6
1986-02-18,352.4,0.68,,,,-0.13,95.6
1986-02-19,352.1,0.64,,,,-0.13,95.6
1986-02-20,353.1,0.62,,,,-0.13,95.6
1986-02-21,355.7,0.55,,,,-0.13,95.6
1986-02-24,355.3,0.53,,,,-0.13,95.6
1986-02-25,354.9,0.51,,,,-0.13,95.6
1986-02-26,355.3,0.48,,,,-0.13,95.6
1986-02-27,358.1,0.43,,,,-0.13,95.6
1986-02-28,359.5,0.42,,,,0.1,95.9
1986-03-03,359.8,0.44,,,,0.1,95.9
1986-03-04,362,0.55,,,,0.1,95.9
1986-03-05,359.8,0.58,,,,0.1,95.9
1986-03-06,361.5,0.66,,,,0.1,95.9
1986-03-07,362.2,0.67,,,,0.1,95.9
1986-03-10,363.9,0.6,,,,0.1,95.9
1986-03-11,367.4,0.55,,,,0.1,95.9
1986-03-12,369.7,0.51,,,,0.1,95.9
1986-03-13,370.4,0.54,,,,0.1,95.9
1986-03-14,371.8,0.54,,,,0.1,95.9
1986-03-17,370,0.55,,,,0.1,95.9
1986-03-18,371.5,0.6,,,,0.1,95.9
1986-03-19,371.7,0.65,,,,0.1,95.9
1986-03-20,372.7,0.61,,,,0.1,95.9
1986-03-21,372.6,0.61,,,,0.1,95.9
1986-03-24,370.7,0.59,,,,0.1,95.9
1986-03-25,369.3,0.58,,,,0.1,95.9
1986-03-26,370.6,0.53,,,,0.1,95.9
1986-03-27,373.3,0.45,,,,0.1,95.9
1986-03-31,374.7,0.47,,,,0.2,95.1
1986-04-01,374.2,0.48,,,,0.2,95.1
1986-04-02,374.1,0.43,,,,0.2,95.1
1986-04-03,374.5,0.47,,,,0.2,95.1
1986-04-04,372.2,0.6,,,,0.2,95.1
1986-04-07,369.1,0.61,,,,0.2,95.1
1986-04-08,373.1,0.61,,,,0.2,95.1
1986-04-09,374.2,0.69,,,,0.2,95.1
1986-04-10,377.2,0.65,,,,0.2,95.1
1986-04-11,378.9,0.64,,,,0.2,95.1
1986-04-14,380.8,0.66,,,,0.2,95.1
1986-04-15,381.7,0.69,,,,0.2,95.1
1986-04-16,387.6,0.59,,,,0.2,95.1
1986-04-17,390,0.59,,,,0.2,95.1
1986-04-18,390.1,0.65,,,,0.2,95.1
1986-04-21,391,0.58,,,,0.2,95.1
1986-04-22,390.5,0.67,,,,0.2,95.1
1986-04-23,389.1,0.69,,,,0.2,95.1
1986-04-24,391.5,0.62,,,,0.2,95.1
1986-04-25,392.3,0.67,,,,0.2,95.1
1986-04-28,391.4,0.67,,,,0.2,95.1
1986-04-29,389.2,0.62,,,,0.2,95.1
1986-04-30,383.2,0.53,,,,0.2,95.1
1986-05-01,381.7,0.55,,,,0.33,96.2
1986-05-02,383.2,0.6,,,,0.33,96.2
1986-05-05,386,0.63,,,,0.33,96.2
1986-05-06,386.3,0.63,,,,0.33,96.2
1986-05-07,385.3,0.64,,,,0.33,96.2
1986-05-08,387.4,0.6,,,,0.33,96.2
1986-05-09,389.1,0.62,,,,0.33,96.2
1986-05-12,388.1,0.63,,,,0.33,96.2
1986-05-13,386.7,0.69,,,,0.33,96.2
1986-05-14,387.3,0.63,,,,0.33,96.2
1986-05-15,385.6,0.66,,,,0.33,96.2
1986-05-16,384.7,0.63,,,,0.33,96.2
1986-05-19,383.7,0.67,,,,0.33,96.2
1986-05-20,385.3,0.7,,,,0.33,96.2
1986-05-21,386.1,0.65,,,,0.33,96.2
1986-05-22,389.6,0.7,,,,0.33,96.2
1986-05-23,391.9,0.68,,,,0.33,96.2
1986-05-27,394.9,0.65,,,,0.33,96.2
1986-05-28,397.2,0.59,,,,0.33,96.2
1986-05-29,398,0.56,,,,0.33,96.2
1986-05-30,400.2,0.64,,,,0.33,96.2
1986-06-02,399.4,0.69,,,,0.33,94.8
1986-06-03,399.5,0.82,,,,0.33,94.8
1986-06-04,399.1,0.7,,,,0.33,94.8
1986-06-05,400,0.76,,,,0.33,94.8
1986-06-06,400.3,0.77,,,,0.33,94.8
1986-06-09,394.7,0.68,,,,0.33,94.8
1986-06-10,392.8,0.74,,,,0.33,94.8
1986-06-11,395.4,0.69,,,,0.33,94.8
1986-06-12,396.5,0.62,,,,0.33,94.8
1986-06-13,399.6,0.67,,,,0.33,94.8
1986-06-16,398.5,0.58,,,,0.33,94.8
1986-06-17,396.3,0.53,,,,0.33,94.8
1986-06-18,395.2,0.55,,,,0.33,94.8
1986-06-19,396.4,0.56,,,,0.33,94.8
1986-06-20,396.9,0.59,,,,0.33,94.8
1986-06-23,396.8,0.54,,,,0.33,94.8
1986-06-24,398.9,0.52,,,,0.33,94.8
1986-06-25,402.2,0.49,,,,0.33,94.8
1986-06-26,402.9,0.51,,,,0.33,94.8
1986-06-27,403.6,0.51,,,,0.33,94.8
1986-06-30,405.5,0.54,,,,0.33,94.8
1986-07-01,407.6,0.54,,,,0.3,99.3
1986-07-02,409.5,0.57,,,,0.3,99.3
1986-07-03,411.2,0.56,,,,0.3,99.3
1986-07-07,401,0.6,,,,0.3,99.3
1986-07-08,390.7,0.61,,,,0.3,99.3
1986-07-09,393.4,0.6,,,,0.3,99.3
1986-07-10,392,0.58,,,,0.3,99.3
1986-07-11,391.6,0.58,,,,0.3,99.3
1986-07-14,384.8,0.7,,,,0.3,99.3
1986-07-15,378.7,0.67,,,,0.3,99.3
1986-07-16,379.7,0.6,,,,0.3,99.3
1986-07-17,381.6,0.61,,,,0.3,99.3
1986-07-18,381.1,0.57,,,,0.3,99.3
1986-07-21,379.5,0.6,,,,0.3,99.3
1986-07-22,379.9,0.58,,,,0.3,99.3
1986-07-23,379.9,0.6,,,,0.3,99.3
1986-07-24,378.7,0.66,,,,0.3,99.3
1986-07-25,379.8,0.68,,,,0.3,99.3
1986-07-28,374.8,0.66,,,,0.3,99.3
1986-07-29,372,0.77,,,,0.3,99.3
1986-07-30,370.8,0.7,,,,0.3,99.3
1986-07-31,371.4,0.74,,,,0.3,99.3
1986-08-01,370.7,0.77,,,,0.23,97.7
1986-08-04,366.7,0.78,,,,0.23,97.7
1986-08-05,366.8,0.77,,,,0.23,97.7
1986-08-06,364.7,0.81,,,,0.23,97.7
1986-08-07,365.1,0.86,,,,0.23,97.7
1986-08-08,365.8,0.84,,,,0.23,97.7
1986-08-11,369.9,0.76,,,,0.23,97.7
1986-08-12,373.3,0.74,,,,0.23,97.7
1986-08-13,376.9,0.77,,,,0.23,97.7
1986-08-14,379.5,0.78,,,,0.23,97.7
1986-08-15,380.2,0.77,,,,0.23,97.7
1986-08-18,379.3,0.78,,,,0.23,97.7
1986-08-19,378.8,0.77,,,,0.23,97.7
1986-08-20,380.9,0.73,,,,0.23,97.7
1986-08-21,381.2,0.83,,,,0.23,97.7
1986-08-22,381.5,0.88,,,,0.23,97.7
1986-08-25,379.3,0.93,,,,0.23,97.7
1986-08-26,380.5,0.96,,,,0.23,97.7
1986-08-27,381.7,0.95,,,,0.23,97.7
1986-08-28,382.4,0.94,,,,0.23,97.7
1986-08-29,382.9,0.97,,,,0.23,97.7
1986-09-02,380.1,1.01,,,,0.07,94.9
1986-09-03,378.9,1.04,,,,0.07,94.9
1986-09-04,381,1.06,,,,0.07,94.9
1986-09-05,378.4,1.04,,,,0.07,94.9
1986-09-08,372,1.07,,,,0.07,94.9
1986-09-09,369.6,1.08,,,,0.07,94.9
1986-09-10,366.8,1.05,,,,0.07,94.9
1986-09-11,353.3,1.08,,,,0.07,94.9
1986-09-12,346.8,1.14,,,,0.07,94.9
1986-09-15,345.9,1.2,,,,0.07,94.9
1986-09-16,343.7,1.14,,,,0.07,94.9
1986-09-17,346.9,1.15,,,,0.07,94.9
1986-09-18,348.6,1.09,,,,0.07,94.9
1986-09-19,349.4,1.15,,,,0.07,94.9
1986-09-22,352.6,1.15,,,,0.07,94.9
1986-09-23,353.4,1.13,,,,0.07,94.9
1986-09-24,354.5,1.12,,,,0.07,94.9
1986-09-25,351.5,1.11,,,,0.07,94.9
1986-09-26,351.6,1.1,,,,0.07,94.9
1986-09-29,347.8,1.08,,,,0.07,94.9
1986-09-30,350.7,1.08,,,,0.07,94.9
1986-10-01,352.3,1.07,,,,0.03,91.9
1986-10-02,352.6,1.05,,,,0.03,91.9
1986-10-03,352.8,1.07,,,,0.03,91.9
1986-10-06,353.2,1.15,,,,0.03,91.9
1986-10-07,352.4,1.14,,,,0.03,91.9
1986-10-08,352.9,1.15,,,,0.03,91.9
1986-10-09,353.1,1.2,,,,0.03,91.9
1986-10-10,353.5,1.18,,,,0.03,91.9
1986-10-13,354.1,1.2,,,,0.03,91.9
1986-10-14,353.8,1.2,,,,0.03,91.9
1986-10-15,355.7,1.23,,,,0.03,91.9
1986-10-16,356.4,1.24,,,,0.03,91.9
1986-10-17,355.7,1.24,,,,0.03,91.9
1986-10-20,353.5,1.19,,,,0.03,91.9
1986-10-21,353.1,1.19,,,,0.03,91.9
1986-10-22,353.9,1.17,,,,0.03,91.9
1986-10-23,356.2,1.15,,,,0.03,91.9
1986-10-24,356.7,1.12,,,,0.03,91.9
1986-10-27,356.6,1.1,,,,0.03,91.9
1986-10-28,357.2,1.11,,,,0.03,91.9
1986-10-29,358.5,1.09,,,,0.03,91.9
1986-10-30,361.1,1.07,,,,0.03,91.9
1986-10-31,360.8,1.08,,,,0.07,95.6
1986-11-03,361.1,1.08,,,,0.07,95.6
1986-11-04,361.9,1.08,,,,0.07,95.6
1986-11-05,362.1,0.98,,,,0.07,95.6
1986-11-06,361.2,1.03,,,,0.07,95.6
1986-11-07,361,1.05,,,,0.07,95.6
1986-11-10,360,0.96,,,,0.07,95.6
1986-11-11,361.3,0.96,,,,0.07,95.6
1986-11-12,361.2,0.97,,,,0.07,95.6
1986-11-13,358,0.98,,,,0.07,95.6
1986-11-14,358.5,0.96,,,,0.07,95.6
1986-11-17,357.1,0.9,,,,0.07,95.6
1986-11-18,352.6,0.95,,,,0.07,95.6
1986-11-19,349.8,0.98,,,,0.07,95.6
1986-11-20,352.2,0.93,,,,0.07,95.6
1986-11-21,354.7,0.96,,,,0.07,95.6
1986-11-24,356.1,0.92,,,,0.07,95.6
1986-11-25,357,0.92,,,,0.07,95.6
1986-11-26,358.2,0.94,,,,0.07,95.6
1986-11-28,359.6,0.94,,,,0.07,95.6
1986-12-01,357.9,0.93,,,,0.13,91.4
1986-12-02,360.7,0.86,,,,0.13,91.4
1986-12-03,363,0.89,,,,0.13,91.4
1986-12-04,364.1,0.86,,,,0.13,91.4
1986-12-05,363,0.88,,,,0.13,91.4
1986-12-08,361,0.86,,,,0.13,91.4
1986-12-09,359,0.86,,,,0.13,91.4
1986-12-10,359.1,0.86,,,,0.13,91.4
1986-12-11,357.7,0.88,,,,0.13,91.4
1986-12-12,355.9,0.89,,,,0.13,91.4
1986-12-15,353,0.86,,,,0.13,91.4
1986-12-16,353.8,0.83,,,,0.13,91.4
1986-12-17,352.3,0.81,,,,0.13,91.4
1986-12-18,351.4,0.8,,,,0.13,91.4
1986-12-19,352.2,0.81,,,,0.13,91.4
1986-12-22,351.3,0.8,,,,0.13,91.4
1986-12-23,348.8,0.78,,,,0.13,91.4
1986-12-24,349.6,0.77,,,,0.13,91.4
1986-12-26,349.9,0.78,,,,0.13,91.4
1986-12-29,348,0.8,,,,0.13,91.4
1986-12-30,347.3,0.81,,,,0.13,91.4
1986-12-31,348.8,0.88,,,,-0.07,89.1
1987-01-02,353.26,0.88,,,,-0.07,89.1
1987-01-05,361.2,0.84,,,,-0.07,89.1
1987-01-06,366,0.83,,,,-0.07,89.1
1987-01-07,372.4,0.83,,,,-0.07,89.1
1987-01-08,377.5,0.84,,,,-0.07,89.1
1987-01-09,380.7,0.82,,,,-0.07,89.1
1987-01-12,385.5,0.85,,,,-0.07,89.1
1987-01-13,386.4,0.88,,,,-0.07,89.1
1987-01-14,390,0.87,,,,-0.07,89.1
1987-01-15,392.6,0.86,,,,-0.07,89.1
1987-01-16,389.9,0.81,,,,-0.07,89.1
1987-01-19,392.6,0.81,,,,-0.07,89.1
1987-01-20,392.1,0.84,,,,-0.07,89.1
1987-01-21,389.6,0.84,,,,-0.07,89.1
1987-01-22,393.2,0.86,,,,-0.07,89.1
1987-01-23,392.2,0.86,,,,-0.07,89.1
1987-01-26,388,0.91,,,,-0.07,89.1
1987-01-27,390.8,0.92,,,,-0.07,89.1
1987-01-28,392,0.89,,,,-0.07,89.1
1987-01-29,391,0.89,,,,-0.07,89.1
1987-01-30,392.1,0.85,,,,-0.07,89.1
1987-02-02,397.2,0.87,,,,-0.07,90.4
1987-02-03,399.4,0.87,,,,-0.07,90.4
1987-02-04,403.1,0.85,,,,-0.07,90.4
1987-02-05,405.6,0.87,,,,-0.07,90.4
1987-02-06,406.9,0.81,,,,-0.07,90.4
1987-02-09,405.8,0.8,,,,-0.07,90.4
1987-02-10,403.5,0.84,,,,-0.07,90.4
1987-02-11,408.3,0.79,,,,-0.07,90.4
1987-02-12,409.2,0.84,,,,-0.07,90.4
1987-02-13,412.5,0.85,,,,-0.07,90.4
1987-02-17,418.2,0.85,,,,-0.07,90.4
1987-02-18,417.1,0.87,,,,-0.07,90.4
1987-02-19,417,0.9,,,,-0.07,90.4
1987-02-20,417.2,0.91,,,,-0.07,90.4
1987-02-23,415.2,0.88,,,,-0.07,90.4
1987-02-24,417.4,0.86,,,,-0.07,90.4
1987-02-25,421,0.84,,,,-0.07,90.4
1987-02-26,422.9,0.86,,,,-0.07,90.4
1987-02-27,425,0.84,,,,-0.07,90.4
1987-03-02,423.9,0.83,,,,-0.07,90.2
1987-03-03,423.6,0.84,,,,-0.07,90.2
1987-03-04,426.7,0.82,,,,-0.07,90.2
1987-03-05,429,0.81,,,,-0.07,90.2
1987-03-06,429.5,0.81,,,,-0.07,90.2
1987-03-09,426.8,0.8,,,,-0.07,90.2
1987-03-10,429.4,0.79,,,,-0.07,90.2
1987-03-11,431.4,0.79,,,,-0.07,90.2
1987-03-12,432.5,0.79,,,,-0.07,90.2
1987-03-13,432,0.8,,,,-0.07,90.2
1987-03-16,430.9,0.81,,,,-0.07,90.2
1987-03-17,434.8,0.78,,,,-0.07,90.2
1987-03-18,434.9,0.81,,,,-0.07,90.2
1987-03-19,437,0.83,,,,-0.07,90.2
1987-03-20,439.6,0.82,,,,-0.07,90.2
1987-03-23,438,0.83,,,,-0.07,90.2
1987-03-24,438.1,0.83,,,,-0.07,90.2
1987-03-25,437.5,0.8,,,,-0.07,90.2
1987-03-26,438.7,0.82,,,,-0.07,90.2
1987-03-27,436.6,0.84,,,,-0.07,90.2
1987-03-30,427.1,0.91,,,,-0.07,90.2
1987-03-31,430.1,0.97,,,,-0.03,90.8
1987-04-01,428.3,0.94,,,,-0.03,90.8
1987-04-02,432.1,0.96,,,,-0.03,90.8
1987-04-03,437.4,0.97,,,,-0.03,90.8
1987-04-06,437.6,0.97,,,,-0.03,90.8
1987-04-07,434,0.97,,,,-0.03,90.8
1987-04-08,434.9,1.03,,,,-0.03,90.8
1987-04-09,432,1.02,,,,-0.03,90.8
1987-04-10,430.9,1.04,,,,-0.03,90.8
1987-04-13,423.7,1.01,,,,-0.03,90.8
1987-04-14,413.2,0.99,,,,-0.03,90.8
1987-04-15,416,1.09,,,,-0.03,90.8
1987-04-16,419.5,1.08,,,,-0.03,90.8
1987-04-20,417.7,1.13,,,,-0.03,90.8
1987-04-21,418.6,1.14,,,,-0.03,90.8
1987-04-22,418.2,1.1,,,,-0.03,90.8
1987-04-23,417.4,1.01,,,,-0.03,90.8
1987-04-24,412.6,1.03,,,,-0.03,90.8
1987-04-27,409.7,0.99,,,,-0.03,90.8
1987-04-28,411.9,0.87,,,,-0.03,90.8
1987-04-29,414.2,0.85,,,,-0.03,90.8
1987-04-30,417.8,0.92,,,,-0.03,90.8
1987-05-01,418.4,0.83,,,,-0.13,92.8
1987-05-04,418.5,0.92,,,,-0.13,92.8
1987-05-05,422.4,0.91,,,,-0.13,92.8
1987-05-06,422.4,0.85,,,,-0.13,92.8
1987-05-07,422.6,0.92,,,,-0.13,92.8
1987-05-08,423.2,0.9,,,,-0.13,92.8
1987-05-11,422.2,0.86,,,,-0.13,92.8
1987-05-12,420.5,0.91,,,,-0.13,92.8
1987-05-13,421.9,0.87,,,,-0.13,92.8
1987-05-14,422.7,0.87,,,,-0.13,92.8
1987-05-15,418.9,0.91,,,,-0.13,92.8
1987-05-18,413.5,0.85,,,,-0.13,92.8
1987-05-19,408.2,0.8,,,,-0.13,92.8
1987-05-20,406.6,0.9,,,,-0.13,92.8
1987-05-21,408.5,0.87,,,,-0.13,92.8
1987-05-22,407.4,0.81,,,,-0.13,92.8
1987-05-26,411.4,0.81,,,,-0.13,92.8
1987-05-27,412.6,0.76,,,,-0.13,92.8
1987-05-28,414.4,0.76,,,,-0.13,92.8
1987-05-29,416.5,0.75,,,,-0.13,92.8
1987-06-01,415,0.8,,,,-0.13,91.1
1987-06-02,413.6,0.78,,,,-0.13,91.1
1987-06-03,415.9,0.87,,,,-0.13,91.1
1987-06-04,417.4,0.86,,,,-0.13,91.1
1987-06-05,417.8,0.82,,,,-0.13,91.1
1987-06-08,419.4,0.84,,,,-0.13,91.1
1987-06-09,421.7,0.85,,,,-0.13,91.1
1987-06-10,422.8,0.85,,,,-0.13,91.1
1987-06-11,423.4,0.88,,,,-0.13,91.1
1987-06-12,425.4,0.86,,,,-0.13,91.1
1987-06-15,425.4,0.81,,,,-0.13,91.1
1987-06-16,427.5,0.81,,,,-0.13,91.1
1987-06-17,428.4,0.81,,,,-0.13,91.1
1987-06-18,429,0.81,,,,-0.13,91.1
1987-06-19,429.1,0.83,,,,-0.13,91.1
1987-06-22,429.3,0.85,,,,-0.13,91.1
1987-06-23,428,0.81,,,,-0.13,91.1
1987-06-24,427.3,0.78,,,,-0.13,91.1
1987-06-25,427.2,0.77,,,,-0.13,91.1
1987-06-26,426.7,0.78,,,,-0.13,91.1
1987-06-29,426.5,0.81,,,,-0.13,91.1
1987-06-30,424.7,0.86,,,,-0.13,91.1
1987-07-01,424.5,0.9,,,,-0.17,91.5
1987-07-02,425.9,0.92,,,,-0.17,91.5
1987-07-06,425.1,0.92,,,,-0.17,91.5
1987-07-07,424.6,0.91,,,,-0.17,91.5
1987-07-08,424.9,0.92,,,,-0.17,91.5
1987-07-09,425.6,0.97,,,,-0.17,91.5
1987-07-10,426,0.99,,,,-0.17,91.5
1987-07-13,426.5,1,,,,-0.17,91.5
1987-07-14,431.1,1.02,,,,-0.17,91.5
1987-07-15,431.2,1.01,,,,-0.17,91.5
1987-07-16,433.2,1.06,,,,-0.17,91.5
1987-07-17,434.1,1.07,,,,-0.17,91.5
1987-07-20,431.6,1.02,,,,-0.17,91.5
1987-07-21,429.4,1.03,,,,-0.17,91.5
1987-07-22,429.3,1.04,,,,-0.17,91.5
1987-07-23,427.6,1.07,,,,-0.17,91.5
1987-07-24,429.1,1.1,,,,-0.17,91.5
1987-07-27,428.9,1.05,,,,-0.17,91.5
1987-07-28,430,1.01,,,,-0.17,91.5
1987-07-29,431.2,1.01,,,,-0.17,91.5
1987-07-30,433.6,0.97,,,,-0.17,91.5
1987-07-31,434.9,0.98,,,,-0.17,91.5
1987-08-03,433.1,1.03,,,,-0.1,93.7
1987-08-04,432.8,1.09,,,,-0.1,93.7
1987-08-05,436.3,1.09,,,,-0.1,93.7
1987-08-06,440.8,1.06,,,,-0.1,93.7
1987-08-07,443.6,1.08,,,,-0.1,93.7
1987-08-10,446.3,1.01,,,,-0.1,93.7
1987-08-11,449.4,1.03,,,,-0.1,93.7
1987-08-12,449.2,1.04,,,,-0.1,93.7
1987-08-13,451.6,1.05,,,,-0.1,93.7
1987-08-14,451.6,0.99,,,,-0.1,93.7
1987-08-17,451.7,0.96,,,,-0.1,93.7
1987-08-18,446.8,0.94,,,,-0.1,93.7
1987-08-19,448,1.02,,,,-0.1,93.7
1987-08-20,452.8,1.01,,,,-0.1,93.7
1987-08-21,455.2,0.97,,,,-0.1,93.7
1987-08-24,453.8,0.98,,,,-0.1,93.7
1987-08-25,455.1,0.97,,,,-0.1,93.7
1987-08-26,455.3,0.94,,,,-0.1,93.7
1987-08-27,455.8,0.92,,,,-0.1,93.7
1987-08-28,453.3,0.97,,,,-0.1,93.7
1987-08-31,455,1.01,,,,-0.1,93.7
1987-09-01,452.5,1.03,,,,-0.1,94.4
1987-09-02,448.9,1.07,,,,-0.1,94.4
1987-09-03,448.4,1.13,,,,-0.1,94.4
1987-09-04,446.5,1.1,,,,-0.1,94.4
1987-09-08,437.6,1.04,,,,-0.1,94.4
1987-09-09,439.2,1.04,,,,-0.1,94.4
1987-09-10,443.5,1.05,,,,-0.1,94.4
1987-09-11,446.2,1.06,,,,-0.1,94.4
1987-09-14,445.5,1.02,,,,-0.1,94.4
1987-09-15,441.9,1.08,,,,-0.1,94.4
1987-09-16,440.9,1.14,,,,-0.1,94.4
1987-09-17,440.8,1.17,,,,-0.1,94.4
1987-09-18,440.9,1.14,,,,-0.1,94.4
1987-09-21,436,1.08,,,,-0.1,94.4
1987-09-22,437.9,1.12,,,,-0.1,94.4
1987-09-23,440.7,1.06,,,,-0.1,94.4
1987-09-24,441.2,1.09,,,,-0.1,94.4
1987-09-25,441.9,1.09,,,,-0.1,94.4
1987-09-28,442.3,1.05,,,,-0.1,94.4
1987-09-29,442.2,1.04,,,,-0.1,94.4
1987-09-30,444.3,1.04,,,,-0.1,94.4
1987-10-01,448.5,1.03,,,,-0.07,93.6
1987-10-02,451.6,1.04,,,,-0.07,93.6
1987-10-05,453.6,0.99,,,,-0.07,93.6
1987-10-06,447.5,1.03,,,,-0.07,93.6
1987-10-07,444.6,0.99,,,,-0.07,93.6
1987-10-08,440,0.98,,,,-0.07,93.6
1987-10-09,438.4,0.83,,,,-0.07,93.6
1987-10-12,433,0.93,,,,-0.07,93.6
1987-10-13,434.8,0.93,,,,-0.07,93.6
1987-10-14,428.3,0.96,,,,-0.07,93.6
1987-10-15,422.5,0.99,,,,-0.07,93.6
1987-10-16,406.3,0.95,,,,-0.07,93.6
1987-10-19,360.2,1.01,,,,-0.07,93.6
1987-10-20,327.8,1.22,,,,-0.07,93.6
1987-10-21,351.9,1.31,,,,-0.07,93.6
1987-10-22,336.1,1.4,,,,-0.07,93.6
1987-10-23,328.5,1.21,,,,-0.07,93.6
1987-10-26,298.9,1.23,,,,-0.07,93.6
1987-10-27,296.3,1.26,,,,-0.07,93.6
1987-10-28,291.9,1.36,,,,-0.07,93.6
1987-10-29,307.1,1.36,,,,-0.07,93.6
1987-10-30,323.3,1.3,,,,-0.07,93.6
1987-11-02,328.3,1.26,,,,0,89.3
1987-11-03,320.7,1.24,,,,0,89.3
1987-11-04,320.1,1.25,,,,0,89.3
1987-11-05,326.2,1.22,,,,0,89.3
1987-11-06,326.4,1.14,,,,0,89.3
1987-11-09,320.4,1.14,,,,0,89.3
1987-11-10,315.2,1.18,,,,0,89.3
1987-11-11,317.8,1.18,,,,0,89.3
1987-11-12,324,1.13,,,,0,89.3
1987-11-13,323,1.09,,,,0,89.3
1987-11-16,322.4,1.04,,,,0,89.3
1987-11-17,316.8,1.13,,,,0,89.3
1987-11-18,318.2,1.11,,,,0,89.3
1987-11-19,313.9,1.14,,,,0,89.3
1987-11-20,312.5,1.13,,,,0,89.3
1987-11-23,313.1,1.13,,,,0,89.3
1987-11-24,316.7,1.16,,,,0,89.3
1987-11-25,317.8,1.2,,,,0,89.3
1987-11-27,316.5,1.24,,,,0,89.3
1987-11-30,305.2,1.26,,,,-0.03,83.1
1987-12-01,305.2,1.24,,,,-0.03,83.1
1987-12-02,305.2,1.22,,,,-0.03,83.1
1987-12-03,298.8,1.22,,,,-0.03,83.1
1987-12-04,292.9,1.22,,,,-0.03,83.1
1987-12-07,294.8,1.21,,,,-0.03,83.1
1987-12-08,298,1.21,,,,-0.03,83.1
1987-12-09,302,1.17,,,,-0.03,83.1
1987-12-10,300.8,1.23,,,,-0.03,83.1
1987-12-11,302.6,1.26,,,,-0.03,83.1
1987-12-14,309.4,1.22,,,,-0.03,83.1
1987-12-15,312.7,1.17,,,,-0.03,83.1
1987-12-16,319.3,1.11,,,,-0.03,83.1
1987-12-17,319.5,1.14,,,,-0.03,83.1
1987-12-18,326.9,1.07,,,,-0.03,83.1
1987-12-21,328.7,1.04,,,,-0.03,83.1
1987-12-22,327.3,1.04,,,,-0.03,83.1
1987-12-23,331.5,1,,,,-0.03,83.1
1987-12-24,333.2,0.99,,,,-0.03,83.1
1987-12-28,325.6,1.02,,,,-0.03,83.1
1987-12-29,325.5,0.99,,,,-0.03,83.1
1987-12-30,329.7,1.03,,,,-0.03,83.1
1987-12-31,330.5,1.06,,,,-0.03,86.8
1988-01-04,338.5,1.06,,,,-0.03,86.8
1988-01-05,344.1,1,,,,-0.03,86.8
1988-01-06,346.7,1.03,,,,-0.03,86.8
1988-01-07,349.7,1.04,,,,-0.03,86.8
1988-01-08,338.5,1.05,,,,-0.03,86.8
1988-01-11,336.2,1.14,,,,-0.03,86.8
1988-01-12,332,1.13,,,,-0.03,86.8
1988-01-13,332.7,1.11,,,,-0.03,86.8
1988-01-14,334.2,1.1,,,,-0.03,86.8
1988-01-15,340.1,0.99,,,,-0.03,86.8
1988-01-18,340.5,0.99,,,,-0.03,86.8
1988-01-19,340.4,0.99,,,,-0.03,86.8
1988-01-20,333.7,1.02,,,,-0.03,86.8
1988-01-21,334.3,1.01,,,,-0.03,86.8
1988-01-22,337.6,0.98,,,,-0.03,86.8
1988-01-25,340.5,0.96,,,,-0.03,86.8
1988-01-26,339.2,0.98,,,,-0.03,86.8
1988-01-27,339.8,1.01,,,,-0.03,86.8
1988-01-28,342.4,1.04,,,,-0.03,86.8
1988-01-29,344.7,1.04,,,,-0.03,86.8
1988-02-01,346.2,1.04,,,,-0.07,90.8
1988-02-02,347.2,0.97,,,,-0.07,90.8
1988-02-03,343.7,0.97,,,,-0.07,90.8
1988-02-04,344.7,1,,,,-0.07,90.8
1988-02-05,345.8,1.02,,,,-0.07,90.8
1988-02-08,344.5,1.03,,,,-0.07,90.8
1988-02-09,345,1.04,,,,-0.07,90.8
1988-02-10,349.3,1.04,,,,-0.07,90.8
1988-02-11,351,1.04,,,,-0.07,90.8
1988-02-12,353.3,1.06,,,,-0.07,90.8
1988-02-16,354.7,1.05,,,,-0.07,90.8
1988-02-17,355.3,1.08,,,,-0.07,90.8
1988-02-18,355.6,1.05,,,,-0.07,90.8
1988-02-19,357.1,1.05,,,,-0.07,90.8
1988-02-22,360,1.04,,,,-0.07,90.8
1988-02-23,361.1,1.01,,,,-0.07,90.8
1988-02-24,363.1,1.03,,,,-0.07,90.8
1988-02-25,363.6,1.06,,,,-0.07,90.8
1988-02-26,363.4,1.02,,,,-0.07,90.8
1988-02-29,367,1.03,,,,-0.07,91.6
1988-03-01,367.3,1.04,,,,-0.07,91.6
1988-03-02,370.4,1.06,,,,-0.07,91.6
1988-03-03,372,1.04,,,,-0.07,91.6
1988-03-04,373.4,1.08,,,,-0.07,91.6
1988-03-07,374.5,1.08,,,,-0.07,91.6
1988-03-08,376.9,1.08,,,,-0.07,91.6
1988-03-09,380.3,1.1,,,,-0.07,91.6
1988-03-10,376.8,1.1,,,,-0.07,91.6
1988-03-11,375.5,1.09,,,,-0.07,91.6
1988-03-14,376.7,1.09,,,,-0.07,91.6
1988-03-15,376.6,1.11,,,,-0.07,91.6
1988-03-16,378.5,1.12,,,,-0.07,91.6
1988-03-17,380.7,1.13,,,,-0.07,91.6
1988-03-18,381.6,1.18,,,,-0.07,91.6
1988-03-21,378.6,1.15,,,,-0.07,91.6
1988-03-22,379.8,1.13,,,,-0.07,91.6
1988-03-23,380.1,1.08,,,,-0.07,91.6
1988-03-24,375.6,1.05,,,,-0.07,91.6
1988-03-25,372.5,1.06,,,,-0.07,91.6
1988-03-28,370.4,1.16,,,,-0.07,91.6
1988-03-29,373,1.14,,,,-0.07,91.6
1988-03-30,371.8,1.14,,,,-0.07,91.6
1988-03-31,374.6,1.16,,,,-0.07,94.6
1988-04-04,371.9,1.16,,,,-0.07,94.6
1988-04-05,373.4,1.1,,,,-0.07,94.6
1988-04-06,377.7,1.07,,,,-0.07,94.6
1988-04-07,378.9,1.04,,,,-0.07,94.6
1988-04-08,381.8,1.06,,,,-0.07,94.6
1988-04-11,382.5,1.05,,,,-0.07,94.6
1988-04-12,383.4,1.09,,,,-0.07,94.6
1988-04-13,383.4,1.08,,,,-0.07,94.6
1988-04-14,374.5,1.11,,,,-0.07,94.6
1988-04-15,373.9,1.11,,,,-0.07,94.6
1988-04-18,375.1,1.14,,,,-0.07,94.6
1988-04-19,376.9,1.21,,,,-0.07,94.6
1988-04-20,374.2,1.24,,,,-0.07,94.6
1988-04-21,373.2,1.18,,,,-0.07,94.6
1988-04-22,374,1.18,,,,-0.07,94.6
1988-04-25,375.3,1.14,,,,-0.07,94.6
1988-04-26,377.8,1.14,,,,-0.07,94.6
1988-04-27,378.7,1.16,,,,-0.07,94.6
1988-04-28,378.8,1.17,,,,-0.07,94.6
1988-04-29,379.2,1.17,,,,-0.07,94.6
1988-05-02,379.7,1.14,,,,-0.13,91.2
1988-05-03,382.2,1.16,,,,-0.13,91.2
1988-05-04,381.6,1.12,,,,-0.13,91.2
1988-05-05,379.5,1.13,,,,-0.13,91.2
1988-05-06,379.4,1.13,,,,-0.13,91.2
1988-05-09,376.3,1.14,,,,-0.13,91.2
1988-05-10,375.4,1.08,,,,-0.13,91.2
1988-05-11,369.2,1.07,,,,-0.13,91.2
1988-05-12,370.2,1.1,,,,-0.13,91.2
1988-05-13,372.5,1.09,,,,-0.13,91.2
1988-05-16,373.4,1.1,,,,-0.13,91.2
1988-05-17,372.3,1.08,,,,-0.13,91.2
1988-05-18,367,1.13,,,,-0.13,91.2
1988-05-19,366.3,1.15,,,,-0.13,91.2
1988-05-20,366,1.14,,,,-0.13,91.2
1988-05-23,363.3,1.14,,,,-0.13,91.2
1988-05-24,365.2,1.11,,,,-0.13,91.2
1988-05-25,365.7,1.08,,,,-0.13,91.2
1988-05-26,367.3,1.03,,,,-0.13,91.2
1988-05-27,366.7,0.98,,,,-0.13,91.2
1988-05-31,370.3,1.01,,,,-0.13,91.2
1988-06-01,374.8,0.99,,,,-0.03,94.8
1988-06-02,374.7,0.94,,,,-0.03,94.8
1988-06-03,376.9,0.94,,,,-0.03,94.8
1988-06-06,379.3,0.91,,,,-0.03,94.8
1988-06-07,379.3,0.93,,,,-0.03,94.8
1988-06-08,383.4,0.98,,,,-0.03,94.8
1988-06-09,384.6,0.96,,,,-0.03,94.8
1988-06-10,386.3,0.99,,,,-0.03,94.8
1988-06-13,386.8,0.93,,,,-0.03,94.8
1988-06-14,388.5,0.93,,,,-0.03,94.8
1988-06-15,389.1,0.89,,,,-0.03,94.8
1988-06-16,387.1,0.87,,,,-0.03,94.8
1988-06-17,386.9,0.93,,,,-0.03,94.8
1988-06-20,386,0.92,,,,-0.03,94.8
1988-06-21,387.8,0.88,,,,-0.03,94.8
1988-06-22,390.5,0.88,,,,-0.03,94.8
1988-06-23,391,0.86,,,,-0.03,94.8
1988-06-24,391.6,0.83,,,,-0.03,94.8
1988-06-27,389,0.82,,,,-0.03,94.8
1988-06-28,391.7,0.84,,,,-0.03,94.8
1988-06-29,391.7,0.82,,,,-0.03,94.8
1988-06-30,394.7,0.85,,,,-0.03,94.8
1988-07-01,394.7,0.8,,,,-0.1,94.7
1988-07-05,396.1,0.79,,,,-0.1,94.7
1988-07-06,395.5,0.78,,,,-0.1,94.7
1988-07-07,395.4,0.84,,,,-0.1,94.7
1988-07-08,394.3,0.82,,,,-0.1,94.7
1988-07-11,394.2,0.79,,,,-0.1,94.7
1988-07-12,393.5,0.77,,,,-0.1,94.7
1988-07-13,393.6,0.81,,,,-0.1,94.7
1988-07-14,394.7,0.85,,,,-0.1,94.7
1988-07-15,395,0.79,,,,-0.1,94.7
1988-07-18,394.8,0.77,,,,-0.1,94.7
1988-07-19,391.3,0.8,,,,-0.1,94.7
1988-07-20,391.6,0.78,,,,-0.1,94.7
1988-07-21,388.9,0.8,,,,-0.1,94.7
1988-07-22,387.4,0.77,,,,-0.1,94.7
1988-07-25,387.1,0.76,,,,-0.1,94.7
1988-07-26,385.8,0.73,,,,-0.1,94.7
1988-07-27,383.3,0.74,,,,-0.1,94.7
1988-07-28,384.1,0.7,,,,-0.1,94.7
1988-07-29,387.3,0.72,,-6.224267838815859,,-0.1,94.7
1988-08-01,388,0.73,,-6.235241411755609,,0,93.4
1988-08-02,387.8,0.71,,-6.236310834867686,,0,93.4
1988-08-03,388.5,0.68,,-6.231174913268465,,0,93.4
1988-08-04,388.9,0.7,,-6.21641233887555,,0,93.4
1988-08-05,387.7,0.68,,-6.204715931425572,,0,93.4
1988-08-08,387.7,0.65,,-6.217561639135665,,0,93.4
1988-08-09,384.2,0.64,,-6.207325408064109,,0,93.4
1988-08-10,378.5,0.61,,-6.197459663759132,,0,93.4
1988-08-11,379.1,0.66,,-6.168336499134372,,0,93.4
1988-08-12,379,0.67,,-6.193748308753147,,0,93.4
1988-08-15,374.1,0.68,,-6.195376736494304,,0,93.4
1988-08-16,375.7,0.67,,-6.188293749774874,,0,93.4
1988-08-17,376.2,0.63,,-6.186430921230892,,0,93.4
1988-08-18,377.2,0.64,,-6.159814941585492,,0,93.4
1988-08-19,377.4,0.61,,-6.15342391677821,,0,93.4
1988-08-22,373.7,0.61,,-6.139541650734883,,0,93.4
1988-08-23,373.5,0.61,,-6.138997666313952,,0,93.4
1988-08-24,376,0.61,,-6.139632558776752,,0,93.4
1988-08-25,374,0.61,,-6.1253190519521885,,0,93.4
1988-08-26,374.4,0.63,,-6.1147566127416075,,0,93.4
1988-08-29,376.2,0.6,,-6.1101597835117705,,0,93.4
1988-08-30,376.5,0.55,,-6.111992951681558,,0,93.4
1988-08-31,376.6,0.54,,-6.104711398982345,,0,93.4
1988-09-01,373,0.54,,-6.126723309183444,,0,97.4
1988-09-02,376.5,0.57,,-6.128988483570603,,0,97.4
1988-09-06,377.3,0.55,,-6.12302653057499,,0,97.4
1988-09-07,378,0.52,,-6.121428423225226,,0,97.4
1988-09-08,379.7,0.54,,-6.1155128712572795,,0,97.4
1988-09-09,381.6,0.54,,-6.085095856956806,,0,97.4
1988-09-12,382.1,0.51,,-6.081880182704413,,0,97.4
1988-09-13,382.4,0.53,,-6.068631120807732,,0,97.4
1988-09-14,383.9,0.54,,-6.069173531435299,,0,97.4
1988-09-15,382.7,0.52,,-6.053590295050684,,0,97.4
1988-09-16,383.9,0.52,,-6.047020734353958,,0,97.4
1988-09-19,383.4,0.53,,-6.043848063831374,,0,97.4
1988-09-20,384.1,0.53,,-6.035960516389402,,0,97.4
1988-09-21,384.9,0.52,,-6.036524055074718,,0,97.4
1988-09-22,384.9,0.53,,-6.0139598720930705,,0,97.4
1988-09-23,385,0.51,,-5.985720992799638,,0,97.4
1988-09-26,382.8,0.5,,-5.988720376744272,,0,97.4
1988-09-27,382.2,0.48,,-5.976422961583078,,0,97.4
1988-09-28,383.3,0.49,,-5.990968884148639,,0,97.4
1988-09-29,386.1,0.47,,-5.974674029194991,,0,97.4
1988-09-30,387.7,0.45,,-5.973097190351044,,0,97.4
1988-10-03,384.5,0.44,,-5.967876229852845,,0.03,97.3
1988-10-04,384.2,0.43,,-5.965724677719907,,0.03,97.3
1988-10-05,384.5,0.44,,-5.9711927575480255,,0.03,97.3
1988-10-06,385.2,0.44,,-5.959623941252323,,0.03,97.3
1988-10-07,385.7,0.44,,-5.953642382716071,,0.03,97.3
1988-10-10,385.5,0.44,,-5.942985968739682,,0.03,97.3
1988-10-11,385.3,0.44,,-5.919667904997417,,0.03,97.3
1988-10-12,382.6,0.46,,-5.930754305187895,,0.03,97.3
1988-10-13,383.5,0.49,,-5.926377930588096,,0.03,97.3
1988-10-14,384.6,0.48,,-5.892524599253078,,0.03,97.3
1988-10-17,385,0.48,,-5.913478938539197,,0.03,97.3
1988-10-18,386.3,0.46,,-5.888757512683835,,0.03,97.3
1988-10-19,385.8,0.45,,-5.859079217280434,,0.03,97.3
1988-10-20,388.6,0.44,,-5.842762344499393,,0.03,97.3
1988-10-21,388.6,0.41,,-5.840826364588684,,0.03,97.3
1988-10-24,387.2,0.43,,-5.861363689580249,,0.03,97.3
1988-10-25,386.1,0.41,,-5.851723844949049,,0.03,97.3
1988-10-26,385.2,0.41,,-5.881686655756599,,0.03,97.3
1988-10-27,381.8,0.45,,-5.865828173918639,,0.03,97.3
1988-10-28,382.8,0.45,,-5.849054871810382,,0.03,97.3
1988-10-31,382.5,0.4,,-5.835835111229492,,0,94.1
1988-11-01,382.4,0.43,,-5.824559117120279,,0,94.1
1988-11-02,381.8,0.44,,-5.829464375432683,,0,94.1
1988-11-03,382.8,0.42,,-5.855104964995207,,0,94.1
1988-11-04,381,0.46,,-5.856281626444987,,0,94.1
1988-11-07,376.5,0.41,,-5.869895161273848,,0,94.1
1988-11-08,378.8,0.38,,-5.8434375851312526,,0,94.1
1988-11-09,377.7,0.34,,-5.835465531096755,,0,94.1
1988-11-10,378.4,0.3,,-5.884440730603338,,0,94.1
1988-11-11,373.8,0.3,,-5.889750473110442,,0,94.1
1988-11-14,372.4,0.29,,-5.879447028759148,,0,94.1
1988-11-15,372.1,0.23,,-5.931282305303186,,0,94.1
1988-11-16,367.8,0.25,,-5.924667066184466,,0,94.1
1988-11-17,367.4,0.31,,-5.8794767882594465,,0,94.1
1988-11-18,367.6,0.28,,-5.852982501683349,,0,94.1
1988-11-21,365.1,0.23,,-5.847068024614355,,0,94.1
1988-11-22,365.4,0.21,,-5.798279782347485,,0,94.1
1988-11-23,367.8,0.21,,-5.742241754374321,,0,94.1
1988-11-25,366.4,0.19,,-5.742241754374321,,0,94.1
1988-11-28,366.1,0.16,,-5.740228868285714,,0,94.1
1988-11-29,368.2,0.17,,-5.744033922533422,,0,94.1
1988-11-30,371.5,0.22,,-5.749870287880656,,-0.07,93
1988-12-01,373.9,0.15,,-5.737354217658143,,-0.07,93
1988-12-02,373.9,0.06,,-5.775814077948502,,-0.07,93
1988-12-05,375.6,0.04,,-5.761252531058206,,-0.07,93
1988-12-06,377,0.07,,-5.752451286965767,,-0.07,93
1988-12-07,376.4,0.07,,-5.712706911530472,,-0.07,93
1988-12-08,375.2,0.02,,-5.691438076606045,,-0.07,93
1988-12-09,375.2,0.04,,-5.699814678576576,,-0.07,93
1988-12-12,374.2,0.03,,-5.720405987356928,,-0.07,93
1988-12-13,373,-0.01,,-5.7629123994226825,,-0.07,93
1988-12-14,372.8,-0.01,,-5.739289163113111,,-0.07,93
1988-12-15,373,-0.01,,-5.728694146283859,,-0.07,93
1988-12-16,375.8,-0.01,,-5.7478424644502315,,-0.07,93
1988-12-19,376.4,-0.03,,-5.710864912279913,,-0.07,93
1988-12-20,376.1,-0.03,,-5.699599618243793,,-0.07,93
1988-12-21,375.6,-0.02,,-5.705574911056516,,-0.07,93
1988-12-22,376.5,0.03,,-5.704376052165171,,-0.07,93
1988-12-23,377.3,0.01,,-5.6825437766481715,,-0.07,93
1988-12-27,376.6,-0.02,,-5.688925462786741,,-0.07,93
1988-12-28,376.8,-0.02,,-5.687473560115465,,-0.07,93
1988-12-29,379.1,0,,-5.670599817132998,,-0.07,93
1988-12-30,381.4,0,,-5.687066313665738,,-0.07,93
1989-01-03,378.6,0.02,,-5.681180615675638,,-0.03,91.9
1989-01-04,382.8,-0.03,,-5.634351742839697,,-0.03,91.9
1989-01-05,383.8,-0.05,,-5.643114822654084,,-0.03,91.9
1989-01-06,384.7,-0.07,,-5.6732558839970455,,-0.03,91.9
1989-01-09,385.3,-0.06,,-5.6784124182212965,,-0.03,91.9
1989-01-10,384.6,-0.01,,-5.673548884337108,,-0.03,91.9
1989-01-11,385.3,-0.05,,-5.674717377682645,,-0.03,91.9
1989-01-12,387,-0.06,,-5.652390614401931,,-0.03,91.9
1989-01-13,387.1,-0.08,,-5.6142340460907025,,-0.03,91.9
1989-01-16,387.4,-0.08,,-5.5773584767047355,,-0.03,91.9
1989-01-17,386.1,-0.1,,-5.574188278071473,,-0.03,91.9
1989-01-18,388.9,-0.14,,-5.585255852399686,,-0.03,91.9
1989-01-19,391.1,-0.09,,-5.588887825575687,,-0.03,91.9
1989-01-20,391.7,-0.1,,-5.596396159884722,,-0.03,91.9
1989-01-23,390,-0.13,,-5.582009043216606,,-0.03,91.9
1989-01-24,392,-0.14,,-5.589698124020243,,-0.03,91.9
1989-01-25,394,-0.11,,-5.609568994790578,,-0.03,91.9
1989-01-26,397.1,-0.15,,-5.611452922990014,,-0.03,91.9
1989-01-27,398,-0.12,,-5.572873806427032,,-0.03,91.9
1989-01-30,399.2,-0.1,,-5.614084519561331,,-0.03,91.9
1989-01-31,401.3,-0.11,,-5.601445727599302,,0.03,97.9
1989-02-01,403.2,-0.13,,-5.652980237373349,,0.03,97.9
1989-02-02,405.2,-0.14,,-5.661980914600933,,0.03,97.9
1989-02-03,406.4,-0.22,,-5.681326441218328,,0.03,97.9
1989-02-06,406,-0.24,,-5.699257580057911,,0.03,97.9
1989-02-07,409.2,-0.23,,-5.687481173244889,,0.03,97.9
1989-02-08,408,-0.26,,-5.678057583417766,,0.03,97.9
1989-02-09,406.4,-0.15,,-5.677130757729175,,0.03,97.9
1989-02-10,402.4,-0.18,,-5.683814668553588,,0.03,97.9
1989-02-13,401.3,-0.19,,-5.714618493997481,,0.03,97.9
1989-02-14,402,-0.2,,-5.730881579499425,,0.03,97.9
1989-02-15,404.2,-0.19,,-5.716615627639188,,0.03,97.9
1989-02-16,405.7,-0.16,,-5.6994004596535195,,0.03,97.9
1989-02-17,407.2,-0.17,,-5.69988687175537,,0.03,97.9
1989-02-21,406.4,-0.19,,-5.649796353098066,,0.03,97.9
1989-02-22,402.5,-0.19,,-5.625199650056759,,0.03,97.9
1989-02-23,403.1,-0.24,,-5.634180651562083,,0.03,97.9
1989-02-24,400,-0.28,,-5.648536229159739,,0.03,97.9
1989-02-27,398.9,-0.26,,-5.674457825367424,,0.03,97.9
1989-02-28,399.7,-0.23,,-5.665586876918165,,-0.07,95.4
1989-03-01,399.8,-0.19,,-5.612967953881212,,-0.07,95.4
1989-03-02,402.5,-0.21,,-5.597969397167473,,-0.07,95.4
1989-03-03,404,-0.19,,-5.579428047739575,,-0.07,95.4
1989-03-06,406.3,-0.2,,-5.594141759535812,,-0.07,95.4
1989-03-07,406.2,-0.22,,-5.5953939476007335,,-0.07,95.4
1989-03-08,406.4,-0.25,,-5.620825842198062,,-0.07,95.4
1989-03-09,405.7,-0.24,,-5.641101958430476,,-0.07,95.4
1989-03-10,405.9,-0.32,,-5.618727613169672,,-0.07,95.4
1989-03-13,406.6,-0.29,,-5.65455994037122,,-0.07,95.4
1989-03-14,406,-0.32,,-5.644532972270421,,-0.07,95.4
1989-03-15,407,-0.31,,-5.657389435086491,,-0.07,95.4
1989-03-16,409.5,-0.31,,-5.664935339698163,,-0.07,95.4
1989-03-17,402.2,-0.35,,-5.650301701128915,,-0.07,95.4
1989-03-20,398.5,-0.37,,-5.682249500045498,,-0.07,95.4
1989-03-21,401.8,-0.39,,-5.667053780548199,,-0.07,95.4
1989-03-22,400.6,-0.36,,-5.663598496837168,,-0.07,95.4
1989-03-23,400.9,-0.38,,-5.665138753240563,,-0.07,95.4
1989-03-27,400.6,-0.41,,-5.63591383038153,,-0.07,95.4
1989-03-28,402.6,-0.45,,-5.617162308468979,,-0.07,95.4
1989-03-29,403.7,-0.44,,-5.624361763611833,,-0.07,95.4
1989-03-30,404.6,-0.45,,-5.660705127893456,,-0.07,95.4
1989-03-31,406.7,-0.43,,-5.669009507901156,,-0.1,94.3
1989-04-03,407.7,-0.43,,-5.715096557804419,,-0.1,94.3
1989-04-04,407.2,-0.35,,-5.704550229012532,,-0.1,94.3
1989-04-05,408.3,-0.3,,-5.691760332161777,,-0.1,94.3
1989-04-06,408.2,-0.28,,-5.685933964123,,-0.1,94.3
1989-04-07,410.7,-0.34,,-5.662383327133158,,-0.1,94.3
1989-04-10,411.1,-0.3,,-5.613797046450614,,-0.1,94.3
1989-04-11,413.5,-0.3,,-5.615233424375382,,-0.1,94.3
1989-04-12,415.7,-0.3,,-5.605485870435529,,-0.1,94.3
1989-04-13,413.9,-0.3,,-5.6191839504468035,,-0.1,94.3
1989-04-14,417.7,-0.32,,-5.58343730590465,,-0.1,94.3
1989-04-17,417.8,-0.25,,-5.602802212503145,,-0.1,94.3
1989-04-18,420.7,-0.28,,-5.602482852025165,,-0.1,94.3
1989-04-19,421.9,-0.22,,-5.6158028246670595,,-0.1,94.3
1989-04-20,421.5,-0.22,,-5.6221799968805595,,-0.1,94.3
1989-04-21,423.8,-0.26,,-5.61899536240062,,-0.1,94.3
1989-04-24,423.2,-0.29,,-5.613483668313948,,-0.1,94.3
1989-04-25,422.7,-0.31,,-5.617349968883894,,-0.1,94.3
1989-04-26,423.4,-0.29,,-5.6108637991217405,,-0.1,94.3
1989-04-27,426.2,-0.23,,-5.629674502502479,,-0.1,94.3
1989-04-28,427.6,-0.18,,-5.625945776721563,,-0.1,94.3
1989-05-01,427.5,-0.2,,-5.635998634251947,,-0.03,91.5
1989-05-02,428,-0.22,,-5.67117088906744,,-0.03,91.5
1989-05-03,428.8,-0.19,,-5.675020289896579,,-0.03,91.5
1989-05-04,429.2,-0.15,,-5.665281401106045,,-0.03,91.5
1989-05-05,430.7,-0.15,,-5.681362348905133,,-0.03,91.5
1989-05-08,429.3,-0.05,,-5.708019769131716,,-0.03,91.5
1989-05-09,429,-0.05,,-5.709055357951431,,-0.03,91.5
1989-05-10,429.6,-0.08,,-5.702464082902943,,-0.03,91.5
1989-05-11,430.6,-0.11,,-5.698822276521328,,-0.03,91.5
1989-05-12,434.8,-0.04,,-5.700620416685553,,-0.03,91.5
1989-05-15,436.2,-0.01,,-5.73411847126534,,-0.03,91.5
1989-05-16,435.7,-0.09,,-5.754488348223772,,-0.03,91.5
1989-05-17,438.5,-0.13,,-5.727599567977678,,-0.03,91.5
1989-05-18,439.8,-0.16,,-5.7270043896145735,,-0.03,91.5
1989-05-19,442.1,-0.22,,-5.700514497891585,,-0.03,91.5
1989-05-22,441.8,-0.23,,-5.74790934687467,,-0.03,91.5
1989-05-23,440.2,-0.26,,-5.775760071290269,,-0.03,91.5
1989-05-24,441.5,-0.23,,-5.782181346343135,,-0.03,91.5
1989-05-25,442.9,-0.19,,-5.782804461612352,,-0.03,91.5
1989-05-26,445.2,-0.25,,-5.764338774127786,,-0.03,91.5
1989-05-30,444.2,-0.23,,-5.753127296271248,,-0.03,91.5
1989-05-31,446.2,-0.23,,-5.744007785017765,,-0.03,91.5
1989-06-01,448.3,-0.22,,-5.776467346303964,,0.03,90.7
1989-06-02,451.6,-0.21,,-5.785406157144801,,0.03,90.7
1989-06-05,447.8,-0.09,,-5.820807302679022,,0.03,90.7
1989-06-06,448,-0.08,,-5.852792424112326,,0.03,90.7
1989-06-07,453.2,-0.09,,-5.825380551445711,,0.03,90.7
1989-06-08,454,-0.11,,-5.796266712030269,,0.03,90.7
1989-06-09,453.7,-0.06,,-5.762371876121632,,0.03,90.7
1989-06-12,453.4,-0.13,,-5.794129594451673,,0.03,90.7
1989-06-13,450.7,-0.13,,-5.790149665404184,,0.03,90.7
1989-06-14,450.6,-0.16,,-5.779650236089416,,0.03,90.7
1989-06-15,447.1,-0.16,,-5.788760459223321,,0.03,90.7
1989-06-16,447.2,-0.15,,-5.753250742872774,,0.03,90.7
1989-06-19,446.1,-0.18,,-5.736140658322819,,0.03,90.7
1989-06-20,444.6,-0.18,,-5.74057108284087,,0.03,90.7
1989-06-21,443.9,-0.19,,-5.825783202505694,,0.03,90.7
1989-06-22,445.3,-0.16,,-5.828117526579728,,0.03,90.7
1989-06-23,448.4,-0.17,,-5.838736715463257,,0.03,90.7
1989-06-26,447.3,-0.14,,-5.8390146443787225,,0.03,90.7
1989-06-27,448.6,-0.17,,-5.847065617085092,,0.03,90.7
1989-06-28,444.9,-0.16,,-5.832353315958753,,0.03,90.7
1989-06-29,437.9,-0.1,,-5.832777501929684,,0.03,90.7
1989-06-30,435.3,-0.04,,-5.859325589147984,,0.03,90.7
1989-07-03,436,0.02,,-5.906729878632424,,0.13,90.6
1989-07-05,436.9,0.07,,-5.9228150232638885,,0.13,90.6
1989-07-06,439.6,0.12,,-5.94274790964716,,0.13,90.6
1989-07-07,442.4,0.14,,-5.8986795317780745,,0.13,90.6
1989-07-10,442.7,0.19,,-5.905747333622392,,0.13,90.6
1989-07-11,444.5,0.18,,-5.898124858070991,,0.13,90.6
1989-07-12,446.8,0.19,,-5.856882182237484,,0.13,90.6
1989-07-13,447.9,0.26,,-5.865291734540805,,0.13,90.6
1989-07-14,448.9,0.26,,-5.839696376189297,,0.13,90.6
1989-07-17,449.9,0.21,,-5.834171500257327,,0.13,90.6
1989-07-18,447.9,0.2,,-5.8077172192651565,,0.13,90.6
1989-07-19,451.2,0.18,,-5.792937792141019,,0.13,90.6
1989-07-20,449.2,0.19,,-5.806102658901147,,0.13,90.6
1989-07-21,449.3,0.2,,-5.815418223815425,,0.13,90.6
1989-07-24,446,0.16,,-5.775568376864795,,0.13,90.6
1989-07-25,446.5,0.12,,-5.7739502828747264,,0.13,90.6
1989-07-26,449.1,0.17,,-5.787164083595252,,0.13,90.6
1989-07-27,452.5,0.27,,-5.777622888279899,,0.13,90.6
1989-07-28,452.8,0.27,,-5.808432889094769,,0.13,90.6
1989-07-31,453.8,0.31,,-5.79698239253259,,0.13,90.6
1989-08-01,453.3,0.29,,-5.794641120025001,,0.1,92
1989-08-02,454.1,0.28,,-5.783362081530882,,0.1,92
1989-08-03,456.9,0.23,,-5.798450490476962,,0.1,92
1989-08-04,457.4,0.2,,-5.778710421436654,,0.1,92
1989-08-07,461.7,0.08,,-5.792938624585965,,0.1,92
1989-08-08,463.3,0.02,,-5.7974345010491275,,0.1,92
1989-08-09,462.4,0.04,,-5.792960119576664,,0.1,92
1989-08-10,463.6,0.06,,-5.780257263107691,,0.1,92
1989-08-11,462.5,0.03,,-5.732461211926063,,0.1,92
1989-08-14,460,-0.03,,-5.7126642447909814,,0.1,92
1989-08-15,460.9,-0.07,,-5.71282990199118,,0.1,92
1989-08-16,460.8,-0.08,,-5.702582234464105,,0.1,92
1989-08-17,460.8,-0.05,,-5.657741873053047,,0.1,92
1989-08-18,462,-0.08,,-5.681826824833096,,0.1,92
1989-08-21,458.3,-0.11,,-5.671337256618012,,0.1,92
1989-08-22,458.4,-0.12,,-5.672113051846991,,0.1,92
1989-08-23,461.7,-0.14,,-5.645929670787567,,0.1,92
1989-08-24,465.9,-0.12,,-5.624321114063235,,0.1,92
1989-08-25,466.8,-0.12,,-5.571291301083041,,0.1,92
1989-08-28,467.2,-0.13,,-5.573689363200945,,0.1,92
1989-08-29,466.6,-0.14,,-5.63473544812334,,0.1,92
1989-08-30,468.3,-0.17,,-5.649257194402823,,0.1,92
1989-08-31,469.3,-0.16,,-5.621090758811087,,0.1,92
1989-09-01,471.3,-0.16,,-5.642081901844293,,0.1,89.6
1989-09-05,471.4,-0.18,,-5.654874932706248,,0.1,89.6
1989-09-06,469.3,-0.18,,-5.684508342043334,,0.1,89.6
1989-09-07,469.7,-0.18,,-5.653432247767867,,0.1,89.6
1989-09-08,471.3,-0.18,,-5.66719958946347,,0.1,89.6
1989-09-11,470.4,-0.13,,-5.637591110123896,,0.1,89.6
1989-09-12,471.9,-0.07,,-5.63929535286587,,0.1,89.6
1989-09-13,471.8,-0.05,,-5.629870216369431,,0.1,89.6
1989-09-14,468.8,-0.02,,-5.619853819751648,,0.1,89.6
1989-09-15,467.6,0.04,,-5.6431737986241,,0.1,89.6
1989-09-18,466.9,0.03,,-5.633971384113646,,0.1,89.6
1989-09-19,467.1,-0.03,,-5.648925085901148,,0.1,89.6
1989-09-20,466.7,-0.05,,-5.653719334057803,,0.1,89.6
1989-09-21,467,-0.12,,-5.655802792768066,,0.1,89.6
1989-09-22,468.1,-0.12,,-5.6654129048889175,,0.1,89.6
1989-09-25,466.7,-0.12,,-5.696335631731739,,0.1,89.6
1989-09-26,467.8,-0.11,,-5.722995621481947,,0.1,89.6
1989-09-27,467.8,-0.06,,-5.7070108874683205,,0.1,89.6
1989-09-28,471.1,-0.09,,-5.71280914423298,,0.1,89.6
1989-09-29,472.9,-0.11,,-5.6917582816894,,0.1,89.6
1989-10-02,475.2,-0.15,,-5.665295911395527,,0.1,95.8
1989-10-03,477.3,-0.2,,-5.668078563285106,,0.1,95.8
1989-10-04,479.3,-0.16,,-5.652879566015105,,0.1,95.8
1989-10-05,480.7,-0.15,,-5.637784024897669,,0.1,95.8
1989-10-06,483.6,-0.16,,-5.617450307092941,,0.1,95.8
1989-10-09,485.7,-0.07,,-5.6108009306800675,,0.1,95.8
1989-10-10,484.1,-0.07,,-5.631945895685806,,0.1,95.8
1989-10-11,482.2,-0.03,,-5.636703479351534,,0.1,95.8
1989-10-12,482.2,-0.01,,-5.622400686563294,,0.1,95.8
1989-10-13,467.3,0.03,,-5.624012061061951,,0.1,95.8
1989-10-16,461,0.18,,-5.654376736444554,,0.1,95.8
1989-10-17,459.9,0.13,,-5.648241747877038,,0.1,95.8
1989-10-18,463.3,0.17,,-5.665326327029331,,0.1,95.8
1989-10-19,470.8,0.18,,-5.647388879209174,,0.1,95.8
1989-10-20,470.7,0.09,,-5.680446526723377,,0.1,95.8
1989-10-23,467.2,0.06,,-5.712736543434362,,0.1,95.8
1989-10-24,461.7,0.04,,-5.757983609552388,,0.1,95.8
1989-10-25,462.9,0.09,,-5.747428759938218,,0.1,95.8
1989-10-26,458.2,0.1,,-5.765023295874268,,0.1,95.8
1989-10-27,452.8,0.1,,-5.766853028664268,,0.1,95.8
1989-10-30,451.4,0.07,,-5.786981418511175,,0.1,95.8
1989-10-31,455.6,0.07,,-5.766204592887394,,0.13,93.9
1989-11-01,456.6,0.04,,-5.7455003333304715,,0.13,93.9
1989-11-02,453.1,0.06,,-5.789488879517536,,0.13,93.9
1989-11-03,453,-0.05,,-5.791366671366491,,0.13,93.9
1989-11-06,448,-0.04,,-5.82260826327464,,0.13,93.9
1989-11-07,449.4,0.03,,-5.827942001936471,,0.13,93.9
1989-11-08,454.1,0.09,,-5.8069277725725055,,0.13,93.9
1989-11-09,454.1,0.1,,-5.792993043042912,,0.13,93.9
1989-11-10,456.2,0.09,,-5.7970360984657665,,0.13,93.9
1989-11-13,455.9,0.07,,-5.789059125470948,,0.13,93.9
1989-11-14,454,0.12,,-5.828489909862884,,0.13,93.9
1989-11-15,455.8,0.13,,-5.829200232506554,,0.13,93.9
1989-11-16,455.3,0.11,,-5.835024663686589,,0.13,93.9
1989-11-17,456.7,0.11,,-5.86490535741216,,0.13,93.9
1989-11-20,455.7,0.09,,-5.8989586508007115,,0.13,93.9
1989-11-21,454.1,0.08,,-5.890863112413409,,0.13,93.9
1989-11-22,455.1,0.15,,-5.92565132853841,,0.13,93.9
1989-11-24,456.6,0.16,,-5.937836751076574,,0.13,93.9
1989-11-27,456.2,0.06,,-5.917253085639439,,0.13,93.9
1989-11-28,456.7,0.08,,-5.9059859847462475,,0.13,93.9
1989-11-29,455.8,0.08,,-5.953447928019505,,0.13,93.9
1989-11-30,456.1,0.09,,-5.9536266412734555,,0.2,90.9
1989-12-01,457.1,0.11,,-5.989796490007285,,0.2,90.9
1989-12-04,458.3,0.1,,-5.965249453659128,,0.2,90.9
1989-12-05,458.6,0.1,,-5.983911825129052,,0.2,90.9
1989-12-06,456.7,0.05,,-5.9786236680639835,,0.2,90.9
1989-12-07,456.3,0.03,,-5.988096730597866,,0.2,90.9
1989-12-08,456.2,0.04,,-5.994829126105127,,0.2,90.9
1989-12-11,452.4,0.05,,-6.008199338797284,,0.2,90.9
1989-12-12,450.4,0.04,,-6.029059335867752,,0.2,90.9
1989-12-13,451.1,0,,-5.970612982772874,,0.2,90.9
1989-12-14,447.5,0.04,,-5.986149241044637,,0.2,90.9
1989-12-15,443.8,0.05,,-5.982658111520123,,0.2,90.9
1989-12-18,436,0.02,,-5.993629831245198,,0.2,90.9
1989-12-19,434.4,0.06,,-5.9878661265284485,,0.2,90.9
1989-12-20,436.9,0.13,,-5.98835561240251,,0.2,90.9
1989-12-21,441.1,0.09,,-5.978314327721104,,0.2,90.9
1989-12-22,444.6,0.08,,-5.969391739267019,,0.2,90.9
1989-12-26,445.3,0.05,,-5.947341496466519,,0.2,90.9
1989-12-27,448.8,0.04,,-5.945012073940441,,0.2,90.9
1989-12-28,450,0.04,,-5.935746576730391,,0.2,90.9
1989-12-29,454.8,0.06,,-5.942345381455076,,0.2,90.9
1990-01-02,459.3,0.07,,-5.9365468910834815,,0.13,90.5
1990-01-03,460.9,0.05,,-5.890300513580027,,0.13,90.5
1990-01-04,459.4,0.06,,-5.911421839434445,,0.13,90.5
1990-01-05,458.2,0.09,,-5.921737551031593,,0.13,90.5
1990-01-08,458.7,0.12,,-5.896378859391254,,0.13,90.5
1990-01-09,456.8,0.11,,-5.909718938415561,,0.13,90.5
1990-01-10,450.7,0.12,,-5.948462410304413,,0.13,90.5
1990-01-11,448.9,0.13,,-5.9417123819023585,,0.13,90.5
1990-01-12,439.7,0.17,,-5.970230300633066,,0.13,90.5
1990-01-15,436.6,0.17,,-5.989298741905712,,0.13,90.5
1990-01-16,440.2,0.1,,-5.977491783039585,,0.13,90.5
1990-01-17,438.7,0.1,,-5.9859203603140845,,0.13,90.5
1990-01-18,437.5,0.07,,-5.995851588021748,,0.13,90.5
1990-01-19,440.9,0.06,,-6.025374490826328,,0.13,90.5
1990-01-22,431.9,0.09,,-6.023845956611022,,0.13,90.5
1990-01-23,430.4,0.08,,-6.050971833501888,,0.13,90.5
1990-01-24,425.7,0.18,,-6.069354916272749,,0.13,90.5
1990-01-25,425.2,0.18,,-6.054674781140284,,0.13,90.5
1990-01-26,421.3,0.21,,-6.057606383164094,,0.13,90.5
1990-01-29,418.1,0.2,,-6.071387987085033,,0.13,90.5
1990-01-30,410.7,0.21,,-6.093972068460421,,0.13,90.5
1990-01-31,415.8,0.15,,-6.049101773501967,,0.13,93
1990-02-01,417.8,0.14,,-6.071349774466232,,0.13,93
1990-02-02,422.2,0.13,,-6.047817483659114,,0.13,93
1990-02-05,424.7,0.16,,-6.07103952792547,,0.13,93
1990-02-06,424,0.15,,-6.063410044548899,,0.13,93
1990-02-07,426.8,0.1,,-6.047108682684371,,0.13,93
1990-02-08,427.3,0.12,,-6.051056644310227,,0.13,93
1990-02-09,428.8,0.06,,-6.0292597432700425,,0.13,93
1990-02-12,426.4,0.08,,-6.049790114060835,,0.13,93
1990-02-13,425.8,0.14,,-6.0038633707048366,,0.13,93
1990-02-14,426.6,0.09,,-5.986485283708375,,0.13,93
1990-02-15,429.6,0.08,,-5.963040084911934,,0.13,93
1990-02-16,429,0.06,,-5.934649453708215,,0.13,93
1990-02-20,423.8,0.1,,-5.926571981003002,,0.13,93
1990-02-21,421.5,0.12,,-5.9112758859933345,,0.13,93
1990-02-22,422.8,0.09,,-5.899849622024763,,0.13,93
1990-02-23,419.5,0.1,,-5.904931524588129,,0.13,93
1990-02-26,421,0.08,,-5.890826188072031,,0.13,93
1990-02-27,422.6,0.07,,-5.953273748375592,,0.13,93
1990-02-28,425.8,0.08,,-5.934197446476088,,0.13,89.5
1990-03-01,427.2,0.06,,-5.925704278720088,,0.13,89.5
1990-03-02,431,0.06,,-5.876974237508574,,0.13,89.5
1990-03-05,430.2,0.1,,-5.852537016788211,,0.13,89.5
1990-03-06,432.3,0.05,,-5.863798636060581,,0.13,89.5
1990-03-07,432.5,0.04,,-5.86048425563992,,0.13,89.5
1990-03-08,436.5,-0.02,,-5.848645737097541,,0.13,89.5
1990-03-09,436.8,-0.08,,-5.851356224403762,,0.13,89.5
1990-03-12,436.6,-0.08,,-5.854883707554908,,0.13,89.5
1990-03-13,434.6,-0.04,,-5.8736537825844595,,0.13,89.5
1990-03-14,436.2,-0.04,,-5.829797043800425,,0.13,89.5
1990-03-15,438.1,-0.05,,-5.811899538858156,,0.13,89.5
1990-03-16,442.2,-0.05,,-5.813475969345528,,0.13,89.5
1990-03-19,442.9,-0.09,,-5.821410011081992,,0.13,89.5
1990-03-20,440.1,-0.14,,-5.815008109766425,,0.13,89.5
1990-03-21,439.3,-0.14,,-5.78026464957534,,0.13,89.5
1990-03-22,434.5,-0.09,,-5.811764445453576,,0.13,89.5
1990-03-23,437.3,-0.09,,-5.7999404713828655,,0.13,89.5
1990-03-26,438.8,-0.1,,-5.766029794093177,,0.13,89.5
1990-03-27,439.5,-0.07,,-5.7955092694016805,,0.13,89.5
1990-03-28,436.7,-0.06,,-5.758346523018289,,0.13,89.5
1990-03-29,435.4,-0.02,,-5.76492252183466,,0.13,89.5
1990-03-30,435.5,0.01,,-5.724801841880277,,0.13,89.5
1990-04-02,433.2,0.01,,-5.735798231324619,,0.1,91.3
1990-04-03,437.7,0.03,,-5.718491545257512,,0.1,91.3
1990-04-04,435.4,0.02,,-5.761326135097261,,0.1,91.3
1990-04-05,433.4,0.01,,-5.765214830986208,,0.1,91.3
1990-04-06,430.9,0.03,,-5.762316215353016,,0.1,91.3
1990-04-09,430.2,0.04,,-5.786786977366816,,0.1,91.3
1990-04-10,431.9,0.05,,-5.761437281898106,,0.1,91.3
1990-04-11,433.5,0.06,,-5.7695902999624975,,0.1,91.3
1990-04-12,436.3,0.07,,-5.783660592240981,,0.1,91.3
1990-04-16,436.7,0.07,,-5.784551231006891,,0.1,91.3
1990-04-17,435.4,0.07,,-5.786435502832549,,0.1,91.3
1990-04-18,431.5,0.07,,-5.7892388088080375,,0.1,91.3
1990-04-19,429,0.07,,-5.788432575460151,,0.1,91.3
1990-04-20,425.8,0.06,,-5.82168067882893,,0.1,91.3
1990-04-23,420.1,0.13,,-5.831461210362831,,0.1,91.3
1990-04-24,419.2,0.11,,-5.793435861108669,,0.1,91.3
1990-04-25,420.6,0.08,,-5.740864149560733,,0.1,91.3
1990-04-26,421.1,0.06,,-5.740060829126584,,0.1,91.3
1990-04-27,418,0.04,,-5.814504933455413,,0.1,91.3
1990-04-30,420.1,0.08,,-5.832019804967782,,0.1,91.3
1990-05-01,421.9,0.08,,-5.795904824439344,,0.13,93.9
1990-05-02,423.6,0.06,,-5.80422677929502,,0.13,93.9
1990-05-03,425.4,0.04,,-5.813702472532319,,0.13,93.9
1990-05-04,428.6,0.06,,-5.815236745168854,,0.13,93.9
1990-05-07,431.2,0.14,,-5.832132508538726,,0.13,93.9
1990-05-08,431.8,0.13,,-5.80422677929502,,0.13,93.9
1990-05-09,431.3,0.16,,-5.762185188895316,,0.13,93.9
1990-05-10,433.2,0.13,,-5.7497264644692105,,0.13,93.9
1990-05-11,438.1,0.13,,-5.752309515550861,,0.13,93.9
1990-05-14,441.6,0.09,,-5.77347075646325,,0.13,93.9
1990-05-15,442.5,0.1,,-5.787794909998732,,0.13,93.9
1990-05-16,442.9,0.11,,-5.779782594961961,,0.13,93.9
1990-05-17,445.7,0.14,,-5.776231314984641,,0.13,93.9
1990-05-18,448.3,0.13,,-5.790068004187092,,0.13,93.9
1990-05-21,452.9,0.12,,-5.7983311161163416,,0.13,93.9
1990-05-22,453.9,0.13,,-5.780940134482898,,0.13,93.9
1990-05-23,456.9,0.11,,-5.758604231751279,,0.13,93.9
1990-05-24,458.3,0.1,,-5.751939151867561,,0.13,93.9
1990-05-25,453.7,0.13,,-5.767235808492485,,0.13,93.9
1990-05-29,457.5,0.16,,-5.788668137124642,,0.13,93.9
1990-05-30,458.8,0.14,,-5.8016711996905475,,0.13,93.9
1990-05-31,459,0.14,,-5.806704295161494,,0.13,93.9
1990-06-01,462.1,0.1,,-5.784237922240666,,0.13,90.6
1990-06-04,465.6,0.11,,-5.78703811974671,,0.13,90.6
1990-06-05,464.6,0.13,,-5.7729521651693405,,0.13,90.6
1990-06-06,465,0.13,,-5.774656814242858,,0.13,90.6
1990-06-07,464.1,0.12,,-5.766145202026261,,0.13,90.6
1990-06-08,460.9,0.12,,-5.772785288922457,,0.13,90.6
1990-06-11,462.8,0.13,,-5.793147061825772,,0.13,90.6
1990-06-12,466.6,0.12,,-5.782850998131894,,0.13,90.6
1990-06-13,468.9,0.12,,-5.780732251423219,,0.13,90.6
1990-06-14,467.1,0.13,,-5.754804974259409,,0.13,90.6
1990-06-15,467.6,0.14,,-5.752941710614285,,0.13,90.6
1990-06-18,460.8,0.13,,-5.733480491133052,,0.13,90.6
1990-06-19,460.5,0.11,,-5.7408451995792085,,0.13,90.6
1990-06-20,460.8,0.1,,-5.772805690091813,,0.13,90.6
1990-06-21,461.3,0.12,,-5.766001399834198,,0.13,90.6
1990-06-22,459.3,0.11,,-5.7597411283042454,,0.13,90.6
1990-06-25,455.6,0.11,,-5.790232526904738,,0.13,90.6
1990-06-26,455.4,0.13,,-5.7859881886869475,,0.13,90.6
1990-06-27,456.9,0.15,,-5.77172428892548,,0.13,90.6
1990-06-28,460.4,0.15,,-5.744710377071989,,0.13,90.6
1990-06-29,462.3,0.16,,-5.754797952678581,,0.13,90.6
1990-07-02,462,0.19,,-5.766991503020944,,0.03,88.3
1990-07-03,461.8,0.18,,-5.7743263580474045,,0.03,88.3
1990-07-05,459.2,0.2,,-5.746377992494802,,0.03,88.3
1990-07-06,460.5,0.2,,-5.726919395235118,,0.03,88.3
1990-07-09,461.7,0.19,,-5.725835478776044,,0.03,88.3
1990-07-10,461,0.18,,-5.7231511440394875,,0.03,88.3
1990-07-11,463.9,0.17,,-5.674955644894585,,0.03,88.3
1990-07-12,467.2,0.17,,-5.669199653011383,,0.03,88.3
1990-07-13,468.4,0.3,,-5.6952057424812255,,0.03,88.3
1990-07-16,469.6,0.32,,-5.699675692703548,,0.03,88.3
1990-07-17,464.5,0.29,,-5.7120812774708964,,0.03,88.3
1990-07-18,460.8,0.31,,-5.71655333117895,,0.03,88.3
1990-07-19,458.2,0.37,,-5.727253795216361,,0.03,88.3
1990-07-20,455.3,0.38,,-5.710990712132514,,0.03,88.3
1990-07-23,444.6,0.4,,-5.737898575569423,,0.03,88.3
1990-07-24,442.6,0.43,,-5.723519957494522,,0.03,88.3
1990-07-25,445.5,0.41,,-5.723990662161472,,0.03,88.3
1990-07-26,445.4,0.41,,-5.706220509183631,,0.03,88.3
1990-07-27,442.6,0.41,,-5.677765183106721,,0.03,88.3
1990-07-30,439.4,0.42,,-5.72023879625568,,0.03,88.3
1990-07-31,438.2,0.41,,-5.7181253500156055,,0.03,88.3
1990-08-01,435.9,0.45,,-5.692988430066963,,0.07,88.2
1990-08-02,428.9,0.44,,-5.701711544586523,,0.07,88.2
1990-08-03,417.5,0.51,,-5.729737529754615,,0.07,88.2
1990-08-06,400,0.64,,-5.741957518358913,,0.07,88.2
1990-08-07,402.1,0.81,,-5.734212878374422,,0.07,88.2
1990-08-08,407.7,0.74,,-5.702126528796616,,0.07,88.2
1990-08-09,413,0.75,,-5.700368854804276,,0.07,88.2
1990-08-10,408,0.67,,-5.728475087246572,,0.07,88.2
1990-08-13,408.3,0.73,,-5.762732774294946,,0.07,88.2
1990-08-14,410.3,0.77,,-5.7418154876075835,,0.07,88.2
1990-08-15,411.5,0.72,,-5.7300171216685,,0.07,88.2
1990-08-16,402.3,0.7,,-5.752698274858212,,0.07,88.2
1990-08-17,393.5,0.67,,-5.748766837251581,,0.07,88.2
1990-08-20,388.6,0.69,,-5.76014060203514,,0.07,88.2
1990-08-21,379.7,0.68,,-5.754949258827883,,0.07,88.2
1990-08-22,374.8,0.65,,-5.7827823206229585,,0.07,88.2
1990-08-23,360.2,0.65,,-5.781300416014489,,0.07,88.2
1990-08-24,367.3,0.74,,-5.792815140367558,,0.07,88.2
1990-08-27,381.3,0.73,,-5.716866179873031,,0.07,88.2
1990-08-28,382.9,0.69,,-5.71943385252326,,0.07,88.2
1990-08-29,381.8,0.71,,-5.712992056249657,,0.07,88.2
1990-08-30,378.7,0.68,,-5.752445646635482,,0.07,88.2
1990-08-31,381.2,0.74,,-5.742551080364614,,0.07,88.2
1990-09-04,381.7,0.79,,-5.754334753819032,,0.17,76.4
1990-09-05,382.4,0.81,,-5.773320751119858,,0.17,76.4
1990-09-06,378.8,0.82,,-5.771658208781254,,0.17,76.4
1990-09-07,380.4,0.78,,-5.716361256863061,,0.17,76.4
1990-09-10,381.7,0.77,,-5.703522633158052,,0.17,76.4
1990-09-11,379.5,0.76,,-5.7062428190504235,,0.17,76.4
1990-09-12,380.3,0.73,,-5.708560684819107,,0.17,76.4
1990-09-13,376.2,0.77,,-5.724441950423688,,0.17,76.4
1990-09-14,374.4,0.81,,-5.719896261922578,,0.17,76.4
1990-09-17,374.1,0.84,,-5.73448692277799,,0.17,76.4
1990-09-18,372.2,0.85,,-5.759461299820819,,0.17,76.4
1990-09-19,371.7,0.87,,-5.789494004659042,,0.17,76.4
1990-09-20,364.4,0.8,,-5.8134648478101845,,0.17,76.4
1990-09-21,362.3,0.81,,-5.803245753341149,,0.17,76.4
1990-09-24,352.2,0.87,,-5.846064120782099,,0.17,76.4
1990-09-25,354.8,0.83,,-5.849018153752447,,0.17,76.4
1990-09-26,350,0.84,,-5.860844364690918,,0.17,76.4
1990-09-27,341.2,0.84,,-5.837035703162101,,0.17,76.4
1990-09-28,344.5,0.86,,-5.839241021471307,,0.17,76.4
1990-10-01,354.7,0.8,,-5.813237161846691,,0.33,72.8
1990-10-02,356.4,0.77,,-5.807620920004958,,0.33,72.8
1990-10-03,351.5,0.77,,-5.79708713862162,,0.33,72.8
1990-10-04,349.9,0.83,,-5.796375261484026,,0.33,72.8
1990-10-05,347.4,0.8,,-5.787442619155394,,0.33,72.8
1990-10-08,348.1,0.84,,-5.801989407986226,,0.33,72.8
1990-10-09,339.1,0.84,,-5.8099893720827085,,0.33,72.8
1990-10-10,333.3,0.89,,-5.7948817469654985,,0.33,72.8
1990-10-11,325.6,0.9,,-5.829072658199847,,0.33,72.8
1990-10-12,327.6,0.93,,-5.842841878283001,,0.33,72.8
1990-10-15,329.5,0.9,,-5.802997229091281,,0.33,72.8
1990-10-16,325.4,0.88,,-5.774861097696145,,0.33,72.8
1990-10-17,326.8,0.87,,-5.798741174863002,,0.33,72.8
1990-10-18,334,0.84,,-5.790550157237411,,0.33,72.8
1990-10-19,337.4,0.8,,-5.767522804983801,,0.33,72.8
1990-10-22,341.1,0.77,,-5.760403975731574,,0.33,72.8
1990-10-23,341.1,0.78,,-5.7198237972666615,,0.33,72.8
1990-10-24,341,0.81,,-5.743524600317105,,0.33,72.8
1990-10-25,339.7,0.82,,-5.755034031945726,,0.33,72.8
1990-10-26,334.4,0.82,,-5.741460969279931,,0.33,72.8
1990-10-29,330.8,0.88,,-5.7703453958245445,,0.33,72.8
1990-10-30,329.8,0.91,,-5.799236757061827,,0.33,72.8
1990-10-31,329.8,0.88,,-5.797323959885266,,0.4,63.9
1990-11-01,330.6,0.89,,-5.821663400773238,,0.4,63.9
1990-11-02,336.5,0.89,,-5.789928425369402,,0.4,63.9
1990-11-05,340.8,0.87,,-5.814668593111415,,0.4,63.9
1990-11-06,340.5,0.87,,-5.821935973153762,,0.4,63.9
1990-11-07,336.8,0.9,,-5.821420509224822,,0.4,63.9
1990-11-08,336.4,0.91,,-5.8340499054575625,,0.4,63.9
1990-11-09,342,0.88,,-5.817722270805617,,0.4,63.9
1990-11-12,351.5,0.88,,-5.814724237905811,,0.4,63.9
1990-11-13,352.9,0.77,,-5.8134589227795965,,0.4,63.9
1990-11-14,356.9,0.78,,-5.795584943137758,,0.4,63.9
1990-11-15,354.5,0.77,,-5.7878794423781725,,0.4,63.9
1990-11-16,350.9,0.72,,-5.777100869192905,,0.4,63.9
1990-11-19,352.7,0.73,,-5.796923937986612,,0.4,63.9
1990-11-20,348.3,0.69,,-5.783924262535245,,0.4,63.9
1990-11-21,348.8,0.74,,-5.79901366863844,,0.4,63.9
1990-11-23,349,0.75,,-5.807843444971942,,0.4,63.9
1990-11-26,348.9,0.72,,-5.805357388270993,,0.4,63.9
1990-11-27,354.1,0.78,,-5.8393154247153225,,0.4,63.9
1990-11-28,355.1,0.74,,-5.83950152457991,,0.4,63.9
1990-11-29,355.8,0.74,,-5.899571902335087,,0.4,63.9
1990-11-30,359.1,0.73,,-5.8864670737485705,,0.5,66
1990-12-03,361.3,0.71,,-5.865757609228942,,0.5,66
1990-12-04,364.1,0.74,,-5.873827528827926,,0.5,66
1990-12-05,370.9,0.7,,-5.85999755104787,,0.5,66
1990-12-06,372.3,0.7,,-5.840073758636979,,0.5,66
1990-12-07,371.5,0.7,,-5.860893727228601,,0.5,66
1990-12-10,371.5,0.7,,-5.8523621094340035,,0.5,66
1990-12-11,368,0.68,,-5.850865044775062,,0.5,66
1990-12-12,370.4,0.69,,-5.839872927554737,,0.5,66
1990-12-13,371.5,0.67,,-5.845973581495588,,0.5,66
1990-12-14,368.8,0.7,,-5.859519197639094,,0.5,66
1990-12-17,365.7,0.71,,-5.85674746170243,,0.5,66
1990-12-18,370.2,0.71,,-5.855293934160269,,0.5,66
1990-12-19,371.2,0.79,,-5.87574549567245,,0.5,66
1990-12-20,372.3,0.8,,-5.861884576628872,,0.5,66
1990-12-21,373.6,0.81,,-5.853843169231935,,0.5,66
1990-12-24,372.4,0.85,,-5.853843169231935,,0.5,66
1990-12-26,372.4,0.88,,-5.854197240315402,,0.5,66
1990-12-27,371.1,0.86,,-5.854713369359119,,0.5,66
1990-12-28,371.2,0.89,,-5.850014063384512,,0.5,66
1990-12-31,373.8,0.93,,-5.826198259267675,,0.6,65.5
1991-01-02,372.2,0.89,,-5.79249213864569,,0.6,65.5
1991-01-03,367.5,0.85,,-5.812319367625174,,0.6,65.5
1991-01-04,367.2,0.85,,-5.811383791044808,,0.6,65.5
1991-01-07,360.2,0.93,,-5.826626249858415,,0.6,65.5
1991-01-08,359,1.01,,-5.836622216209304,,0.6,65.5
1991-01-09,357.5,1.15,,-5.847617586631502,,0.6,65.5
1991-01-10,361.9,1.02,,-5.848414712164303,,0.6,65.5
1991-01-11,361.8,1.06,,-5.85368336216231,,0.6,65.5
1991-01-14,355.8,1.05,,-5.8947066652773765,,0.6,65.5
1991-01-15,357.3,1.06,,-5.917785023975382,,0.6,65.5
1991-01-16,365.2,1.03,,-5.9457989249057634,,0.6,65.5
1991-01-17,375.8,0.86,,-5.836856096615829,,0.6,65.5
1991-01-18,377,0.89,,-5.847919476193334,,0.6,65.5
1991-01-21,379.7,0.89,,-5.85819669381823,,0.6,65.5
1991-01-22,379,0.94,,-5.882637277268986,,0.6,65.5
1991-01-23,383.9,0.96,,-5.889434988610395,,0.6,65.5
1991-01-24,391.3,0.96,,-5.8923887995380495,,0.6,65.5
1991-01-25,394.3,0.96,,-5.888713122145115,,0.6,65.5
1991-01-28,396.8,0.94,,-5.878969637336282,,0.6,65.5
1991-01-29,400.6,0.95,,-5.8785344534491175,,0.6,65.5
1991-01-30,408.5,0.98,,-5.852697891838198,,0.6,65.5
1991-01-31,414.2,0.98,,-5.847405320709939,,0.77,66.8
1991-02-01,417.7,1.08,,-5.845132332920483,,0.77,66.8
1991-02-04,424.8,1.06,,-5.861437673503576,,0.77,66.8
1991-02-05,432.2,1.05,,-5.845206138481988,,0.77,66.8
1991-02-06,439.2,0.97,,-5.825337676234008,,0.77,66.8
1991-02-07,435,1.02,,-5.841647568537842,,0.77,66.8
1991-02-08,436.8,0.97,,-5.829670907422131,,0.77,66.8
1991-02-11,444.1,1,,-5.81484875229541,,0.77,66.8
1991-02-12,444,1,,-5.819003308115242,,0.77,66.8
1991-02-13,448,1,,-5.808241276997745,,0.77,66.8
1991-02-14,444.3,1.03,,-5.822376211613573,,0.77,66.8
1991-02-15,448.7,0.96,,-5.800349931801098,,0.77,66.8
1991-02-19,450.3,0.93,,-5.807141898141811,,0.77,66.8
1991-02-20,446,0.97,,-5.813065816126401,,0.77,66.8
1991-02-21,446.4,0.98,,-5.791718100759273,,0.77,66.8
1991-02-22,449,0.93,,-5.781072902995544,,0.77,66.8
1991-02-25,451.1,0.92,,-5.76081046788951,,0.77,66.8
1991-02-26,447.7,0.96,,-5.768876397085472,,0.77,66.8
1991-02-27,450.8,0.96,,-5.795836195349121,,0.77,66.8
1991-02-28,453.1,0.98,,-5.801942239128445,,0.97,70.4
1991-03-01,456.7,0.94,,-5.806253336867493,,0.97,70.4
1991-03-04,461.1,0.96,,-5.817295209375578,,0.97,70.4
1991-03-05,473.1,0.95,,-5.81041780381758,,0.97,70.4
1991-03-06,473.8,0.96,,-5.814144137359798,,0.97,70.4
1991-03-07,475.7,0.95,,-5.817773523103567,,0.97,70.4
1991-03-08,475.1,1.05,,-5.822795388069518,,0.97,70.4
1991-03-11,467.2,1.01,,-5.830858970660785,,0.97,70.4
1991-03-12,461.4,1.02,,-5.823633339231683,,0.97,70.4
1991-03-13,468.2,1.02,,-5.8341752422107245,,0.97,70.4
1991-03-14,467.8,1.07,,-5.832994206136207,,0.97,70.4
1991-03-15,466.3,1.09,,-5.8334939444911535,,0.97,70.4
1991-03-18,466.3,1.06,,-5.837588856970343,,0.97,70.4
1991-03-19,462.8,1.03,,-5.840729452722496,,0.97,70.4
1991-03-20,466.1,1,,-5.834959262943513,,0.97,70.4
1991-03-21,464.6,1.03,,-5.823923859873146,,0.97,70.4
1991-03-22,464.2,1,,-5.831865971229921,,0.97,70.4
1991-03-25,468.5,0.99,,-5.824282051529711,,0.97,70.4
1991-03-26,478.6,0.97,,-5.812691411256451,,0.97,70.4
1991-03-27,482.4,1.01,,-5.81467797325198,,0.97,70.4
1991-03-28,482.3,1.03,,-5.824282051529711,,0.97,70.4
1991-04-01,480.9,1.06,,-5.831653474809014,,1.2,87.7
1991-04-02,491.2,1.06,,-5.794912775431911,,1.2,87.7
1991-04-03,495.1,1.06,,-5.806018849208261,,1.2,87.7
1991-04-04,497.6,1.06,,-5.801431577823367,,1.2,87.7
1991-04-05,495.8,1.07,,-5.811262513754141,,1.2,87.7
1991-04-08,495.7,1.07,,-5.823903405897148,,1.2,87.7
1991-04-09,492.5,1.07,,-5.836847122814841,,1.2,87.7
1991-04-10,490.8,1.09,,-5.817274973543716,,1.2,87.7
1991-04-11,499.3,1.08,,-5.815927650061104,,1.2,87.7
1991-04-12,501.6,1.14,,-5.810154438149784,,1.2,87.7
1991-04-15,500.8,1.1,,-5.815218678708285,,1.2,87.7
1991-04-16,506.8,1.05,,-5.812637568084081,,1.2,87.7
1991-04-17,511.3,1.05,,-5.791969336668701,,1.2,87.7
1991-04-18,506.6,1.05,,-5.778702291236764,,1.2,87.7
1991-04-19,501.2,1.03,,-5.780314638414049,,1.2,87.7
1991-04-22,494.4,1.07,,-5.787690022362714,,1.2,87.7
1991-04-23,496.1,1.08,,-5.799622190014489,,1.2,87.7
1991-04-24,498.5,1.07,,-5.79417597034484,,1.2,87.7
1991-04-25,496,1.11,,-5.797407734095606,,1.2,87.7
1991-04-26,494.6,1.14,,-5.803532877423261,,1.2,87.7
1991-04-29,487.7,1.17,,-5.798189363031185,,1.2,87.7
1991-04-30,484.7,1.17,,-5.829952554370158,,1.2,87.7
1991-05-01,487.9,1.22,,-5.830428404962054,,1.3,81.8
1991-05-02,491.1,1.21,,-5.823828371428154,,1.3,81.8
1991-05-03,492.1,1.21,,-5.853232545975533,,1.3,81.8
1991-05-06,491.5,1.24,,-5.865527059630841,,1.3,81.8
1991-05-07,491.5,1.23,,-5.860029737821859,,1.3,81.8
1991-05-08,492.5,1.24,,-5.8572360474493035,,1.3,81.8
1991-05-09,497.8,1.2,,-5.86239620233796,,1.3,81.8
1991-05-10,493.4,1.18,,-5.859120015376089,,1.3,81.8
1991-05-13,493.9,1.25,,-5.893076587937224,,1.3,81.8
1991-05-14,488.8,1.23,,-5.914749629527121,,1.3,81.8
1991-05-15,478.1,1.28,,-5.899661859008168,,1.3,81.8
1991-05-16,481.8,1.29,,-5.896179825228074,,1.3,81.8
1991-05-17,481.4,1.28,,-5.89513343816955,,1.3,81.8
1991-05-20,480.1,1.22,,-5.892884858238657,,1.3,81.8
1991-05-21,483.6,1.24,,-5.885266159595524,,1.3,81.8
1991-05-22,487.3,1.22,,-5.891781553095217,,1.3,81.8
1991-05-23,489.6,1.29,,-5.88155742094056,,1.3,81.8
1991-05-24,492.7,1.36,,-5.886216145358003,,1.3,81.8
1991-05-28,497.2,1.41,,-5.904361523690207,,1.3,81.8
1991-05-29,499.1,1.41,,-5.907595792170501,,1.3,81.8
1991-05-30,503.2,1.46,,-5.938072501660458,,1.3,81.8
1991-05-31,506.1,1.42,,-5.931356054335263,,1.3,81.8
1991-06-03,507.1,1.38,,-5.9310968295961075,,1.43,78.3
1991-06-04,507.3,1.35,,-5.908104808282328,,1.43,78.3
1991-06-05,505.2,1.35,,-5.889884754290062,,1.43,78.3
1991-06-06,502.9,1.36,,-5.911359149405274,,1.43,78.3
1991-06-07,498.5,1.37,,-5.916158761785796,,1.43,78.3
1991-06-10,495.9,1.31,,-5.9392157879203165,,1.43,78.3
1991-06-11,496.6,1.28,,-5.917012768246643,,1.43,78.3
1991-06-12,491.1,1.3,,-5.934425262433972,,1.43,78.3
1991-06-13,491.1,1.28,,-5.929846618207061,,1.43,78.3
1991-06-14,495.1,1.26,,-5.923517832892541,,1.43,78.3
1991-06-17,494.3,1.27,,-5.9282416158985605,,1.43,78.3
1991-06-18,491.6,1.28,,-5.925477897339077,,1.43,78.3
1991-06-19,485.4,1.32,,-5.9239998344873435,,1.43,78.3
1991-06-20,485.9,1.38,,-5.906615333122847,,1.43,78.3
1991-06-21,485.8,1.43,,-5.899394899013504,,1.43,78.3
1991-06-24,475.2,1.38,,-5.900445148720814,,1.43,78.3
1991-06-25,473.3,1.37,,-5.889162973038978,,1.43,78.3
1991-06-26,473.1,1.29,,-5.887518458842966,,1.43,78.3
1991-06-27,476.2,1.32,,-5.9168519067628775,,1.43,78.3
1991-06-28,475.9,1.32,,-5.912004129514534,,1.43,78.3
1991-07-01,481.3,1.34,,-5.901304127973134,,1.5,82.1
1991-07-02,478.8,1.29,,-5.877961849561679,,1.5,82.1
1991-07-03,474.3,1.27,,-5.902436904901381,,1.5,82.1
1991-07-05,474.1,1.29,,-5.902436904901381,,1.5,82.1
1991-07-08,479.5,1.3,,-5.903781533314274,,1.5,82.1
1991-07-09,483.6,1.34,,-5.907155144202083,,1.5,82.1
1991-07-10,487.2,1.36,,-5.925781745564194,,1.5,82.1
1991-07-11,488.4,1.38,,-5.9317492410542565,,1.5,82.1
1991-07-12,492.7,1.38,,-5.927534977577578,,1.5,82.1
1991-07-15,496.2,1.38,,-5.931428174630831,,1.5,82.1
1991-07-16,493.6,1.38,,-5.926554272472491,,1.5,82.1
1991-07-17,493.4,1.37,,-5.922885616433406,,1.5,82.1
1991-07-18,496.8,1.36,,-5.928511266702405,,1.5,82.1
1991-07-19,497.6,1.4,,-5.918743003582718,,1.5,82.1
1991-07-22,495,1.39,,-5.912362661782514,,1.5,82.1
1991-07-23,489.7,1.37,,-5.914453253452936,,1.5,82.1
1991-07-24,487.4,1.37,,-5.9086205106581655,,1.5,82.1
1991-07-25,490.3,1.36,,-5.900576223940901,,1.5,82.1
1991-07-26,492.7,1.33,,-5.892018292159106,,1.5,82.1
1991-07-29,493.4,1.35,,-5.888528542225646,,1.5,82.1
1991-07-30,498.3,1.38,,-5.908970297683487,,1.5,82.1
1991-07-31,502,1.37,,-5.902746608425154,,1.5,82.1
1991-08-01,504.2,1.39,,-5.90634531827039,,1.53,82.9
1991-08-02,505.7,1.36,,-5.885000583062331,,1.53,82.9
1991-08-05,502.6,1.37,,-5.879180166005124,,1.53,82.9
1991-08-06,505.2,1.35,,-5.886710108771113,,1.53,82.9
1991-08-07,507.5,1.4,,-5.868671419710683,,1.53,82.9
1991-08-08,509.4,1.39,,-5.872000813107949,,1.53,82.9
1991-08-09,508.3,1.46,,-5.86966470853389,,1.53,82.9
1991-08-12,510,1.49,,-5.887811127324397,,1.53,82.9
1991-08-13,514.4,1.46,,-5.878786858539395,,1.53,82.9
1991-08-14,517.7,1.43,,-5.888086192654147,,1.53,82.9
1991-08-15,515.7,1.45,,-5.885111967876727,,1.53,82.9
1991-08-16,512.5,1.51,,-5.899285436302861,,1.53,82.9
1991-08-19,497.6,1.53,,-5.905964886203674,,1.53,82.9
1991-08-20,502.1,1.59,,-5.898749382805744,,1.53,82.9
1991-08-21,518,1.64,,-5.885441450673887,,1.53,82.9
1991-08-22,518.3,1.53,,-5.876467804700281,,1.53,82.9
1991-08-23,521.1,1.51,,-5.871267621132699,,1.53,82.9
1991-08-26,521.4,1.42,,-5.875502640128384,,1.53,82.9
1991-08-27,521.8,1.43,,-5.856126720309189,,1.53,82.9
1991-08-28,526.3,1.48,,-5.847194145259865,,1.53,82.9
1991-08-29,526.4,1.52,,-5.845986248843535,,1.53,82.9
1991-08-30,525.7,1.49,,-5.835170677152055,,1.53,82.9
1991-09-03,520.9,1.46,,-5.833717540543723,,1.4,82
1991-09-04,517.9,1.48,,-5.84275153031598,,1.4,82
1991-09-05,516.9,1.5,,-5.8328519282672895,,1.4,82
1991-09-06,516.9,1.52,,-5.814059792957567,,1.4,82
1991-09-09,518.1,1.5,,-5.826752079229616,,1.4,82
1991-09-10,511.3,1.5,,-5.821459583719614,,1.4,82
1991-09-11,514.8,1.52,,-5.8098110248858,,1.4,82
1991-09-12,521.1,1.51,,-5.807325764430171,,1.4,82
1991-09-13,516.7,1.47,,-5.81019657979897,,1.4,82
1991-09-16,515.7,1.48,,-5.822050123842786,,1.4,82
1991-09-17,515.2,1.46,,-5.844186746568486,,1.4,82
1991-09-18,518.6,1.44,,-5.8354098378614845,,1.4,82
1991-09-19,522.7,1.44,,-5.832132508538726,,1.4,82
1991-09-20,527.2,1.41,,-5.811322776041837,,1.4,82
1991-09-23,524.7,1.39,,-5.820401919976613,,1.4,82
1991-09-24,526.5,1.38,,-5.835715401467225,,1.4,82
1991-09-25,527.8,1.45,,-5.8113908136825225,,1.4,82
1991-09-26,526.9,1.46,,-5.808484259758047,,1.4,82
1991-09-27,524.5,1.51,,-5.800853568318372,,1.4,82
1991-09-30,526.9,1.47,,-5.831692179130513,,1.4,82
1991-10-01,528.5,1.48,,-5.829785600859932,,1.17,83
1991-10-02,526.3,1.46,,-5.838669259156549,,1.17,83
1991-10-03,520.5,1.48,,-5.837551594608599,,1.17,83
1991-10-04,520.4,1.49,,-5.841073047063238,,1.17,83
1991-10-07,516.2,1.48,,-5.856759809972269,,1.17,83
1991-10-08,517.3,1.47,,-5.8283905246178795,,1.17,83
1991-10-09,513.8,1.54,,-5.829415211420199,,1.17,83
1991-10-10,515.9,1.58,,-5.842348066793757,,1.17,83
1991-10-11,519.1,1.6,,-5.838733985862586,,1.17,83
1991-10-14,525.7,1.58,,-5.848566694822419,,1.17,83
1991-10-15,534.1,1.58,,-5.846199981021998,,1.17,83
1991-10-16,540.9,1.61,,-5.842040693821087,,1.17,83
1991-10-17,536.3,1.59,,-5.834675499174815,,1.17,83
1991-10-18,538.9,1.62,,-5.849938305107252,,1.17,83
1991-10-21,537,1.58,,-5.85547648612631,,1.17,83
1991-10-22,537.1,1.63,,-5.8547960039872065,,1.17,83
1991-10-23,535.2,1.65,,-5.845859749752411,,1.17,83
1991-10-24,528.8,1.68,,-5.845985581062341,,1.17,83
1991-10-25,525.1,1.72,,-5.842882931973339,,1.17,83
1991-10-28,529.4,1.77,,-5.828640786027295,,1.17,83
1991-10-29,534.5,1.73,,-5.8135837414363385,,1.17,83
1991-10-30,541.3,1.75,,-5.810993985752279,,1.17,83
1991-10-31,543,1.77,,-5.820800851417449,,1.1,78.3
1991-11-01,540.9,1.83,,-5.813073371566846,,1.1,78.3
1991-11-04,537.5,1.87,,-5.811752741072892,,1.1,78.3
1991-11-05,538.8,1.86,,-5.8097997431640165,,1.1,78.3
1991-11-06,539.5,1.88,,-5.811863569880337,,1.1,78.3
1991-11-07,545.3,1.81,,-5.814419550186793,,1.1,78.3
1991-11-08,548.1,1.78,,-5.820088560998844,,1.1,78.3
1991-11-11,550.7,1.78,,-5.83627165770228,,1.1,78.3
1991-11-12,555.7,1.72,,-5.831921726722115,,1.1,78.3
1991-11-13,556.2,1.76,,-5.835995317494246,,1.1,78.3
1991-11-14,554.8,1.75,,-5.813463057137975,,1.1,78.3
1991-11-15,531.3,1.79,,-5.825757148838394,,1.1,78.3
1991-11-18,534.7,1.78,,-5.840519949704006,,1.1,78.3
1991-11-19,523.5,1.87,,-5.861438192263087,,1.1,78.3
1991-11-20,526.1,1.86,,-5.863707953977343,,1.1,78.3
1991-11-21,530.3,1.89,,-5.875793827032262,,1.1,78.3
1991-11-22,526.5,1.95,,-5.8818921347327064,,1.1,78.3
1991-11-25,522.9,1.95,,-5.8663173759159015,,1.1,78.3
1991-11-26,522.2,1.97,,-5.8580014068808515,,1.1,78.3
1991-11-27,522.8,1.99,,-5.866189487419909,,1.1,78.3
1991-11-29,523.9,2,,-5.906521237213384,,1.1,78.3
1991-12-02,530.9,1.99,,-5.911234696175735,,1,69.1
1991-12-03,533.3,1.99,,-5.900730123820177,,1,69.1
1991-12-04,535.3,1.95,,-5.911819183508268,,1,69.1
1991-12-05,534,1.99,,-5.929124386541227,,1,69.1
1991-12-06,536.3,2.07,,-5.933738638741072,,1,69.1
1991-12-09,535.4,2.13,,-5.937000826356457,,1,69.1
1991-12-10,534.2,2.14,,-5.951063012836171,,1,69.1
1991-12-11,531.6,2.18,,-5.936056020575325,,1,69.1
1991-12-12,536,2.13,,-5.913197411881117,,1,69.1
1991-12-13,540.9,2.13,,-5.915539398188116,,1,69.1
1991-12-16,543.7,2.15,,-5.913406030567714,,1,69.1
1991-12-17,539.7,2.16,,-5.905846510179357,,1,69.1
1991-12-18,539.8,2.08,,-5.90903682978601,,1,69.1
1991-12-19,534.5,2.06,,-5.913544777605109,,1,69.1
1991-12-20,535.8,2.17,,-5.917911822053478,,1,69.1
1991-12-23,543.9,2.09,,-5.9111235672802005,,1,69.1
1991-12-24,549.6,2.04,,-5.9031602257195415,,1,69.1
1991-12-26,559.3,2,,-5.886722373750416,,1,69.1
1991-12-27,565.7,1.97,,-5.88014996117268,,1,69.1
1991-12-30,579.8,1.96,,-5.884635768254374,,1,69.1
1991-12-31,586.3,1.94,,-5.893819506270389,,1,68.2
1992-01-02,586.5,2.01,,-5.910986356258988,,1,68.2
1992-01-03,592.7,2.05,,-5.902511008024245,,1,68.2
1992-01-06,597.9,2.06,,-5.899091226976967,,1,68.2
1992-01-07,602.3,2.09,,-5.909076298720578,,1,68.2
1992-01-08,610.3,2.11,,-5.918251102134344,,1,68.2
1992-01-09,619.8,2.02,,-5.937294276307594,,1,68.2
1992-01-10,615.7,2,,-5.928222747549768,,1,68.2
1992-01-13,617.6,1.99,,-5.9241091226992975,,1,68.2
1992-01-14,625.8,2.03,,-5.927137196914074,,1,68.2
1992-01-15,630.8,1.98,,-5.913658078276014,,1,68.2
1992-01-16,627.3,2.06,,-5.907679658152711,,1,68.2
1992-01-17,626.9,2.07,,-5.898079542768314,,1,68.2
1992-01-20,619.4,2.07,,-5.910005499791254,,1,68.2
1992-01-21,604.9,2.06,,-5.9126244854002055,,1,68.2
1992-01-22,620.7,2.14,,-5.905663316879953,,1,68.2
1992-01-23,622.9,2.18,,-5.902295267137159,,1,68.2
1992-01-24,624.7,2.12,,-5.882333309139001,,1,68.2
1992-01-27,621,2.09,,-5.8882471714052995,,1,68.2
1992-01-28,621.3,2.06,,-5.884700128369649,,1,68.2
1992-01-29,616.3,2.1,,-5.884252334935881,,1,68.2
1992-01-30,621.4,2.14,,-5.883856839493251,,1,68.2
1992-01-31,620.2,2.2,,-5.897142722533063,,0.93,67.5
1992-02-03,623.4,2.21,,-5.90594237366982,,0.93,67.5
1992-02-04,631,2.17,,-5.905058736690951,,0.93,67.5
1992-02-05,637,2.14,,-5.895721923864334,,0.93,67.5
1992-02-06,637.7,2.15,,-5.897528867990949,,0.93,67.5
1992-02-07,635,2.23,,-5.891955620757307,,0.93,67.5
1992-02-10,634.1,2.27,,-5.896510537964049,,0.93,67.5
1992-02-11,633.4,2.22,,-5.894073095454121,,0.93,67.5
1992-02-12,644.9,2.22,,-5.868626948511201,,0.93,67.5
1992-02-13,639.1,2.18,,-5.859754010788777,,0.93,67.5
1992-02-14,636.4,2.14,,-5.848682913331726,,0.93,67.5
1992-02-18,626.4,2.23,,-5.849021752844757,,0.93,67.5
1992-02-19,622.4,2.14,,-5.861253187201427,,0.93,67.5
1992-02-20,632.2,2.11,,-5.855891259741274,,0.93,67.5
1992-02-21,629.8,1.99,,-5.854110682213989,,0.93,67.5
1992-02-24,624.9,2.01,,-5.839798947898847,,0.93,67.5
1992-02-25,621.4,2.01,,-5.839843345190954,,0.93,67.5
1992-02-26,632.4,1.96,,-5.831143013012321,,0.93,67.5
1992-02-27,634,2.01,,-5.839650599337914,,0.93,67.5
1992-02-28,633.5,2,,-5.838080692058487,,0.93,67.5
1992-03-02,635.5,1.93,,-5.841334095635007,,0.9,68.8
1992-03-03,634.3,1.95,,-5.840653040477457,,0.9,68.8
1992-03-04,630.3,1.93,,-5.838289477114205,,0.9,68.8
1992-03-05,622,1.89,,-5.847134447012579,,0.9,68.8
1992-03-06,616,1.88,,-5.847355552577778,,0.9,68.8
1992-03-09,615.8,1.88,,-5.848115902697859,,0.9,68.8
1992-03-10,623.5,1.87,,-5.837068859316739,,0.9,68.8
1992-03-11,617.1,1.93,,-5.849996604887723,,0.9,68.8
1992-03-12,615.9,1.88,,-5.843738401362345,,0.9,68.8
1992-03-13,618.6,1.85,,-5.839249019711694,,0.9,68.8
1992-03-16,617.9,1.82,,-5.831391176066749,,0.9,68.8
1992-03-17,623.3,1.79,,-5.811887013988001,,0.9,68.8
1992-03-18,624.9,1.78,,-5.806097651745526,,0.9,68.8
1992-03-19,626,1.78,,-5.8069827380992205,,0.9,68.8
1992-03-20,624.3,1.78,,-5.816555922703153,,0.9,68.8
1992-03-23,621.8,1.75,,-5.812101572353773,,0.9,68.8
1992-03-24,618.7,1.75,,-5.81445430406884,,0.9,68.8
1992-03-25,619.5,1.81,,-5.822316598051123,,0.9,68.8
1992-03-26,615.4,1.88,,-5.819259464158054,,0.9,68.8
1992-03-27,604.7,1.86,,-5.824343086837006,,0.9,68.8
1992-03-30,602.1,1.93,,-5.827143867682203,,0.9,68.8
1992-03-31,603.8,1.94,,-5.82862728912146,,0.77,76
1992-04-01,602.1,1.93,,-5.815742393147408,,0.77,76
1992-04-02,593.8,1.92,,-5.801578217550254,,0.77,76
1992-04-03,590,2.05,,-5.806811307532186,,0.77,76
1992-04-06,596.3,2.05,,-5.807583839735069,,0.77,76
1992-04-07,581.6,2.05,,-5.805523165395834,,0.77,76
1992-04-08,573.7,2.07,,-5.823390782535928,,0.77,76
1992-04-09,586.8,2.11,,-5.824117164305156,,0.77,76
1992-04-10,584.2,2.26,,-5.837272158035864,,0.77,76
1992-04-13,588.2,2.21,,-5.837229985218854,,0.77,76
1992-04-14,594.8,2.22,,-5.837313867280724,,0.77,76
1992-04-15,600,2.2,,-5.824593085830248,,0.77,76
1992-04-16,591.8,2.15,,-5.834488589726179,,0.77,76
1992-04-20,577.2,2.11,,-5.836764079780884,,0.77,76
1992-04-21,575.1,2.14,,-5.83894570094479,,0.77,76
1992-04-22,578.2,2.17,,-5.832867364715717,,0.77,76
1992-04-23,576.1,2.16,,-5.825885171457101,,0.77,76
1992-04-24,572.9,2.18,,-5.820066634188849,,0.77,76
1992-04-27,566.9,2.22,,-5.822882752458134,,0.77,76
1992-04-28,560.3,2.18,,-5.818678223465027,,0.77,76
1992-04-29,569.9,2.17,,-5.817801053057142,,0.77,76
1992-04-30,578.7,2.21,,-5.818260088447392,,0.77,76
1992-05-01,578.1,2.15,,-5.828886674460858,,0.67,77.2
1992-05-04,583.5,2.23,,-5.816874221210763,,0.67,77.2
1992-05-05,588.1,2.26,,-5.821954129332049,,0.67,77.2
1992-05-06,589.4,2.26,,-5.817075605039732,,0.67,77.2
1992-05-07,587.2,2.21,,-5.804884925752973,,0.67,77.2
1992-05-08,585.8,2.15,,-5.805581098747667,,0.67,77.2
1992-05-11,587.1,2.12,,-5.80618002518337,,0.67,77.2
1992-05-12,584,2.16,,-5.805575804605106,,0.67,77.2
1992-05-13,582.4,2.17,,-5.8104331209946345,,0.67,77.2
1992-05-14,576.5,2.2,,-5.820734738477812,,0.67,77.2
1992-05-15,574.4,2.21,,-5.821307507620554,,0.67,77.2
1992-05-18,576.5,2.17,,-5.820902600112637,,0.67,77.2
1992-05-19,578.1,2.16,,-5.812203058838817,,0.67,77.2
1992-05-20,580.3,2.2,,-5.814773468961313,,0.67,77.2
1992-05-21,579.1,2.12,,-5.810329230073534,,0.67,77.2
1992-05-22,580.3,2.05,,-5.809932022803922,,0.67,77.2
1992-05-26,575.7,2.11,,-5.813288687693734,,0.67,77.2
1992-05-27,577.4,2.11,,-5.815669266815303,,0.67,77.2
1992-05-28,580.5,2.16,,-5.817536028968321,,0.67,77.2
1992-05-29,585.3,2.14,,-5.813288687693734,,0.67,77.2
1992-06-01,588.4,2.14,,-5.805028967467703,,0.63,79.2
1992-06-02,589.2,2.1,,-5.809240689498317,,0.63,79.2
1992-06-03,589.9,2.12,,-5.809926229046059,,0.63,79.2
1992-06-04,588.3,2.14,,-5.787649278768141,,0.63,79.2
1992-06-05,585.4,2.12,,-5.789860381335746,,0.63,79.2
1992-06-08,582,2.18,,-5.7914623276791195,,0.63,79.2
1992-06-09,573.8,2.2,,-5.7903129668084805,,0.63,79.2
1992-06-10,569.7,2.22,,-5.79589001910033,,0.63,79.2
1992-06-11,567.7,2.22,,-5.806614298050433,,0.63,79.2
1992-06-12,569.5,2.24,,-5.809239697436582,,0.63,79.2
1992-06-15,569,2.23,,-5.809336301739335,,0.63,79.2
1992-06-16,564.1,2.23,,-5.805757255519897,,0.63,79.2
1992-06-17,553.2,2.22,,-5.7962969161377,,0.63,79.2
1992-06-18,549.2,2.23,,-5.798163394316992,,0.63,79.2
1992-06-19,554.2,2.25,,-5.789573271453431,,0.63,79.2
1992-06-22,549.7,2.24,,-5.801064469748826,,0.63,79.2
1992-06-23,553.4,2.25,,-5.799555189158874,,0.63,79.2
1992-06-24,551.4,2.15,,-5.775257574567413,,0.63,79.2
1992-06-25,548.2,2.24,,-5.768204925919578,,0.63,79.2
1992-06-26,547.8,2.25,,-5.769426579101522,,0.63,79.2
1992-06-29,558.8,2.27,,-5.741277641778866,,0.63,79.2
1992-06-30,563.6,2.29,,-5.749224591260482,,0.63,79.2
1992-07-01,569,2.31,,-5.751336424087373,,0.73,80.4
1992-07-02,563.4,2.28,,-5.737723708084234,,0.73,80.4
1992-07-06,563.2,2.38,,-5.740565872706771,,0.73,80.4
1992-07-07,557.4,2.44,,-5.724743940821871,,0.73,80.4
1992-07-08,557.6,2.47,,-5.73069123224246,,0.73,80.4
1992-07-09,564.8,2.51,,-5.746914662809506,,0.73,80.4
1992-07-10,567.8,2.51,,-5.728879896964668,,0.73,80.4
1992-07-13,570.2,2.55,,-5.737358770189806,,0.73,80.4
1992-07-14,575.2,2.57,,-5.728531939345852,,0.73,80.4
1992-07-15,575.5,2.65,,-5.724577982628773,,0.73,80.4
1992-07-16,576.2,2.65,,-5.715601764969596,,0.73,80.4
1992-07-17,570.5,2.62,,-5.739033424127001,,0.73,80.4
1992-07-20,564.3,2.63,,-5.7452303602223065,,0.73,80.4
1992-07-21,568.6,2.6,,-5.73671193303063,,0.73,80.4
1992-07-22,563.9,2.55,,-5.74309225384087,,0.73,80.4
1992-07-23,565.2,2.56,,-5.738943454179805,,0.73,80.4
1992-07-24,565.6,2.52,,-5.742346935874179,,0.73,80.4
1992-07-27,564.7,2.48,,-5.7432266140518236,,0.73,80.4
1992-07-28,571.6,2.42,,-5.744430389621661,,0.73,80.4
1992-07-29,577.5,2.36,,-5.745744670150748,,0.73,80.4
1992-07-30,578.8,2.35,,-5.76245911980377,,0.73,80.4
1992-07-31,580.8,2.36,,-5.772202342501744,,0.73,80.4
1992-08-03,582.4,2.3,,-5.762559225595506,,0.87,76.6
1992-08-04,581.3,2.32,,-5.757662710136852,,0.87,76.6
1992-08-05,576.9,2.35,,-5.743524717945337,,0.87,76.6
1992-08-06,574,2.35,,-5.74030764627656,,0.87,76.6
1992-08-07,573.7,2.36,,-5.739742051647278,,0.87,76.6
1992-08-10,573.1,2.39,,-5.750181432243612,,0.87,76.6
1992-08-11,571.6,2.4,,-5.741385801699007,,0.87,76.6
1992-08-12,570.9,2.35,,-5.72730252934732,,0.87,76.6
1992-08-13,571,2.29,,-5.710477433829625,,0.87,76.6
1992-08-14,573.2,2.36,,-5.715394932080292,,0.87,76.6
1992-08-17,572.5,2.39,,-5.685417288616162,,0.87,76.6
1992-08-18,570.9,2.43,,-5.686222760957107,,0.87,76.6
1992-08-19,567.6,2.44,,-5.695454572043747,,0.87,76.6
1992-08-20,567.9,2.41,,-5.7015803156513005,,0.87,76.6
1992-08-21,563.7,2.42,,-5.704076635564338,,0.87,76.6
1992-08-24,555.4,2.4,,-5.713120155576079,,0.87,76.6
1992-08-25,554.2,2.41,,-5.72260102470734,,0.87,76.6
1992-08-26,558.8,2.41,,-5.722734774231776,,0.87,76.6
1992-08-27,563.3,2.42,,-5.72552728527746,,0.87,76.6
1992-08-28,563.6,2.41,,-5.729819448439196,,0.87,76.6
1992-08-31,563.1,2.47,,-5.741405854321718,,0.87,76.6
1992-09-01,565.6,2.47,,-5.7211129128069915,,0.9,76.1
1992-09-02,571.3,2.44,,-5.714837197007367,,0.9,76.1
1992-09-03,574.9,2.44,,-5.732286213405117,,0.9,76.1
1992-09-04,573.4,2.45,,-5.722277057292366,,0.9,76.1
1992-09-08,571.2,2.51,,-5.7429915802157945,,0.9,76.1
1992-09-09,574.9,2.46,,-5.7477325406901,,0.9,76.1
1992-09-10,581.2,2.46,,-5.774031634237116,,0.9,76.1
1992-09-11,583,2.48,,-5.7697802109950596,,0.9,76.1
1992-09-14,594.2,2.5,,-5.773379640750033,,0.9,76.1
1992-09-15,587.9,2.52,,-5.77731655870235,,0.9,76.1
1992-09-16,585.9,2.51,,-5.782120636462483,,0.9,76.1
1992-09-17,587.8,2.54,,-5.77624251129971,,0.9,76.1
1992-09-18,589.1,2.54,,-5.782126908499546,,0.9,76.1
1992-09-21,588.6,2.55,,-5.7755594946825015,,0.9,76.1
1992-09-22,583,2.51,,-5.791805328098532,,0.9,76.1
1992-09-23,583,2.52,,-5.79422438674262,,0.9,76.1
1992-09-24,585.9,2.57,,-5.788930786365437,,0.9,76.1
1992-09-25,577.2,2.57,,-5.796220110854771,,0.9,76.1
1992-09-28,575.3,2.63,,-5.809333811801106,,0.9,76.1
1992-09-29,577.6,2.6,,-5.806004166221804,,0.9,76.1
1992-09-30,583.3,2.57,,-5.8098110248858,,0.9,76.1
1992-10-01,578.3,2.57,,-5.822891223973489,,0.8,75.6
1992-10-02,571.6,2.56,,-5.842886738612389,,0.8,75.6
1992-10-05,565.2,2.55,,-5.849235295314365,,0.8,75.6
1992-10-06,570.6,2.56,,-5.836744877222698,,0.8,75.6
1992-10-07,569.2,2.56,,-5.847342078995683,,0.8,75.6
1992-10-08,573.9,2.58,,-5.8458976109721155,,0.8,75.6
1992-10-09,570.5,2.58,,-5.846051826596707,,0.8,75.6
1992-10-12,573.8,2.52,,-5.842237845368446,,0.8,75.6
1992-10-13,576.4,2.52,,-5.842754644901144,,0.8,75.6
1992-10-14,576.2,2.52,,-5.839769183855788,,0.8,75.6
1992-10-15,578.6,2.49,,-5.828536224967708,,0.8,75.6
1992-10-16,582.6,2.51,,-5.838313367613807,,0.8,75.6
1992-10-19,590.7,2.56,,-5.842903969860914,,0.8,75.6
1992-10-20,592.7,2.54,,-5.837894418820977,,0.8,75.6
1992-10-21,597.2,2.52,,-5.835492523950837,,0.8,75.6
1992-10-22,597.1,2.51,,-5.839269308814137,,0.8,75.6
1992-10-23,597.3,2.5,,-5.850263628429588,,0.8,75.6
1992-10-26,598.9,2.44,,-5.832933658788162,,0.8,75.6
1992-10-27,597,2.46,,-5.8180583539719795,,0.8,75.6
1992-10-28,601.4,2.43,,-5.817311121147876,,0.8,75.6
1992-10-29,605.8,2.38,,-5.810221368929389,,0.8,75.6
1992-10-30,605.2,2.4,,-5.815336786844158,,0.8,75.6
1992-11-02,607.6,2.41,,-5.8362239489166985,,0.67,73.3
1992-11-03,604.6,2.43,,-5.827143575793768,,0.67,73.3
1992-11-04,605.5,2.45,,-5.830694258413808,,0.67,73.3
1992-11-05,614.1,2.48,,-5.841734891315491,,0.67,73.3
1992-11-06,616.8,2.49,,-5.854889012102231,,0.67,73.3
1992-11-09,622.1,2.43,,-5.861843521926749,,0.67,73.3
1992-11-10,627.8,2.41,,-5.844393004789883,,0.67,73.3
1992-11-11,634.9,2.41,,-5.84002757315232,,0.67,73.3
1992-11-12,634.4,2.35,,-5.856734472889529,,0.67,73.3
1992-11-13,637.2,2.28,,-5.869780035185167,,0.67,73.3
1992-11-16,634,2.22,,-5.853005197075399,,0.67,73.3
1992-11-17,627.1,2.19,,-5.856812371312376,,0.67,73.3
1992-11-18,634.9,2.2,,-5.860247883909738,,0.67,73.3
1992-11-19,638.6,2.22,,-5.861367787890515,,0.67,73.3
1992-11-20,642.6,2.18,,-5.862117261006033,,0.67,73.3
1992-11-23,638.8,2.17,,-5.857858396512356,,0.67,73.3
1992-11-24,645.9,2.21,,-5.857559308727862,,0.67,73.3
1992-11-25,648.3,2.14,,-5.8520285818521165,,0.67,73.3
1992-11-27,649.5,2.16,,-5.819629977809275,,0.67,73.3
1992-11-30,652.7,2.16,,-5.825672292265238,,0.5,85.3
1992-12-01,654,2.13,,-5.839143226877066,,0.5,85.3
1992-12-02,652.9,2.12,,-5.836932309247477,,0.5,85.3
1992-12-03,656.4,2.13,,-5.841057915221409,,0.5,85.3
1992-12-04,661.6,2.14,,-5.837568547022327,,0.5,85.3
1992-12-07,666.5,2.16,,-5.820583055394044,,0.5,85.3
1992-12-08,667.1,2.14,,-5.823518799434334,,0.5,85.3
1992-12-09,663.9,2.15,,-5.8221822924118145,,0.5,85.3
1992-12-10,658.9,2.1,,-5.83025991375495,,0.5,85.3
1992-12-11,655.8,2.02,,-5.83019639951186,,0.5,85.3
1992-12-14,654.7,2.03,,-5.825879363328625,,0.5,85.3
1992-12-15,650.8,2.06,,-5.81652677959845,,0.5,85.3
1992-12-16,649.6,2.1,,-5.828620899153013,,0.5,85.3
1992-12-17,658.5,2.08,,-5.831100059395634,,0.5,85.3
1992-12-18,661.3,2.1,,-5.81766802211867,,0.5,85.3
1992-12-21,662.5,2.07,,-5.792643085284961,,0.5,85.3
1992-12-22,660.8,2.01,,-5.784802221977564,,0.5,85.3
1992-12-23,663,2.05,,-5.79790859269103,,0.5,85.3
1992-12-24,665.9,2.09,,-5.785626443699377,,0.5,85.3
1992-12-28,666.3,2.08,,-5.789540343020514,,0.5,85.3
1992-12-29,669,2.08,,-5.780899778000633,,0.5,85.3
1992-12-30,671.9,2.14,,-5.780941555202819,,0.5,85.3
1992-12-31,677,2.14,,-5.7730756013623425,,0.37,91
1993-01-04,671.8,2.12,,-5.7321969866588205,,0.37,91
1993-01-05,674.3,2.13,,-5.737317255742772,,0.37,91
1993-01-06,681.9,2.11,,-5.741598540132931,,0.37,91
1993-01-07,678.2,2.12,,-5.736374748604198,,0.37,91
1993-01-08,677.2,2.25,,-5.72432589220297,,0.37,91
1993-01-11,682.4,2.23,,-5.752702299458178,,0.37,91
1993-01-12,679.5,2.24,,-5.820254782100996,,0.37,91
1993-01-13,686.8,2.25,,-5.8053853054983815,,0.37,91
1993-01-14,695.7,2.25,,-5.800927517360636,,0.37,91
1993-01-15,697.2,2.29,,-5.802032752131523,,0.37,91
1993-01-18,698.1,2.29,,-5.807112532763646,,0.37,91
1993-01-19,696.8,2.2,,-5.802873377300432,,0.37,91
1993-01-20,697.4,2.2,,-5.809041924065015,,0.37,91
1993-01-21,700.8,2.24,,-5.805001361079583,,0.37,91
1993-01-22,701.6,2.27,,-5.800859277928731,,0.37,91
1993-01-25,707,2.22,,-5.799959818659911,,0.37,91
1993-01-26,707.2,2.2,,-5.797930539280348,,0.37,91
1993-01-27,697.9,2.24,,-5.792807506556988,,0.37,91
1993-01-28,694.7,2.24,,-5.798926555298944,,0.37,91
1993-01-29,696.3,2.19,,-5.811767133927264,,0.37,91
1993-02-01,701.8,2.19,,-5.811767133927264,,0.2,89.3
1993-02-02,705.1,2.21,,-5.808941357084188,,0.2,89.3
1993-02-03,708.7,2.18,,-5.805104620363354,,0.2,89.3
1993-02-04,708.9,2.2,,-5.797165593844597,,0.2,89.3
1993-02-05,701,2.25,,-5.7967542535285945,,0.2,89.3
1993-02-08,698.4,2.21,,-5.791374114438256,,0.2,89.3
1993-02-09,692.2,2.21,,-5.8008843070556155,,0.2,89.3
1993-02-10,695,2.13,,-5.820797899696845,,0.2,89.3
1993-02-11,695.9,2.17,,-5.8147694494452224,,0.2,89.3
1993-02-12,690.5,2.15,,-5.814206292270574,,0.2,89.3
1993-02-16,665.4,2.2,,-5.821921752523553,,0.2,89.3
1993-02-17,659.4,2.22,,-5.814183323565434,,0.2,89.3
1993-02-18,662.5,2.22,,-5.813678145479419,,0.2,89.3
1993-02-19,663.6,2.16,,-5.814697157583923,,0.2,89.3
1993-02-22,652.4,2.1,,-5.80853490273068,,0.2,89.3
1993-02-23,651.4,2.02,,-5.827709951926543,,0.2,89.3
1993-02-24,662.5,2.04,,-5.842689758143261,,0.2,89.3
1993-02-25,667.1,2.08,,-5.8443387433142595,,0.2,89.3
1993-02-26,670.8,2.11,,-5.837704619483676,,0.2,89.3
1993-03-01,669.5,2.06,,-5.854598302218955,,-0.03,86.6
1993-03-02,677.7,2.07,,-5.854007436018857,,-0.03,86.6
1993-03-03,683.9,2.07,,-5.844227088579093,,-0.03,86.6
1993-03-04,680.7,2.08,,-5.851808140060872,,-0.03,86.6
1993-03-05,681.4,1.99,,-5.84634798014823,,-0.03,86.6
1993-03-08,687.2,1.88,,-5.836050443233952,,-0.03,86.6
1993-03-09,689,1.89,,-5.839236776709873,,-0.03,86.6
1993-03-10,692.9,1.92,,-5.827356180914176,,-0.03,86.6
1993-03-11,694.3,1.95,,-5.815061978918269,,-0.03,86.6
1993-03-12,692.8,2,,-5.808128791444132,,-0.03,86.6
1993-03-15,695.2,2.07,,-5.832043193654341,,-0.03,86.6
1993-03-16,695.5,2.04,,-5.8273086087261285,,-0.03,86.6
1993-03-17,687.4,2.04,,-5.833810327720837,,-0.03,86.6
1993-03-18,687.4,2.02,,-5.828553182545626,,-0.03,86.6
1993-03-19,682.7,2,,-5.828795162483165,,-0.03,86.6
1993-03-22,676.6,2.04,,-5.83179997243631,,-0.03,86.6
1993-03-23,675,2.03,,-5.829306802299903,,-0.03,86.6
1993-03-24,674.4,2.02,,-5.83770039050914,,-0.03,86.6
1993-03-25,681,2.06,,-5.831322237612457,,-0.03,86.6
1993-03-26,681.5,2.07,,-5.846941156869435,,-0.03,86.6
1993-03-29,680.8,2.11,,-5.847601401277894,,-0.03,86.6
1993-03-30,686.3,2.11,,-5.86415079109433,,-0.03,86.6
1993-03-31,690.1,2.07,,-5.865625500106615,,-0.1,85.9
1993-04-01,686.6,2.12,,-5.867235547145773,,-0.1,85.9
1993-04-02,669.9,2.17,,-5.88435271751742,,-0.1,85.9
1993-04-05,670.7,2.17,,-5.8879238681671415,,-0.1,85.9
1993-04-06,664.1,2.17,,-5.904846213259896,,-0.1,85.9
1993-04-07,668.9,2.15,,-5.9524929535447155,,-0.1,85.9
1993-04-08,666.3,2.14,,-5.93831402299566,,-0.1,85.9
1993-04-12,673.1,2.12,,-5.925670162029632,,-0.1,85.9
1993-04-13,673.8,2.1,,-5.92523029806011,,-0.1,85.9
1993-04-14,673.9,2.11,,-5.952334123332217,,-0.1,85.9
1993-04-15,670.3,2.12,,-5.958607979113264,,-0.1,85.9
1993-04-16,666.8,2.09,,-6.005078252476692,,-0.1,85.9
1993-04-19,663,2.09,,-6.003543056006959,,-0.1,85.9
1993-04-20,662,2.09,,-6.0349040559962175,,-0.1,85.9
1993-04-21,664,2.09,,-6.019744449263798,,-0.1,85.9
1993-04-22,663.5,2.09,,-6.013990692240914,,-0.1,85.9
1993-04-23,658.4,2.1,,-6.013283594502622,,-0.1,85.9
1993-04-26,645.9,2.14,,-6.031839119595835,,-0.1,85.9
1993-04-27,652.5,2.15,,-6.029379665888539,,-0.1,85.9
1993-04-28,658.2,2.14,,-6.053748275858464,,-0.1,85.9
1993-04-29,658.5,2.17,,-6.060977179516616,,-0.1,85.9
1993-04-30,661.4,2.2,,-6.046714500627307,,-0.1,85.9
1993-05-03,666.7,2.22,,-6.054484379650372,,-0.03,85.6
1993-05-04,678.2,2.21,,-6.076203863076544,,-0.03,85.6
1993-05-05,683.3,2.17,,-6.077479106164364,,-0.03,85.6
1993-05-06,680,2.13,,-6.127910753431514,,-0.03,85.6
1993-05-07,681.4,2.09,,-6.133102899090871,,-0.03,85.6
1993-05-10,682.8,2.13,,-6.123557205570173,,-0.03,85.6
1993-05-11,683.1,2.1,,-6.106731858167119,,-0.03,85.6
1993-05-12,681.7,2.1,,-6.086498369303805,,-0.03,85.6
1993-05-13,675.6,2.14,,-6.095532160019446,,-0.03,85.6
1993-05-14,676.4,2.11,,-6.136425973083053,,-0.03,85.6
1993-05-17,678,2.06,,-6.138125231174297,,-0.03,85.6
1993-05-18,680.8,2.02,,-6.147745153193065,,-0.03,85.6
1993-05-19,690.4,2.07,,-6.1379836343010306,,-0.03,85.6
1993-05-20,697.4,2.08,,-6.1178917214215955,,-0.03,85.6
1993-05-21,694.3,2.06,,-6.1300364066980535,,-0.03,85.6
1993-05-24,694.7,2.02,,-6.127518780411607,,-0.03,85.6
1993-05-25,695,1.97,,-6.130936064272191,,-0.03,85.6
1993-05-26,704.1,1.98,,-6.123740590066933,,-0.03,85.6
1993-05-27,704.6,1.92,,-6.172633124370614,,-0.03,85.6
1993-05-28,700.5,1.89,,-6.165980726261284,,-0.03,85.6
1993-06-01,704.3,1.92,,-6.135166370986205,,-0.03,80.3
1993-06-02,705.9,1.91,,-6.121457746671297,,-0.03,80.3
1993-06-03,706.2,1.88,,-6.100909237847212,,-0.03,80.3
1993-06-04,702,1.88,,-6.141396923817541,,-0.03,80.3
1993-06-07,694.6,1.8,,-6.130295328790652,,-0.03,80.3
1993-06-08,687.7,1.78,,-6.1306409314562424,,-0.03,80.3
1993-06-09,689.2,1.76,,-6.106703903770504,,-0.03,80.3
1993-06-10,688.1,1.78,,-6.112825404112249,,-0.03,80.3
1993-06-11,693.2,1.78,,-6.096673902611337,,-0.03,80.3
1993-06-14,696.4,1.82,,-6.094221919364051,,-0.03,80.3
1993-06-15,697.3,1.84,,-6.107428849313655,,-0.03,80.3
1993-06-16,696.3,1.85,,-6.102072844506968,,-0.03,80.3
1993-06-17,695.9,1.87,,-6.101552920999438,,-0.03,80.3
1993-06-18,689.6,1.85,,-6.093995363953081,,-0.03,80.3
1993-06-21,688.7,1.81,,-6.086074352452732,,-0.03,80.3
1993-06-22,686.8,1.76,,-6.091220624497844,,-0.03,80.3
1993-06-23,684.8,1.76,,-6.1055924864871045,,-0.03,80.3
1993-06-24,688.7,1.71,,-6.1042084526210685,,-0.03,80.3
1993-06-25,694.8,1.73,,-6.109512098041665,,-0.03,80.3
1993-06-28,702.8,1.74,,-6.107189080759206,,-0.03,80.3
1993-06-29,701.1,1.74,,-6.090840953833566,,-0.03,80.3
1993-06-30,704,1.76,,-6.083089542431124,,-0.03,80.3
1993-07-01,703.6,1.77,,-6.099633972864544,,0,81.5
1993-07-02,704.5,1.81,,-6.088327522255367,,0,81.5
1993-07-06,702.2,1.83,,-6.1093111818358405,,0,81.5
1993-07-07,698.8,1.8,,-6.106423519887747,,0,81.5
1993-07-08,702.7,1.8,,-6.089660585685507,,0,81.5
1993-07-09,705.8,1.78,,-6.100997234512467,,0,81.5
1993-07-12,707.7,1.78,,-6.127132576611047,,0,81.5
1993-07-13,708.5,1.76,,-6.138374919165323,,0,81.5
1993-07-14,712.5,1.74,,-6.124631016179938,,0,81.5
1993-07-15,708.7,1.75,,-6.14807233471667,,0,81.5
1993-07-16,699.7,1.73,,-6.131964863312056,,0,81.5
1993-07-19,695.8,1.72,,-6.133037506570602,,0,81.5
1993-07-20,701.9,1.72,,-6.135468006433036,,0,81.5
1993-07-21,700.1,1.66,,-6.136839130050613,,0,81.5
1993-07-22,695.5,1.68,,-6.137301639859869,,0,81.5
1993-07-23,700.2,1.68,,-6.121047700341655,,0,81.5
1993-07-26,704.5,1.7,,-6.129548935268209,,0,81.5
1993-07-27,701,1.71,,-6.109631091877407,,0,81.5
1993-07-28,705.6,1.67,,-6.109501809281561,,0,81.5
1993-07-29,707.2,1.69,,-6.128768051959399,,0,81.5
1993-07-30,704.7,1.69,,-6.143752953614555,,0,81.5
1993-08-02,707.7,1.7,,-6.1501762382628025,,-0.07,77
1993-08-03,709,1.66,,-6.157047682743974,,-0.07,77
1993-08-04,713.8,1.66,,-6.1366465569524795,,-0.07,77
1993-08-05,715.5,1.71,,-6.08703743543871,,-0.07,77
1993-08-06,718.1,1.74,,-6.094225420577937,,-0.07,77
1993-08-09,718.5,1.77,,-6.137034429476575,,-0.07,77
1993-08-10,717.1,1.76,,-6.1338052538874255,,-0.07,77
1993-08-11,718.8,1.72,,-6.114675543400411,,-0.07,77
1993-08-12,717.1,1.65,,-6.084403652890969,,-0.07,77
1993-08-13,718.3,1.71,,-6.096646155886361,,-0.07,77
1993-08-16,726.9,1.72,,-6.099662950445507,,-0.07,77
1993-08-17,731,1.7,,-6.09685470073798,,-0.07,77
1993-08-18,734.8,1.68,,-6.113295499635768,,-0.07,77
1993-08-19,730.5,1.71,,-6.097894009954714,,-0.07,77
1993-08-20,731,1.71,,-6.093759745581375,,-0.07,77
1993-08-23,730.9,1.68,,-6.076758479522633,,-0.07,77
1993-08-24,735.1,1.63,,-6.072841833919948,,-0.07,77
1993-08-25,733.7,1.65,,-6.09018933835041,,-0.07,77
1993-08-26,731.4,1.66,,-6.07935892636249,,-0.07,77
1993-08-27,734.1,1.6,,-6.074647538192972,,-0.07,77
1993-08-30,737.4,1.61,,-6.07436874291842,,-0.07,77
1993-08-31,742.8,1.58,,-6.079613842314507,,-0.07,77
1993-09-01,746.2,1.57,,-6.096646155886361,,-0.07,77.3
1993-09-02,748.7,1.58,,-6.045592436945891,,-0.07,77.3
1993-09-03,749.7,1.58,,-6.048927460329265,,-0.07,77.3
1993-09-07,739.4,1.6,,-6.01761922089693,,-0.07,77.3
1993-09-08,730.7,1.53,,-6.030685260261263,,-0.07,77.3
1993-09-09,737.7,1.45,,-6.065076364451228,,-0.07,77.3
1993-09-10,744.3,1.47,,-6.051096472253517,,-0.07,77.3
1993-09-13,740.3,1.49,,-6.03049966263638,,-0.07,77.3
1993-09-14,732.6,1.44,,-6.037174996091223,,-0.07,77.3
1993-09-15,739.6,1.46,,-6.049767780763864,,-0.07,77.3
1993-09-16,739.8,1.5,,-6.081376299585982,,-0.07,77.3
1993-09-17,740.1,1.49,,-6.106063880616441,,-0.07,77.3
1993-09-20,740.2,1.49,,-6.134240873465262,,-0.07,77.3
1993-09-21,733.6,1.5,,-6.140695840135422,,-0.07,77.3
1993-09-22,745.5,1.57,,-6.12275126987868,,-0.07,77.3
1993-09-23,752.3,1.55,,-6.140351327815699,,-0.07,77.3
1993-09-24,754.7,1.55,,-6.123963004914192,,-0.07,77.3
1993-09-27,760,1.52,,-6.118710261945743,,-0.07,77.3
1993-09-28,763.7,1.49,,-6.149073012727044,,-0.07,77.3
1993-09-29,763.2,1.49,,-6.1437374684264965,,-0.07,77.3
1993-09-30,762.8,1.51,,-6.16703215006532,,-0.07,77.3
1993-10-01,763.2,1.51,,-6.159818541470296,,-0.1,77.9
1993-10-04,764.8,1.5,,-6.1580060215487284,,-0.1,77.9
1993-10-05,762.3,1.49,,-6.1473077520219315,,-0.1,77.9
1993-10-06,764.8,1.49,,-6.167441116844613,,-0.1,77.9
1993-10-07,762.5,1.5,,-6.166947615071972,,-0.1,77.9
1993-10-08,764.3,1.5,,-6.169975944401424,,-0.1,77.9
1993-10-11,767.7,1.48,,-6.155431938478837,,-0.1,77.9
1993-10-12,772.5,1.48,,-6.196357457660994,,-0.1,77.9
1993-10-13,779,1.45,,-6.169659699958025,,-0.1,77.9
1993-10-14,785.4,1.43,,-6.186634246379786,,-0.1,77.9
1993-10-15,787.4,1.41,,-6.186869683422654,,-0.1,77.9
1993-10-18,782.9,1.38,,-6.215555516778232,,-0.1,77.9
1993-10-19,768.7,1.43,,-6.226971546441525,,-0.1,77.9
1993-10-20,768.3,1.41,,-6.23637895354342,,-0.1,77.9
1993-10-21,771.3,1.4,,-6.235068130602819,,-0.1,77.9
1993-10-22,772.7,1.46,,-6.232406272202331,,-0.1,77.9
1993-10-25,769.8,1.51,,-6.2281952639685,,-0.1,77.9
1993-10-26,765.5,1.52,,-6.234518752076908,,-0.1,77.9
1993-10-27,771.9,1.5,,-6.235598374314027,,-0.1,77.9
1993-10-28,773.5,1.45,,-6.2287541449790975,,-0.1,77.9
1993-10-29,779.3,1.44,,-6.225079398289487,,-0.1,77.9
1993-11-01,783.8,1.45,,-6.208001963745074,,0,82.7
1993-11-02,785.7,1.47,,-6.199188539314027,,0,82.7
1993-11-03,773,1.54,,-6.2152876771095755,,0,82.7
1993-11-04,757.3,1.54,,-6.215010972260985,,0,82.7
1993-11-05,763,1.55,,-6.224717256075069,,0,82.7
1993-11-08,766.2,1.57,,-6.214608098422191,,0,82.7
1993-11-09,769.8,1.52,,-6.222204589940348,,0,82.7
1993-11-10,776.5,1.55,,-6.222989708056904,,0,82.7
1993-11-11,779,1.55,,-6.218334480163006,,0,82.7
1993-11-12,779.3,1.55,,-6.2142066800719835,,0,82.7
1993-11-15,772.5,1.58,,-6.228545606265973,,0,82.7
1993-11-16,771.7,1.56,,-6.235786471409089,,0,82.7
1993-11-17,762.4,1.56,,-6.24543360928126,,0,82.7
1993-11-18,754.3,1.57,,-6.242058691793481,,0,82.7
1993-11-19,751.6,1.62,,-6.232746765903362,,0,82.7
1993-11-22,738.1,1.63,,-6.231930317026548,,0,82.7
1993-11-23,746.8,1.63,,-6.234145719754187,,0,82.7
1993-11-24,753.2,1.66,,-6.231181586574059,,0,82.7
1993-11-26,754.9,1.62,,-6.231181586574059,,0,82.7
1993-11-29,751.5,1.59,,-6.211249008935158,,0,82.7
1993-11-30,754.4,1.61,,-6.206307073382805,,-0.1,81.2
1993-12-01,763.8,1.62,,-6.198409680107451,,-0.1,81.2
1993-12-02,766.7,1.59,,-6.1944453280043765,,-0.1,81.2
1993-12-03,772.2,1.56,,-6.203053348016768,,-0.1,81.2
1993-12-06,771.1,1.53,,-6.189902574192623,,-0.1,81.2
1993-12-07,769.4,1.54,,-6.192574745060397,,-0.1,81.2
1993-12-08,767.9,1.53,,-6.2086626240131,,-0.1,81.2
1993-12-09,761.5,1.5,,-6.209806947306374,,-0.1,81.2
1993-12-10,760.7,1.52,,-6.173630231405323,,-0.1,81.2
1993-12-13,759.7,1.55,,-6.178222073418849,,-0.1,81.2
1993-12-14,751.5,1.57,,-6.1925928299487065,,-0.1,81.2
1993-12-15,753,1.61,,-6.196773230786158,,-0.1,81.2
1993-12-16,755.5,1.61,,-6.190387666528403,,-0.1,81.2
1993-12-17,759.2,1.61,,-6.181478250964872,,-0.1,81.2
1993-12-20,760.2,1.61,,-6.175220089602954,,-0.1,81.2
1993-12-21,755.6,1.59,,-6.162801193340249,,-0.1,81.2
1993-12-22,756.1,1.55,,-6.16289521232349,,-0.1,81.2
1993-12-23,758.7,1.54,,-6.163605543969819,,-0.1,81.2
1993-12-27,761.1,1.52,,-6.16289726078876,,-0.1,81.2
1993-12-28,764.6,1.52,,-6.158916511312516,,-0.1,81.2
1993-12-29,768.5,1.54,,-6.158286629357282,,-0.1,81.2
1993-12-30,771.1,1.57,,-6.15372834202088,,-0.1,81.2
1993-12-31,776.8,1.58,,-6.15372834202088,,-0.1,88.2
1994-01-03,770.8,1.62,,-6.198149406646768,,-0.1,88.2
1994-01-04,774.3,1.59,,-6.204159208744415,,-0.1,88.2
1994-01-05,778.1,1.59,,-6.193411241212064,,-0.1,88.2
1994-01-06,780.4,1.6,,-6.1914234278396805,,-0.1,88.2
1994-01-07,782.9,1.61,,-6.199739841955353,,-0.1,88.2
1994-01-10,786.7,1.59,,-6.163314804034641,,-0.1,88.2
1994-01-11,785.5,1.59,,-6.171062776678637,,-0.1,88.2
1994-01-12,786.9,1.55,,-6.164575614029512,,-0.1,88.2
1994-01-13,787.8,1.58,,-6.1546161877942165,,-0.1,88.2
1994-01-14,792.3,1.61,,-6.1348217681375745,,-0.1,88.2
1994-01-17,792.2,1.61,,-6.134290843260021,,-0.1,88.2
1994-01-18,793,1.6,,-6.1180514673796935,,-0.1,88.2
1994-01-19,789.3,1.64,,-6.115762263785559,,-0.1,88.2
1994-01-20,793,1.64,,-6.104617944865623,,-0.1,88.2
1994-01-21,794.3,1.64,,-6.099535920969147,,-0.1,88.2
1994-01-24,790.7,1.65,,-6.088296597532191,,-0.1,88.2
1994-01-25,786.4,1.67,,-6.08939871162439,,-0.1,88.2
1994-01-26,788.8,1.64,,-6.093191526455657,,-0.1,88.2
1994-01-27,792.9,1.62,,-6.074869197256237,,-0.1,88.2
1994-01-28,796.5,1.6,,-6.091853565466784,,-0.1,88.2
1994-01-31,800.5,1.58,,-6.09116390733107,,0,94.3
1994-02-01,797.2,1.57,,-6.0659112692773975,,0,94.3
1994-02-02,799.6,1.57,,-6.059164593592628,,0,94.3
1994-02-03,797.8,1.53,,-6.070308624501025,,0,94.3
1994-02-04,777.3,1.52,,-6.0783120529935735,,0,94.3
1994-02-07,779.2,1.55,,-6.05518036149409,,0,94.3
1994-02-08,782.7,1.57,,-6.0895904551257525,,0,94.3
1994-02-09,786.5,1.49,,-6.096047558515159,,0,94.3
1994-02-10,783.4,1.46,,-6.105345900093302,,0,94.3
1994-02-11,781.4,1.44,,-6.11720422510246,,0,94.3
1994-02-14,785.5,1.46,,-6.117319492234166,,0,94.3
1994-02-15,790.1,1.44,,-6.102461323080006,,0,94.3
1994-02-16,792.6,1.45,,-6.0978926220518135,,0,94.3
1994-02-17,790.2,1.5,,-6.078688848616674,,0,94.3
1994-02-18,788.9,1.52,,-6.095195829308715,,0,94.3
1994-02-22,791.2,1.48,,-6.085404358279576,,0,94.3
1994-02-23,789.1,1.46,,-6.088676772183788,,0,94.3
1994-02-24,779.4,1.5,,-6.075975201432469,,0,94.3
1994-02-25,783.8,1.49,,-6.092795977872361,,0,94.3
1994-02-28,792.5,1.48,,-6.090021823093067,,0,93.2
1994-03-01,788.6,1.47,,-6.090577414498796,,0,93.2
1994-03-02,783.5,1.51,,-6.07366494293011,,0,93.2
1994-03-03,784.6,1.52,,-6.068647658895214,,0,93.2
1994-03-04,790.6,1.5,,-6.046853296256593,,0,93.2
1994-03-07,795.1,1.45,,-6.0541475342472975,,0,93.2
1994-03-08,792.1,1.46,,-6.053446987350977,,0,93.2
1994-03-09,793.1,1.42,,-6.0631671413775,,0,93.2
1994-03-10,789.1,1.52,,-6.078616442611157,,0,93.2
1994-03-11,789.2,1.51,,-6.052056794416102,,0,93.2
1994-03-14,792.8,1.51,,-6.05435154020708,,0,93.2
1994-03-15,793.5,1.48,,-6.042812158325615,,0,93.2
1994-03-16,799,1.44,,-6.025759651676885,,0,93.2
1994-03-17,803.9,1.46,,-6.033592877542293,,0,93.2
1994-03-18,803.9,1.46,,-6.041183935442154,,0,93.2
1994-03-21,797.3,1.46,,-6.054227098539236,,0,93.2
1994-03-22,796.3,1.41,,-6.060237493368624,,0,93.2
1994-03-23,797.5,1.44,,-6.054867935777554,,0,93.2
1994-03-24,786.7,1.5,,-6.078591915885523,,0,93.2
1994-03-25,783.5,1.51,,-6.0602383365478305,,0,93.2
1994-03-28,772.5,1.51,,-6.059427287162092,,0,93.2
1994-03-29,755.3,1.52,,-6.068446313847486,,0,93.2
1994-03-30,744.9,1.59,,-6.108154510802131,,0,93.2
1994-03-31,743.5,1.56,,-6.119251808044704,,0.03,91.5
1994-04-04,727.4,1.56,,-6.092916523205198,,0.03,91.5
1994-04-05,751,1.59,,-6.096911265946759,,0.03,91.5
1994-04-06,750.7,1.52,,-6.113000417967959,,0.03,91.5
1994-04-07,755.2,1.53,,-6.097659967591977,,0.03,91.5
1994-04-08,748.7,1.49,,-6.1004846400919375,,0.03,91.5
1994-04-11,748.1,1.51,,-6.075155209601606,,0.03,91.5
1994-04-12,739.2,1.49,,-6.076470480079261,,0.03,91.5
1994-04-13,727.4,1.47,,-6.077710666742493,,0.03,91.5
1994-04-14,727.3,1.5,,-6.081948108235191,,0.03,91.5
1994-04-15,728,1.48,,-6.076130471522975,,0.03,91.5
1994-04-18,720.5,1.46,,-6.074903592651396,,0.03,91.5
1994-04-19,712.9,1.44,,-6.055645861597712,,0.03,91.5
1994-04-20,705.5,1.4,,-6.064976075284045,,0.03,91.5
1994-04-21,718.7,1.38,,-6.046036002472199,,0.03,91.5
1994-04-22,722.6,1.32,,-6.03065301138594,,0.03,91.5
1994-04-25,730.8,1.31,,-6.041509165420808,,0.03,91.5
1994-04-26,734.2,1.25,,-6.045946337528406,,0.03,91.5
1994-04-28,731.7,1.27,,-6.021639250230195,,0.03,91.5
1994-04-29,733.8,1.29,,-6.0231961687740245,,0.03,91.5
1994-05-02,740.7,1.33,,-6.005338835834282,,-0.07,92.6
1994-05-03,739.4,1.28,,-6.001064620837001,,-0.07,92.6
1994-05-04,740.3,1.27,,-6.012061771188123,,-0.07,92.6
1994-05-05,740.6,1.25,,-6.002466939056364,,-0.07,92.6
1994-05-06,732.9,1.23,,-5.998511424762033,,-0.07,92.6
1994-05-09,723,1.23,,-5.971010759621338,,-0.07,92.6
1994-05-10,725,1.23,,-5.980466792898441,,-0.07,92.6
1994-05-11,717,1.2,,-5.967454099749176,,-0.07,92.6
1994-05-12,719.6,1.2,,-5.961457122333984,,-0.07,92.6
1994-05-13,716.9,1.23,,-5.92627093259618,,-0.07,92.6
1994-05-16,711.9,1.24,,-5.930058369956727,,-0.07,92.6
1994-05-17,711.5,1.21,,-5.9057192417550235,,-0.07,92.6
1994-05-18,721.9,1.15,,-5.896510937105973,,-0.07,92.6
1994-05-19,727.3,1.2,,-5.902316463756529,,-0.07,92.6
1994-05-20,726.7,1.23,,-5.932409580975419,,-0.07,92.6
1994-05-23,725,1.22,,-5.904324940330397,,-0.07,92.6
1994-05-24,731.5,1.25,,-5.905184998214468,,-0.07,92.6
1994-05-25,732.1,1.23,,-5.925440573441638,,-0.07,92.6
1994-05-26,731.6,1.19,,-5.930579474710572,,-0.07,92.6
1994-05-27,733.1,1.17,,-5.922419688409873,,-0.07,92.6
1994-05-31,735.2,1.15,,-5.929332766000976,,-0.07,92.6
1994-06-01,735.5,1.16,,-5.946663938819068,,-0.17,92.8
1994-06-02,739.5,1.14,,-5.939086009338552,,-0.17,92.8
1994-06-03,742.4,1.14,,-5.918027841061883,,-0.17,92.8
1994-06-06,743.4,1.14,,-5.928461547450876,,-0.17,92.8
1994-06-07,739.3,1.13,,-5.883551880269308,,-0.17,92.8
1994-06-08,729.8,1.15,,-5.86886222501565,,-0.17,92.8
1994-06-09,728.9,1.18,,-5.863724613651331,,-0.17,92.8
1994-06-10,734.3,1.18,,-5.866392891277227,,-0.17,92.8
1994-06-13,731.7,1.18,,-5.845049698777271,,-0.17,92.8
1994-06-14,736,1.16,,-5.862017571325684,,-0.17,92.8
1994-06-15,735.8,1.19,,-5.865545603347081,,-0.17,92.8
1994-06-16,735,1.22,,-5.852656776499994,,-0.17,92.8
1994-06-17,729.4,1.24,,-5.848075877650732,,-0.17,92.8
1994-06-20,718.8,1.26,,-5.8537846978207835,,-0.17,92.8
1994-06-21,708.8,1.24,,-5.871077452690803,,-0.17,92.8
1994-06-22,712.7,1.18,,-5.845744075180985,,-0.17,92.8
1994-06-23,700.8,1.16,,-5.847325502694971,,-0.17,92.8
1994-06-24,693.8,1.16,,-5.862461079058828,,-0.17,92.8
1994-06-27,702.7,1.16,,-5.858386155623709,,-0.17,92.8
1994-06-28,702,1.13,,-5.903894762853139,,-0.17,92.8
1994-06-29,704,1.13,,-5.888021478206624,,-0.17,92.8
1994-06-30,706,1.12,,-5.879926405626199,,-0.17,92.8
1994-07-01,706.8,1.15,,-5.855552583952747,,-0.17,91.2
1994-07-05,703.6,1.15,,-5.840383226050084,,-0.17,91.2
1994-07-06,701,1.17,,-5.844695625439394,,-0.17,91.2
1994-07-07,706.5,1.21,,-5.857933154483459,,-0.17,91.2
1994-07-08,707.5,1.19,,-5.861379751945058,,-0.17,91.2
1994-07-11,706.8,1.17,,-5.863682710035997,,-0.17,91.2
1994-07-12,709.6,1.18,,-5.855864366572092,,-0.17,91.2
1994-07-13,719.3,1.19,,-5.847183844219497,,-0.17,91.2
1994-07-14,721.6,1.19,,-5.831680884701441,,-0.17,91.2
1994-07-15,721.4,1.2,,-5.83909006668198,,-0.17,91.2
1994-07-18,722.6,1.21,,-5.839016877577181,,-0.17,91.2
1994-07-19,719.3,1.21,,-5.808540399153883,,-0.17,91.2
1994-07-20,712.8,1.21,,-5.813735122457788,,-0.17,91.2
1994-07-21,715,1.19,,-5.810792367831053,,-0.17,91.2
1994-07-22,716.7,1.16,,-5.818712441330178,,-0.17,91.2
1994-07-25,716.9,1.14,,-5.8123524305499545,,-0.17,91.2
1994-07-26,715.7,1.14,,-5.851174849868317,,-0.17,91.2
1994-07-27,712.1,1.12,,-5.854521390254769,,-0.17,91.2
1994-07-28,712.4,1.12,,-5.871185197889297,,-0.17,91.2
1994-07-29,722.2,1.08,,-5.856136208806758,,-0.17,91.2
1994-08-01,724.8,1.13,,-5.872483804062293,,-0.1,89
1994-08-02,724.8,1.1,,-5.855010789835877,,-0.1,89
1994-08-03,723.7,1.13,,-5.883913792777335,,-0.1,89
1994-08-04,720.2,1.13,,-5.87690605561993,,-0.1,89
1994-08-05,718.7,1.14,,-5.881518062706183,,-0.1,89
1994-08-08,720.5,1.1,,-5.863704419190624,,-0.1,89
1994-08-09,722.6,1.06,,-5.878042617360611,,-0.1,89
1994-08-10,728.2,1.07,,-5.861271181603615,,-0.1,89
1994-08-11,728.2,1.09,,-5.856696939745199,,-0.1,89
1994-08-12,731.6,1.1,,-5.86299179943972,,-0.1,89
1994-08-15,732.9,1.05,,-5.863965959665502,,-0.1,89
1994-08-16,735.5,1.04,,-5.870812817347121,,-0.1,89
1994-08-17,742.7,0.98,,-5.856364936702578,,-0.1,89
1994-08-18,742.2,1.01,,-5.866652059349171,,-0.1,89
1994-08-19,742.4,1.05,,-5.8775083586890124,,-0.1,89
1994-08-22,742.3,1.04,,-5.892798226293635,,-0.1,89
1994-08-23,748,1.04,,-5.884346198301829,,-0.1,89
1994-08-24,751.7,1.02,,-5.871339656889956,,-0.1,89
1994-08-25,754.8,1.04,,-5.872794390387252,,-0.1,89
1994-08-26,762.9,1.05,,-5.849463964890366,,-0.1,89
1994-08-29,763.2,1.03,,-5.8485338727861915,,-0.1,89
1994-08-30,766.5,1.04,,-5.842003894930868,,-0.1,89
1994-08-31,765.6,1.02,,-5.821933413190376,,-0.1,89
1994-09-01,759,1.02,,-5.8366934179825485,,0.03,91.7
1994-09-02,759.2,1.04,,-5.834325417955773,,0.03,91.7
1994-09-06,759.5,1.04,,-5.834186250809683,,0.03,91.7
1994-09-07,764.3,1.05,,-5.8397799597759175,,0.03,91.7
1994-09-08,769.3,1.07,,-5.841594975295967,,0.03,91.7
1994-09-09,763.7,1.08,,-5.842452290021449,,0.03,91.7
1994-09-12,760,1.09,,-5.822911693295828,,0.03,91.7
1994-09-13,765.8,1.09,,-5.834818341654257,,0.03,91.7
1994-09-14,768.6,1.09,,-5.826860747413611,,0.03,91.7
1994-09-15,778.7,1.08,,-5.832985407308211,,0.03,91.7
1994-09-16,777.9,1.07,,-5.816196943839801,,0.03,91.7
1994-09-19,776.7,1.1,,-5.814918443772194,,0.03,91.7
1994-09-20,766.7,1.1,,-5.825728241016197,,0.03,91.7
1994-09-21,760.7,1.09,,-5.8289456176102075,,0.03,91.7
1994-09-22,760.4,1.04,,-5.827693269293741,,0.03,91.7
1994-09-23,757.5,1.06,,-5.818613789847739,,0.03,91.7
1994-09-26,755.6,1.05,,-5.820434927942299,,0.03,91.7
1994-09-27,755.4,1.03,,-5.826482286390336,,0.03,91.7
1994-09-28,760,1.09,,-5.819839180217658,,0.03,91.7
1994-09-29,759.3,1.06,,-5.838496981158983,,0.03,91.7
1994-09-30,764.3,1.04,,-5.867219093417769,,0.03,91.7
1994-10-03,760.9,1,,-5.851549754623893,,0,91.5
1994-10-04,747.3,0.97,,-5.837855549759707,,0,91.5
1994-10-05,746.3,1.02,,-5.831834401516098,,0,91.5
1994-10-06,744.2,1.04,,-5.827706193657136,,0,91.5
1994-10-07,750,1.07,,-5.839129342889203,,0,91.5
1994-10-10,756.8,1.05,,-5.836370162807943,,0,91.5
1994-10-11,765.6,1.05,,-5.832565693708312,,0,91.5
1994-10-12,767,1.02,,-5.829662720545204,,0,91.5
1994-10-13,767.9,1.02,,-5.834157322174941,,0,91.5
1994-10-14,767.1,1.01,,-5.833365627889874,,0,91.5
1994-10-17,765.8,1.04,,-5.842684037455317,,0,91.5
1994-10-18,764.8,1.01,,-5.833196910923819,,0,91.5
1994-10-19,770.6,1.03,,-5.801440552639973,,0,91.5
1994-10-20,768.2,1.02,,-5.812453829961329,,0,91.5
1994-10-21,765.4,1.03,,-5.816724269438215,,0,91.5
1994-10-24,761.2,1.01,,-5.805063433406742,,0,91.5
1994-10-25,758.3,1.02,,-5.793166994380303,,0,91.5
1994-10-26,763.2,1.01,,-5.769856701240201,,0,91.5
1994-10-27,767.5,0.98,,-5.756803771201737,,0,91.5
1994-10-28,776.2,0.99,,-5.752141808055081,,0,91.5
1994-10-31,777.5,0.97,,-5.74922672277568,,-0.1,92.7
1994-11-01,772.2,0.98,,-5.727127797168175,,-0.1,92.7
1994-11-02,771.8,1,,-5.72105134963503,,-0.1,92.7
1994-11-03,772.1,0.98,,-5.738994583685787,,-0.1,92.7
1994-11-04,766.1,0.99,,-5.715811908419248,,-0.1,92.7
1994-11-07,762.3,0.99,,-5.733303448236791,,-0.1,92.7
1994-11-08,767.5,0.99,,-5.738419116144546,,-0.1,92.7
1994-11-09,767.3,0.93,,-5.7473716232169245,,-0.1,92.7
1994-11-10,764.4,0.92,,-5.745722611556299,,-0.1,92.7
1994-11-11,762.1,0.92,,-5.736326022388672,,-0.1,92.7
1994-11-14,768.1,0.88,,-5.711076073021722,,-0.1,92.7
1994-11-15,769,0.82,,-5.704428010796364,,-0.1,92.7
1994-11-16,769.6,0.82,,-5.662629614505731,,-0.1,92.7
1994-11-17,765.8,0.82,,-5.658812577358749,,-0.1,92.7
1994-11-18,764.7,0.78,,-5.655178097760875,,-0.1,92.7
1994-11-21,757.7,0.73,,-5.639545419705777,,-0.1,92.7
1994-11-22,741.2,0.71,,-5.670858217256435,,-0.1,92.7
1994-11-23,736.7,0.63,,-5.68741085536683,,-0.1,92.7
1994-11-25,742.5,0.61,,-5.68741085536683,,-0.1,92.7
1994-11-28,745.7,0.53,,-5.6762211679613515,,-0.1,92.7
1994-11-29,751.5,0.51,,-5.678464666671911,,-0.1,92.7
1994-11-30,750.3,0.51,,-5.672419904195381,,-0.17,91.6
1994-12-01,740.6,0.5,,-5.653909230699841,,-0.17,91.6
1994-12-02,745,0.37,,-5.644866591119606,,-0.17,91.6
1994-12-05,745.7,0.25,,-5.6614207690021106,,-0.17,91.6
1994-12-06,741.2,0.29,,-5.665104692378832,,-0.17,91.6
1994-12-07,734.3,0.33,,-5.676084195281459,,-0.17,91.6
1994-12-08,719.1,0.28,,-5.649701392123303,,-0.17,91.6
1994-12-09,719,0.26,,-5.656234009139338,,-0.17,91.6
1994-12-12,719.1,0.23,,-5.6554056034986075,,-0.17,91.6
1994-12-13,719.5,0.12,,-5.662192959872007,,-0.17,91.6
1994-12-14,725.7,0.21,,-5.649577303323629,,-0.17,91.6
1994-12-15,730.7,0.25,,-5.6386643592999794,,-0.17,91.6
1994-12-16,729.1,0.22,,-5.636680657995549,,-0.17,91.6
1994-12-19,727.9,0.22,,-5.651965345788364,,-0.17,91.6
1994-12-20,728.5,0.25,,-5.663731209137885,,-0.17,91.6
1994-12-21,737.1,0.22,,-5.6481668518351,,-0.17,91.6
1994-12-22,739.3,0.14,,-5.645819126744749,,-0.17,91.6
1994-12-23,742.2,0.11,,-5.649811627648565,,-0.17,91.6
1994-12-27,746.2,0.09,,-5.645385589843497,,-0.17,91.6
1994-12-28,742.5,0.09,,-5.6326636528209475,,-0.17,91.6
1994-12-29,749.5,0.13,,-5.628457182963787,,-0.17,91.6
1994-12-30,752,0.15,,-5.625261776328426,,-0.17,91.6
1995-01-03,743.6,0.15,,-5.652108575364752,,-0.13,95.1
1995-01-04,745.8,0.2,,-5.644804950790904,,-0.13,95.1
1995-01-05,745.7,0.22,,-5.6325616037329365,,-0.13,95.1
1995-01-06,749.7,0.23,,-5.609743191493755,,-0.13,95.1
1995-01-09,752.1,0.21,,-5.5945924027226495,,-0.13,95.1
1995-01-10,756.5,0.21,,-5.595732962290173,,-0.13,95.1
1995-01-11,755.7,0.21,,-5.613859887459113,,-0.13,95.1
1995-01-12,756.5,0.24,,-5.621765193997206,,-0.13,95.1
1995-01-13,762.2,0.3,,-5.616606334019649,,-0.13,95.1
1995-01-16,768.2,0.3,,-5.630779678522134,,-0.13,95.1
1995-01-17,772.1,0.26,,-5.613524927097332,,-0.13,95.1
1995-01-18,772.4,0.23,,-5.613379052665972,,-0.13,95.1
1995-01-19,768.5,0.25,,-5.594026004514584,,-0.13,95.1
1995-01-20,762,0.32,,-5.607859188505885,,-0.13,95.1
1995-01-23,759.5,0.33,,-5.6048795763465185,,-0.13,95.1
1995-01-24,763.2,0.29,,-5.596354950583104,,-0.13,95.1
1995-01-25,761,0.3,,-5.617920353239715,,-0.13,95.1
1995-01-26,757.6,0.37,,-5.608519929777813,,-0.13,95.1
1995-01-27,758.9,0.37,,-5.60818281735673,,-0.13,95.1
1995-01-30,751.8,0.42,,-5.619410317989762,,-0.13,95.1
1995-01-31,755.2,0.34,,-5.624412077004016,,0,97.6
1995-02-01,758.3,0.33,,-5.657598593478254,,0,97.6
1995-02-02,763.6,0.28,,-5.6473717244024835,,0,97.6
1995-02-03,772.1,0.35,,-5.665074645828281,,0,97.6
1995-02-06,778.8,0.35,,-5.659572095558668,,0,97.6
1995-02-07,779,0.33,,-5.67491610676081,,0,97.6
1995-02-08,783.8,0.35,,-5.672554332108615,,0,97.6
1995-02-09,785.4,0.35,,-5.662791539813713,,0,97.6
1995-02-10,790.4,0.29,,-5.640301595076766,,0,97.6
1995-02-13,789.4,0.29,,-5.651332136221487,,0,97.6
1995-02-14,790.6,0.3,,-5.641790798628233,,0,97.6
1995-02-15,795.6,0.33,,-5.647923548912781,,0,97.6
1995-02-16,793.3,0.38,,-5.639343007552687,,0,97.6
1995-02-17,787,0.36,,-5.653941890222117,,0,97.6
1995-02-21,784.6,0.35,,-5.6535670073686175,,0,97.6
1995-02-22,787.9,0.42,,-5.670654485536713,,0,97.6
1995-02-23,791.3,0.42,,-5.662519632441682,,0,97.6
1995-02-24,791.1,0.44,,-5.6521256820904,,0,97.6
1995-02-27,784.5,0.45,,-5.664485451838264,,0,97.6
1995-02-28,793.7,0.43,,-5.684539783915176,,-0.07,95.1
1995-03-01,791.9,0.42,,-5.66009377965387,,-0.07,95.1
1995-03-02,793.7,0.42,,-5.65991749566536,,-0.07,95.1
1995-03-03,798.8,0.47,,-5.6510674809334525,,-0.07,95.1
1995-03-06,797.8,0.45,,-5.6638235563191515,,-0.07,95.1
1995-03-07,791.3,0.44,,-5.669854976249158,,-0.07,95.1
1995-03-08,795.8,0.43,,-5.648375834935068,,-0.07,95.1
1995-03-09,796.2,0.47,,-5.655291219471209,,-0.07,95.1
1995-03-10,802.2,0.4,,-5.657120090000567,,-0.07,95.1
1995-03-13,802.3,0.43,,-5.656732826044572,,-0.07,95.1
1995-03-14,808.2,0.4,,-5.659027186123136,,-0.07,95.1
1995-03-15,807.4,0.38,,-5.667018288693386,,-0.07,95.1
1995-03-16,809.3,0.37,,-5.658778366009608,,-0.07,95.1
1995-03-17,808.3,0.43,,-5.656629702933573,,-0.07,95.1
1995-03-20,810.5,0.43,,-5.649605467331389,,-0.07,95.1
1995-03-21,809.8,0.45,,-5.651862417477841,,-0.07,95.1
1995-03-22,809.1,0.46,,-5.62508456812469,,-0.07,95.1
1995-03-23,811.4,0.46,,-5.629339998401685,,-0.07,95.1
1995-03-24,818.7,0.45,,-5.61866732865945,,-0.07,95.1
1995-03-27,822.6,0.43,,-5.618702074063915,,-0.07,95.1
1995-03-28,826.1,0.43,,-5.627923873505239,,-0.07,95.1
1995-03-29,819.2,0.43,,-5.6307757316974145,,-0.07,95.1
1995-03-30,816.9,0.42,,-5.6364894516224435,,-0.07,95.1
1995-03-31,817.2,0.4,,-5.664493483141769,,0.03,90.3
1995-04-03,818,0.4,,-5.653654711097126,,0.03,90.3
1995-04-04,813.7,0.39,,-5.662505003015796,,0.03,90.3
1995-04-05,816.3,0.41,,-5.667806037769469,,0.03,90.3
1995-04-06,813.8,0.42,,-5.67115537914328,,0.03,90.3
1995-04-07,814.7,0.43,,-5.662930154591221,,0.03,90.3
1995-04-10,821.3,0.46,,-5.661270619910738,,0.03,90.3
1995-04-11,824.8,0.46,,-5.665222578737584,,0.03,90.3
1995-04-12,828.5,0.44,,-5.671830874849599,,0.03,90.3
1995-04-13,832.6,0.45,,-5.668480273359544,,0.03,90.3
1995-04-17,830.8,0.52,,-5.676663011938398,,0.03,90.3
1995-04-18,825.7,0.56,,-5.688069468991645,,0.03,90.3
1995-04-19,816.5,0.6,,-5.727205134039008,,0.03,90.3
1995-04-20,819,0.55,,-5.7157617182013105,,0.03,90.3
1995-04-21,823.4,0.59,,-5.698069261629737,,0.03,90.3
1995-04-24,828.9,0.57,,-5.725252734365027,,0.03,90.3
1995-04-25,831.3,0.55,,-5.7401217962327244,,0.03,90.3
1995-04-26,836.9,0.53,,-5.72632855249539,,0.03,90.3
1995-04-27,841,0.51,,-5.739153209164211,,0.03,90.3
1995-04-28,844,0.49,,-5.7224891776003854,,0.03,90.3
1995-05-01,841.6,0.47,,-5.740891514395553,,0.07,92.5
1995-05-02,841.8,0.47,,-5.7477455980773176,,0.07,92.5
1995-05-03,850.3,0.49,,-5.743391612751247,,0.07,92.5
1995-05-04,846.8,0.49,,-5.771277014459176,,0.07,92.5
1995-05-05,843.5,0.5,,-5.768524890177188,,0.07,92.5
1995-05-08,849.3,0.53,,-5.760624925596592,,0.07,92.5
1995-05-09,848.2,0.52,,-5.7383028632074025,,0.07,92.5
1995-05-10,847.6,0.53,,-5.734818309957052,,0.07,92.5
1995-05-11,853.8,0.55,,-5.725345234885409,,0.07,92.5
1995-05-12,858.9,0.48,,-5.728680026277928,,0.07,92.5
1995-05-15,863.1,0.47,,-5.735263507016293,,0.07,92.5
1995-05-16,868.3,0.46,,-5.731397641689174,,0.07,92.5
1995-05-17,871.9,0.46,,-5.731626194614358,,0.07,92.5
1995-05-18,864.1,0.42,,-5.7284197790415865,,0.07,92.5
1995-05-19,864.6,0.43,,-5.72435282022183,,0.07,92.5
1995-05-22,871.2,0.42,,-5.730387180590153,,0.07,92.5
1995-05-23,879.6,0.44,,-5.698973835849793,,0.07,92.5
1995-05-24,878,0.42,,-5.68281842479262,,0.07,92.5
1995-05-25,877.3,0.43,,-5.69398353085511,,0.07,92.5
1995-05-26,871.9,0.4,,-5.686600361992668,,0.07,92.5
1995-05-30,858.7,0.43,,-5.694544533671265,,0.07,92.5
1995-05-31,864.6,0.41,,-5.689946742803551,,0.07,92.5
1995-06-01,868.8,0.41,,-5.672846944885409,,0.17,89.8
1995-06-02,873,0.49,,-5.666875109051512,,0.17,89.8
1995-06-05,882.8,0.56,,-5.6671891659830065,,0.17,89.8
1995-06-06,879.4,0.54,,-5.682858006210272,,0.17,89.8
1995-06-07,881.6,0.51,,-5.674435567190997,,0.17,89.8
1995-06-08,886.1,0.46,,-5.687232128712523,,0.17,89.8
1995-06-09,884.4,0.4,,-5.671083384333242,,0.17,89.8
1995-06-12,888,0.39,,-5.6717535106479104,,0.17,89.8
1995-06-13,894.2,0.41,,-5.680556606720368,,0.17,89.8
1995-06-14,895.7,0.51,,-5.668691154844931,,0.17,89.8
1995-06-15,902.7,0.48,,-5.647153099776439,,0.17,89.8
1995-06-16,908.7,0.45,,-5.637645727924086,,0.17,89.8
1995-06-19,922.1,0.44,,-5.6439639794452905,,0.17,89.8
1995-06-20,929.8,0.48,,-5.636927117342561,,0.17,89.8
1995-06-21,929.2,0.44,,-5.630366279486613,,0.17,89.8
1995-06-22,940.1,0.45,,-5.594284065963075,,0.17,89.8
1995-06-23,938.9,0.43,,-5.61874959019057,,0.17,89.8
1995-06-26,927,0.42,,-5.629291727378188,,0.17,89.8
1995-06-27,919.6,0.4,,-5.652802528589845,,0.17,89.8
1995-06-28,920.5,0.45,,-5.636643171818573,,0.17,89.8
1995-06-29,926.8,0.43,,-5.648702061542578,,0.17,89.8
1995-06-30,933.5,0.39,,-5.642182004994578,,0.17,89.8
1995-07-03,934.5,0.42,,-5.642182004994578,,0.2,92.7
1995-07-05,941.8,0.42,,-5.6451756467922936,,0.2,92.7
1995-07-06,952.9,0.41,,-5.647381530039705,,0.2,92.7
1995-07-07,969.8,0.49,,-5.644299379412892,,0.2,92.7
1995-07-10,976.6,0.5,,-5.640756672372682,,0.2,92.7
1995-07-11,970.2,0.48,,-5.627626285671946,,0.2,92.7
1995-07-12,988.6,0.5,,-5.6262663168245615,,0.2,92.7
1995-07-13,994.2,0.51,,-5.632788524998233,,0.2,92.7
1995-07-14,999.3,0.48,,-5.624371778379907,,0.2,92.7
1995-07-17,1005.9,0.45,,-5.638386729350099,,0.2,92.7
1995-07-18,990.8,0.45,,-5.6399812157449,,0.2,92.7
1995-07-19,952.8,0.48,,-5.663784712616154,,0.2,92.7
1995-07-20,960.6,0.54,,-5.6646912029632,,0.2,92.7
1995-07-21,961.8,0.52,,-5.682034144013087,,0.2,92.7
1995-07-24,978.6,0.58,,-5.681567849922427,,0.2,92.7
1995-07-25,993.8,0.49,,-5.674565623247471,,0.2,92.7
1995-07-26,1000.2,0.49,,-5.671952925793814,,0.2,92.7
1995-07-27,1010.7,0.51,,-5.662626506683731,,0.2,92.7
1995-07-28,1005.3,0.52,,-5.668328057889628,,0.2,92.7
1995-07-31,1001.2,0.57,,-5.659711387228519,,0.2,92.7
1995-08-01,991.1,0.57,,-5.665442343733474,,0.17,94.4
1995-08-02,983.8,0.56,,-5.628995160886877,,0.17,94.4
1995-08-03,982.7,0.58,,-5.636174112274341,,0.17,94.4
1995-08-04,991.1,0.59,,-5.6346868599245274,,0.17,94.4
1995-08-07,995.2,0.59,,-5.648486677366831,,0.17,94.4
1995-08-08,997.1,0.58,,-5.658952130869609,,0.17,94.4
1995-08-09,1005.1,0.57,,-5.653200424687973,,0.17,94.4
1995-08-10,1000.6,0.54,,-5.655725179702421,,0.17,94.4
1995-08-11,1004.1,0.56,,-5.650635005117813,,0.17,94.4
1995-08-14,1012.4,0.54,,-5.654735867351628,,0.17,94.4
1995-08-15,1012.4,0.54,,-5.639507802598488,,0.17,94.4
1995-08-16,1025.8,0.46,,-5.6118528178261515,,0.17,94.4
1995-08-17,1029.2,0.47,,-5.617864239916056,,0.17,94.4
1995-08-18,1031.3,0.45,,-5.614881373676446,,0.17,94.4
1995-08-21,1019.7,0.44,,-5.628547896626637,,0.17,94.4
1995-08-22,1025.3,0.46,,-5.625862804714983,,0.17,94.4
1995-08-23,1028.2,0.47,,-5.634892595084475,,0.17,94.4
1995-08-24,1020.9,0.49,,-5.627494800451681,,0.17,94.4
1995-08-25,1020,0.5,,-5.640945697208027,,0.17,94.4
1995-08-28,1008.2,0.48,,-5.646774493309954,,0.17,94.4
1995-08-29,1003.6,0.49,,-5.661029030483931,,0.17,94.4
1995-08-30,1012.6,0.43,,-5.6841475801468375,,0.17,94.4
1995-08-31,1020.1,0.45,,-5.680913384745225,,0.17,94.4
1995-09-01,1019.5,0.43,,-5.674453357003199,,0.13,96.2
1995-09-05,1039.3,0.44,,-5.677066269722132,,0.13,96.2
1995-09-06,1044.3,0.41,,-5.669750790896271,,0.13,96.2
1995-09-07,1051.1,0.41,,-5.681913197179871,,0.13,96.2
1995-09-08,1060,0.41,,-5.687066128094306,,0.13,96.2
1995-09-11,1066.6,0.39,,-5.677110824089212,,0.13,96.2
1995-09-12,1065,0.41,,-5.70803204643675,,0.13,96.2
1995-09-13,1067.4,0.39,,-5.715442148138204,,0.13,96.2
1995-09-14,1067,0.38,,-5.720350288260401,,0.13,96.2
1995-09-15,1051.1,0.4,,-5.710876990062692,,0.13,96.2
1995-09-18,1050.2,0.4,,-5.712674858788909,,0.13,96.2
1995-09-19,1060.3,0.4,,-5.697764145459364,,0.13,96.2
1995-09-20,1065.1,0.39,,-5.6967143992244,,0.13,96.2
1995-09-21,1058.5,0.37,,-5.67909614661119,,0.13,96.2
1995-09-22,1053.4,0.38,,-5.676194518137372,,0.13,96.2
1995-09-25,1046.2,0.4,,-5.683157904484437,,0.13,96.2
1995-09-26,1038.1,0.37,,-5.679020520276973,,0.13,96.2
1995-09-27,1026.5,0.4,,-5.696307249745578,,0.13,96.2
1995-09-28,1047.1,0.38,,-5.684177772194905,,0.13,96.2
1995-09-29,1043.5,0.36,,-5.682155168073249,,0.13,96.2
1995-10-02,1027.6,0.34,,-5.689974912884982,,0.13,88.9
1995-10-03,1020.5,0.33,,-5.695638159714515,,0.13,88.9
1995-10-04,1002.3,0.33,,-5.687448756757861,,0.13,88.9
1995-10-05,1014.2,0.37,,-5.708597997725141,,0.13,88.9
1995-10-06,1012,0.34,,-5.713150224659802,,0.13,88.9
1995-10-09,984.7,0.33,,-5.72383784146955,,0.13,88.9
1995-10-10,983.5,0.33,,-5.748093520981112,,0.13,88.9
1995-10-11,1001.6,0.33,,-5.735914279637359,,0.13,88.9
1995-10-12,1015.6,0.34,,-5.719407792559282,,0.13,88.9
1995-10-13,1018.4,0.35,,-5.721010778616378,,0.13,88.9
1995-10-16,1018.1,0.3,,-5.716685879492109,,0.13,88.9
1995-10-17,1035.4,0.3,,-5.741936399517554,,0.13,88.9
1995-10-18,1045.4,0.32,,-5.764131803972617,,0.13,88.9
1995-10-19,1047,0.32,,-5.728178752835909,,0.13,88.9
1995-10-20,1039.5,0.31,,-5.743482344502886,,0.13,88.9
1995-10-23,1036.9,0.32,,-5.725223611718246,,0.13,88.9
1995-10-24,1039.2,0.31,,-5.736455177841348,,0.13,88.9
1995-10-25,1026.5,0.34,,-5.733611794628711,,0.13,88.9
1995-10-26,1017.6,0.36,,-5.728279946256588,,0.13,88.9
1995-10-27,1025.6,0.45,,-5.737693008596401,,0.13,88.9
1995-10-30,1039.7,0.42,,-5.737836775594266,,0.13,88.9
1995-10-31,1036.1,0.42,,-5.730281948927262,,0.07,90.2
1995-11-01,1040.5,0.46,,-5.696642832463317,,0.07,90.2
1995-11-02,1057.3,0.46,,-5.669750790896271,,0.07,90.2
1995-11-03,1065.7,0.45,,-5.665058065551969,,0.07,90.2
1995-11-06,1062.1,0.45,,-5.669959112120088,,0.07,90.2
1995-11-07,1043.9,0.45,,-5.6643478880803535,,0.07,90.2
1995-11-08,1047.9,0.45,,-5.677966344454226,,0.07,90.2
1995-11-09,1065.6,0.48,,-5.670151997405017,,0.07,90.2
1995-11-10,1063.9,0.48,,-5.666953075029207,,0.07,90.2
1995-11-13,1058.5,0.49,,-5.672331746522648,,0.07,90.2
1995-11-14,1040.6,0.5,,-5.681016431947161,,0.07,90.2
1995-11-15,1041.8,0.47,,-5.690899018950013,,0.07,90.2
1995-11-16,1044.5,0.47,,-5.682138548496204,,0.07,90.2
1995-11-17,1045,0.46,,-5.6858791831636735,,0.07,90.2
1995-11-20,1029.5,0.47,,-5.672376931311753,,0.07,90.2
1995-11-21,1025,0.43,,-5.678545754546886,,0.07,90.2
1995-11-22,1021.2,0.42,,-5.672225989265056,,0.07,90.2
1995-11-24,1030.2,0.42,,-5.672225989265056,,0.07,90.2
1995-11-27,1029.3,0.42,,-5.679907640227282,,0.07,90.2
1995-11-28,1050.1,0.43,,-5.693778543591682,,0.07,90.2
1995-11-29,1057.6,0.42,,-5.747773024345766,,0.07,90.2
1995-11-30,1059.2,0.4,,-5.750670177907841,,0.07,88.2
1995-12-01,1055.3,0.39,,-5.75244358158857,,0.07,88.2
1995-12-04,1069.8,0.36,,-5.752998755936809,,0.07,88.2
1995-12-05,1065.9,0.36,,-5.762728226142519,,0.07,88.2
1995-12-06,1061.7,0.35,,-5.792542287241789,,0.07,88.2
1995-12-07,1053.2,0.33,,-5.771450086038301,,0.07,88.2
1995-12-08,1062.4,0.34,,-5.780763955449353,,0.07,88.2
1995-12-11,1061.5,0.33,,-5.7603528261445955,,0.07,88.2
1995-12-12,1052.1,0.33,,-5.770478272299419,,0.07,88.2
1995-12-13,1056.5,0.35,,-5.748462766466588,,0.07,88.2
1995-12-14,1038.2,0.36,,-5.716645641686673,,0.07,88.2
1995-12-15,1030.5,0.39,,-5.745669277369606,,0.07,88.2
1995-12-18,1002.6,0.42,,-5.754317598364884,,0.07,88.2
1995-12-19,1026.4,0.45,,-5.752585512234963,,0.07,88.2
1995-12-20,1025.3,0.43,,-5.749606047618662,,0.07,88.2
1995-12-21,1040.6,0.44,,-5.750927478822678,,0.07,88.2
1995-12-22,1046.9,0.43,,-5.761441059019251,,0.07,88.2
1995-12-26,1049.4,0.42,,-5.763699678198175,,0.07,88.2
1995-12-27,1048.1,0.43,,-5.763843030671493,,0.07,88.2
1995-12-28,1042.2,0.43,,-5.7636901668339435,,0.07,88.2
1995-12-29,1052.1,0.4,,-5.774368619735772,,0.07,88.2
1996-01-02,1058.7,0.42,,-5.80464516799036,,0.07,91
1996-01-03,1046.3,0.41,,-5.8257704517745195,,0.07,91
1996-01-04,1029.8,0.48,,-5.842748072589282,,0.07,91
1996-01-05,1033.5,0.49,,-5.825245033126074,,0.07,91
1996-01-08,1032.4,0.48,,-5.825672292265238,,0.07,91
1996-01-09,998.8,0.52,,-5.852217597046714,,0.07,91
1996-01-10,990.2,0.58,,-5.853943124252258,,0.07,91
1996-01-11,1011.1,0.56,,-5.846912215437504,,0.07,91
1996-01-12,1008.2,0.58,,-5.863621092462645,,0.07,91
1996-01-15,988.6,0.58,,-5.871467912329796,,0.07,91
1996-01-16,995.9,0.58,,-5.870232656723034,,0.07,91
1996-01-17,998.3,0.53,,-5.881265754809906,,0.07,91
1996-01-18,1007.2,0.52,,-5.847425176885045,,0.07,91
1996-01-19,1018.5,0.51,,-5.8765474408746465,,0.07,91
1996-01-22,1029.4,0.53,,-5.880173695315307,,0.07,91
1996-01-23,1028,0.57,,-5.858490792590787,,0.07,91
1996-01-24,1043.5,0.55,,-5.850033829280284,,0.07,91
1996-01-25,1035.9,0.59,,-5.880562492614219,,0.07,91
1996-01-26,1041,0.57,,-5.884528142224189,,0.07,91
1996-01-29,1042.5,0.59,,-5.882758230257731,,0.07,91
1996-01-30,1051.3,0.61,,-5.865145835630182,,0.07,91
1996-01-31,1059.8,0.67,,-5.874470616402683,,0.17,89.3
1996-02-01,1069.5,0.7,,-5.864724352061462,,0.17,89.3
1996-02-02,1072.1,0.76,,-5.874346750097225,,0.17,89.3
1996-02-05,1083.3,0.75,,-5.878153036406607,,0.17,89.3
1996-02-06,1089.1,0.75,,-5.87588149624147,,0.17,89.3
1996-02-07,1084.9,0.74,,-5.853204440003632,,0.17,89.3
1996-02-08,1093.2,0.76,,-5.861097328962304,,0.17,89.3
1996-02-09,1094.6,0.81,,-5.852065166985534,,0.17,89.3
1996-02-12,1095.4,0.78,,-5.852986322728519,,0.17,89.3
1996-02-13,1087.2,0.78,,-5.878382744903084,,0.17,89.3
1996-02-14,1088,0.8,,-5.875678858107927,,0.17,89.3
1996-02-15,1090.5,0.83,,-5.877660605901941,,0.17,89.3
1996-02-16,1090.7,0.86,,-5.892257897024534,,0.17,89.3
1996-02-20,1083.2,0.83,,-5.865377900933039,,0.17,89.3
1996-02-21,1096.8,0.82,,-5.869948115218844,,0.17,89.3
1996-02-22,1117.1,0.81,,-5.8467875282685435,,0.17,89.3
1996-02-23,1117.8,0.84,,-5.841071857423053,,0.17,89.3
1996-02-26,1113.1,0.83,,-5.853636358010618,,0.17,89.3
1996-02-27,1106.2,0.78,,-5.841182344058644,,0.17,89.3
1996-02-28,1107.6,0.68,,-5.877585333013067,,0.17,89.3
1996-02-29,1100.1,0.69,,-5.852092814800859,,0.13,88.5
1996-03-01,1086.1,0.73,,-5.8418217637199135,,0.13,88.5
1996-03-04,1084.9,0.71,,-5.815149522479664,,0.13,88.5
1996-03-05,1096.8,0.68,,-5.825580783246257,,0.13,88.5
1996-03-06,1091.8,0.69,,-5.821644747731705,,0.13,88.5
1996-03-07,1093.1,0.67,,-5.823712111301012,,0.13,88.5
1996-03-08,1063.7,0.68,,-5.805466515584719,,0.13,88.5
1996-03-11,1080.5,0.62,,-5.809227020396847,,0.13,88.5
1996-03-12,1073.05,0.58,,-5.805794305728096,,0.13,88.5
1996-03-13,1088.64,0.62,,-5.813005944395534,,0.13,88.5
1996-03-14,1091.07,0.66,,-5.8239643499200815,,0.13,88.5
1996-03-15,1099.59,0.59,,-5.827108052746923,,0.13,88.5
1996-03-18,1114.42,0.54,,-5.816233422652958,,0.13,88.5
1996-03-19,1112.5,0.56,,-5.825693336257705,,0.13,88.5
1996-03-20,1101.82,0.58,,-5.824817956459322,,0.13,88.5
1996-03-21,1099.79,0.56,,-5.832060571897378,,0.13,88.5
1996-03-22,1102.22,0.58,,-5.847645318632758,,0.13,88.5
1996-03-25,1087.09,0.57,,-5.850069418023245,,0.13,88.5
1996-03-26,1088.35,0.53,,-5.842571108078695,,0.13,88.5
1996-03-27,1093.88,0.53,,-5.84749827719088,,0.13,88.5
1996-03-28,1094.83,0.53,,-5.840141407237903,,0.13,88.5
1996-03-29,1101.4,0.55,,-5.834735438692779,,0.13,88.5
1996-04-01,1106.57,0.52,,-5.849856729302232,,0.1,93.7
1996-04-02,1111.29,0.51,,-5.85585513352222,,0.1,93.7
1996-04-03,1115.85,0.5,,-5.864316894520556,,0.1,93.7
1996-04-04,1118.21,0.5,,-5.860136283816972,,0.1,93.7
1996-04-08,1105.66,0.48,,-5.867902826676652,,0.1,93.7
1996-04-09,1109.15,0.52,,-5.8615281254013185,,0.1,93.7
1996-04-10,1105.28,0.5,,-5.841960766008479,,0.1,93.7
1996-04-11,1097.14,0.53,,-5.8149342692471455,,0.1,93.7
1996-04-12,1100.94,0.56,,-5.806879123166795,,0.1,93.7
1996-04-15,1110.44,0.56,,-5.816757240299273,,0.1,93.7
1996-04-16,1124.92,0.54,,-5.806182531395644,,0.1,93.7
1996-04-17,1120.87,0.57,,-5.794826956340821,,0.1,93.7
1996-04-18,1136.3,0.56,,-5.784972629386214,,0.1,93.7
1996-04-19,1138.7,0.56,,-5.766031792199637,,0.1,93.7
1996-04-22,1153.5,0.58,,-5.7703555844915595,,0.1,93.7
1996-04-23,1166.76,0.56,,-5.778438091949568,,0.1,93.7
1996-04-24,1176.83,0.59,,-5.767252048604867,,0.1,93.7
1996-04-25,1184.17,0.62,,-5.772630800918313,,0.1,93.7
1996-04-26,1186.89,0.57,,-5.770056309861657,,0.1,93.7
1996-04-29,1188.2,0.62,,-5.791210952798906,,0.1,93.7
1996-04-30,1190.52,0.61,,-5.799868050300798,,0.1,93.7
1996-05-01,1199.66,0.63,,-5.79132346998761,,-0.03,92.7
1996-05-02,1178.33,0.65,,-5.797918211712208,,-0.03,92.7
1996-05-03,1184.6,0.69,,-5.776115823451555,,-0.03,92.7
1996-05-06,1186.31,0.7,,-5.787559718429465,,-0.03,92.7
1996-05-07,1182.67,0.71,,-5.758565802025025,,-0.03,92.7
1996-05-08,1183.43,0.67,,-5.751642220734986,,-0.03,92.7
1996-05-09,1187.82,0.63,,-5.7548756689930585,,-0.03,92.7
1996-05-10,1202.76,0.7,,-5.752126309873791,,-0.03,92.7
1996-05-13,1221.87,0.71,,-5.745512061968461,,-0.03,92.7
1996-05-14,1234.49,0.66,,-5.757637620341944,,-0.03,92.7
1996-05-15,1233.56,0.65,,-5.762796259878124,,-0.03,92.7
1996-05-16,1239.31,0.64,,-5.762796259878124,,-0.03,92.7
1996-05-17,1241.88,0.62,,-5.828843841619076,,-0.03,92.7
1996-05-20,1248.11,0.61,,-5.863314333387976,,-0.03,92.7
1996-05-21,1244.42,0.6,,-5.860427320071525,,-0.03,92.7
1996-05-22,1247.38,0.62,,-5.844188757226987,,-0.03,92.7
1996-05-23,1248.65,0.6,,-5.84279814119998,,-0.03,92.7
1996-05-24,1247.8,0.63,,-5.849336291908747,,-0.03,92.7
1996-05-28,1236.3,0.62,,-5.842727590357396,,-0.03,92.7
1996-05-29,1225.63,0.62,,-5.819076279730943,,-0.03,92.7
1996-05-30,1233.48,0.61,,-5.832250565324177,,-0.03,92.7
1996-05-31,1243.43,0.6,,-5.837603680353322,,-0.03,92.7
1996-06-03,1238.73,0.58,,-5.8473818008676375,,0.03,89.4
1996-06-04,1243.68,0.61,,-5.866542266442128,,0.03,89.4
1996-06-05,1249.15,0.62,,-5.943029537893939,,0.03,89.4
1996-06-06,1232.52,0.58,,-5.926186083523473,,0.03,89.4
1996-06-07,1229.76,0.6,,-5.891381088550999,,0.03,89.4
1996-06-10,1230.04,0.53,,-5.885795198834977,,0.03,89.4
1996-06-11,1230.76,0.57,,-5.945250036439921,,0.03,89.4
1996-06-12,1235.47,0.62,,-5.908165671684325,,0.03,89.4
1996-06-13,1225.65,0.64,,-5.916469886308587,,0.03,89.4
1996-06-14,1213.18,0.65,,-6.022155480539176,,0.03,89.4
1996-06-17,1207.64,0.66,,-6.0221393862945805,,0.03,89.4
1996-06-18,1183.08,0.63,,-6.011525139064434,,0.03,89.4
1996-06-19,1179.27,0.65,,-5.985531342549175,,0.03,89.4
1996-06-20,1167.34,0.65,,-6.010015046399351,,0.03,89.4
1996-06-21,1175.44,0.6,,-6.050023052486945,,0.03,89.4
1996-06-24,1182.9,0.61,,-6.070817896718889,,0.03,89.4
1996-06-25,1172.58,0.62,,-6.121445640145338,,0.03,89.4
1996-06-26,1153.29,0.61,,-6.079729160804126,,0.03,89.4
1996-06-27,1166.01,0.61,,-6.060531903716565,,0.03,89.4
1996-06-28,1185.02,0.62,,-6.045298858164092,,0.03,89.4
1996-07-01,1197.45,0.62,,-6.072247882606342,,-0.07,92.4
1996-07-02,1191.15,0.59,,-6.074948249530721,,-0.07,92.4
1996-07-03,1181.6,0.58,,-6.076837338613611,,-0.07,92.4
1996-07-05,1158.35,0.58,,-6.076837338613611,,-0.07,92.4
1996-07-08,1148.82,0.62,,-6.044950356111523,,-0.07,92.4
1996-07-09,1153.59,0.62,,-6.045850521188155,,-0.07,92.4
1996-07-10,1141.19,0.59,,-6.057778247534885,,-0.07,92.4
1996-07-11,1106.36,0.61,,-6.088023556297214,,-0.07,92.4
1996-07-12,1103.49,0.62,,-6.074981893440631,,-0.07,92.4
1996-07-15,1060.19,0.59,,-6.101821246609585,,-0.07,92.4
1996-07-16,1053.47,0.57,,-6.0835524383802015,,-0.07,92.4
1996-07-17,1086.65,0.61,,-6.073896015716754,,-0.07,92.4
1996-07-18,1109.82,0.6,,-6.079469184200556,,-0.07,92.4
1996-07-19,1097.68,0.56,,-6.079585474607458,,-0.07,92.4
1996-07-22,1081.39,0.6,,-6.066590696812007,,-0.07,92.4
1996-07-23,1049.07,0.61,,-6.038466427941145,,-0.07,92.4
1996-07-24,1042.37,0.57,,-6.031337815868172,,-0.07,92.4
1996-07-25,1062.39,0.61,,-6.008460641941298,,-0.07,92.4
1996-07-26,1079.44,0.59,,-6.020665622312176,,-0.07,92.4
1996-07-29,1066.47,0.6,,-6.034995836160043,,-0.07,92.4
1996-07-30,1071.95,0.61,,-6.048125729612113,,-0.07,92.4
1996-07-31,1080.59,0.59,,-6.04448649672436,,-0.07,92.4
1996-08-01,1098.85,0.58,,-6.050019137453243,,0,94.7
1996-08-02,1124.92,0.57,,-6.063696199424228,,0,94.7
1996-08-05,1120.53,0.6,,-6.082026523820636,,0,94.7
1996-08-06,1128.87,0.6,,-6.061290857666242,,0,94.7
1996-08-07,1141.11,0.61,,-6.05456622567067,,0,94.7
1996-08-08,1137.51,0.58,,-6.066196836435096,,0,94.7
1996-08-09,1137.27,0.59,,-6.056867922164594,,0,94.7
1996-08-12,1138.27,0.57,,-6.066942194862764,,0,94.7
1996-08-13,1126.15,0.57,,-6.06533778666018,,0,94.7
1996-08-14,1133.51,0.6,,-6.043066933506621,,0,94.7
1996-08-15,1134.69,0.61,,-6.0479173876403705,,0,94.7
1996-08-16,1133.65,0.62,,-6.070103029108763,,0,94.7
1996-08-19,1130.91,0.61,,-6.042167855155374,,0,94.7
1996-08-20,1124.67,0.62,,-6.068965311369072,,0,94.7
1996-08-21,1126.84,0.62,,-6.060676213038428,,0,94.7
1996-08-22,1143.96,0.62,,-6.070700786009694,,0,94.7
1996-08-23,1143.05,0.62,,-6.0609661949986835,,0,94.7
1996-08-26,1139.22,0.63,,-6.070831522008108,,0,94.7
1996-08-27,1149.02,0.62,,-6.0695632910201125,,0,94.7
1996-08-28,1153.88,0.61,,-6.067570991683736,,0,94.7
1996-08-29,1145.03,0.62,,-6.069894556558208,,0,94.7
1996-08-30,1141.5,0.63,,-6.018139701197648,,0,94.7
1996-09-03,1142.29,0.62,,-6.009813685776178,,-0.17,95.3
1996-09-04,1143.82,0.57,,-6.0230063251813,,-0.17,95.3
1996-09-05,1125.66,0.56,,-6.081654388024331,,-0.17,95.3
1996-09-06,1139.39,0.6,,-6.070650283266222,,-0.17,95.3
1996-09-09,1148.71,0.61,,-6.065969928160945,,-0.17,95.3
1996-09-10,1149.43,0.58,,-6.063268279236966,,-0.17,95.3
1996-09-11,1153.95,0.6,,-6.094929980796292,,-0.17,95.3
1996-09-12,1165.81,0.6,,-6.1073054574695105,,-0.17,95.3
1996-09-13,1188.67,0.61,,-6.095788256037368,,-0.17,95.3
1996-09-16,1193.96,0.64,,-6.1004846400919375,,-0.17,95.3
1996-09-17,1203.31,0.59,,-6.085066784567151,,-0.17,95.3
1996-09-18,1205.71,0.59,,-6.065871255609185,,-0.17,95.3
1996-09-19,1212.09,0.57,,-6.057941321655904,,-0.17,95.3
1996-09-20,1219.69,0.58,,-6.080490787353773,,-0.17,95.3
1996-09-23,1211.47,0.59,,-6.083502251716985,,-0.17,95.3
1996-09-24,1215.27,0.59,,-6.0699097068931245,,-0.17,95.3
1996-09-25,1224.66,0.61,,-6.062721668555453,,-0.17,95.3
1996-09-26,1227.98,0.63,,-6.049973317156071,,-0.17,95.3
1996-09-27,1230.05,0.61,,-6.0390798531042895,,-0.17,95.3
1996-09-30,1226.92,0.61,,-6.04573619867554,,-0.17,95.3
1996-10-01,1221.51,0.62,,-6.0723387464816865,,-0.03,94.7
1996-10-02,1236.11,0.62,,-6.061616492213695,,-0.03,94.7
1996-10-03,1233.09,0.63,,-6.065472023819088,,-0.03,94.7
1996-10-04,1247.56,0.61,,-6.061839898685094,,-0.03,94.7
1996-10-07,1250.87,0.63,,-6.069722822388449,,-0.03,94.7
1996-10-08,1240.15,0.64,,-6.036272042313922,,-0.03,94.7
1996-10-09,1237.98,0.63,,-6.050818789757165,,-0.03,94.7
1996-10-10,1236.97,0.59,,-6.032611692013154,,-0.03,94.7
1996-10-11,1248.27,0.6,,-6.03791004431816,,-0.03,94.7
1996-10-14,1256.36,0.63,,-6.054371604947399,,-0.03,94.7
1996-10-15,1258.1,0.63,,-6.047533945325667,,-0.03,94.7
1996-10-16,1250.99,0.63,,-6.06850914264852,,-0.03,94.7
1996-10-17,1241.96,0.63,,-6.04240024181081,,-0.03,94.7
1996-10-18,1242.48,0.62,,-6.033967269320426,,-0.03,94.7
1996-10-21,1236.41,0.61,,-6.022952794841587,,-0.03,94.7
1996-10-22,1220,0.61,,-6.0345986314251485,,-0.03,94.7
1996-10-23,1227.88,0.61,,-6.028686740364211,,-0.03,94.7
1996-10-24,1227,0.62,,-6.004803309019497,,-0.03,94.7
1996-10-25,1222.6,0.63,,-5.981117843319321,,-0.03,94.7
1996-10-28,1215.89,0.64,,-5.9987714689710145,,-0.03,94.7
1996-10-29,1203.05,0.63,,-6.045298858164092,,-0.03,94.7
1996-10-30,1206.23,0.61,,-6.0183100130594545,,-0.03,94.7
1996-10-31,1221.51,0.6,,-6.028819420909458,,-0.07,96.5
1996-11-01,1221.78,0.59,,-6.014405003637589,,-0.07,96.5
1996-11-04,1220.48,0.58,,-6.006861718822292,,-0.07,96.5
1996-11-05,1229.07,0.54,,-6.021956345044777,,-0.07,96.5
1996-11-06,1245.49,0.54,,-6.013085568164471,,-0.07,96.5
1996-11-07,1254.14,0.51,,-5.984638582037582,,-0.07,96.5
1996-11-08,1257.51,0.53,,-5.999645091475273,,-0.07,96.5
1996-11-11,1262.67,0.53,,-5.992510025509535,,-0.07,96.5
1996-11-12,1256.53,0.46,,-5.969791872209085,,-0.07,96.5
1996-11-13,1260.72,0.49,,-5.972386886786083,,-0.07,96.5
1996-11-14,1270.36,0.49,,-5.987282627788085,,-0.07,96.5
1996-11-15,1261.8,0.51,,-5.928665927596082,,-0.07,96.5
1996-11-18,1254.57,0.5,,-5.884419909163783,,-0.07,96.5
1996-11-19,1262.62,0.49,,-5.875327215361288,,-0.07,96.5
1996-11-20,1264.94,0.49,,-5.883521616776188,,-0.07,96.5
1996-11-21,1258.08,0.48,,-5.874065235647166,,-0.07,96.5
1996-11-22,1274.36,0.46,,-5.88589145771284,,-0.07,96.5
1996-11-25,1280.37,0.46,,-5.868266736338005,,-0.07,96.5
1996-11-26,1281.2,0.47,,-5.847314525375352,,-0.07,96.5
1996-11-27,1287.32,0.48,,-5.82354467937245,,-0.07,96.5
1996-11-29,1292.61,0.47,,-5.82354467937245,,-0.07,96.5
1996-12-02,1299.82,0.47,,-5.914932984162462,,0.1,99.2
1996-12-03,1300.37,0.45,,-5.9081045366743155,,0.1,99.2
1996-12-04,1297.02,0.47,,-5.902888399485001,,0.1,99.2
1996-12-05,1300.12,0.51,,-5.910144042018152,,0.1,99.2
1996-12-06,1287.68,0.53,,-5.915162958650049,,0.1,99.2
1996-12-09,1316.27,0.51,,-5.926790790322088,,0.1,99.2
1996-12-10,1312.55,0.52,,-5.9193636002140275,,0.1,99.2
1996-12-11,1309.12,0.56,,-5.911629424597003,,0.1,99.2
1996-12-12,1298.33,0.56,,-5.9186673427119985,,0.1,99.2
1996-12-13,1284.91,0.56,,-5.921608117708989,,0.1,99.2
1996-12-16,1260.98,0.57,,-5.94730667917216,,0.1,99.2
1996-12-17,1266.32,0.55,,-5.951517429107733,,0.1,99.2
1996-12-18,1285.38,0.57,,-5.9311092855625365,,0.1,99.2
1996-12-19,1295.86,0.53,,-5.9134760590867534,,0.1,99.2
1996-12-20,1288.56,0.52,,-5.920871517061705,,0.1,99.2
1996-12-23,1279.52,0.49,,-5.929729466240621,,0.1,99.2
1996-12-24,1287.63,0.51,,-5.926689950222725,,0.1,99.2
1996-12-26,1294.57,0.5,,-5.919476077086851,,0.1,99.2
1996-12-27,1291.38,0.49,,-5.930570492446054,,0.1,99.2
1996-12-30,1287.75,0.51,,-5.934395936150766,,0.1,99.2
1996-12-31,1291.03,0.55,3.13,-5.90884162243011,,0.07,96.9
1997-01-02,1280.7,0.57,3.06,-5.882999200130065,,0.07,96.9
1997-01-03,1310.68,0.57,3.09,-5.868904724856281,,0.07,96.9
1997-01-06,1316.4,0.57,3.1,-5.867105282499934,,0.07,96.9
1997-01-07,1327.73,0.59,3.1,-5.83505263454096,,0.07,96.9
1997-01-08,1320.35,0.59,3.07,-5.830291814807004,,0.07,96.9
1997-01-09,1326.2,0.58,3.13,-5.819320957628107,,0.07,96.9
1997-01-10,1332.02,0.57,3.16,-5.8274475731100095,,0.07,96.9
1997-01-13,1330.91,0.56,3.04,-5.823704995043424,,0.07,96.9
1997-01-14,1346.36,0.55,3.09,-5.8182056408428835,,0.07,96.9
1997-01-15,1333.53,0.55,3.07,-5.800310836686897,,0.07,96.9
1997-01-16,1340.46,0.57,3.02,-5.815737456039308,,0.07,96.9
1997-01-17,1349.05,0.56,3.04,-5.819200884003871,,0.07,96.9
1997-01-20,1364.28,0.56,3.03,-5.79820472391446,,0.07,96.9
1997-01-21,1376.97,0.53,3.05,-5.80810715990925,,0.07,96.9
1997-01-22,1388.06,0.56,2.99,-5.792320075831375,,0.07,96.9
1997-01-23,1378.37,0.54,2.97,-5.796457830786712,,0.07,96.9
1997-01-24,1363.83,0.57,2.94,-5.803218300956328,,0.07,96.9
1997-01-27,1352.81,0.58,2.9,-5.821250698410095,,0.07,96.9
1997-01-28,1354.37,0.6,2.92,-5.8096139109726,,0.07,96.9
1997-01-29,1355.17,0.59,2.94,-5.838370219713086,,0.07,96.9
1997-01-30,1371.02,0.6,2.97,-5.838836094139573,,0.07,96.9
1997-01-31,1379.85,0.59,3.04,-5.809624801935008,,0.13,97.4
1997-02-03,1376.05,0.58,3.08,-5.829433541503762,,0.13,97.4
1997-02-04,1373.75,0.57,3.08,-5.808373463534998,,0.13,97.4
1997-02-05,1348.44,0.56,3.05,-5.763712692707578,,0.13,97.4
1997-02-06,1346.4,0.58,3.03,-5.761333008592214,,0.13,97.4
1997-02-07,1357.71,0.57,3.06,-5.771582121441904,,0.13,97.4
1997-02-10,1335.34,0.56,3.04,-5.768962413932909,,0.13,97.4
1997-02-11,1331.51,0.55,3.03,-5.77624938852128,,0.13,97.4
1997-02-12,1358.96,0.49,3.01,-5.768205194739854,,0.13,97.4
1997-02-13,1370.81,0.49,3.04,-5.760306550201136,,0.13,97.4
1997-02-14,1367.19,0.49,3.05,-5.774280454516727,,0.13,97.4
1997-02-18,1365.79,0.48,3.01,-5.759672850487992,,0.13,97.4
1997-02-19,1365.58,0.48,2.98,-5.740405873304174,,0.13,97.4
1997-02-20,1347.4,0.53,2.89,-5.757377128458677,,0.13,97.4
1997-02-21,1334.32,0.51,2.89,-5.744710377071989,,0.13,97.4
1997-02-24,1345.08,0.5,2.85,-5.7442877963496155,,0.13,97.4
1997-02-25,1347.69,0.5,2.83,-5.766805716439945,,0.13,97.4
1997-02-26,1340.55,0.5,2.71,-5.736473987705015,,0.13,97.4
1997-02-27,1312.66,0.49,2.71,-5.781369750617595,,0.13,97.4
1997-02-28,1309,0.47,2.73,-5.796712580293361,,0.13,99.7
1997-03-03,1311.18,0.47,2.71,-5.776601473689325,,0.13,99.7
1997-03-04,1317.37,0.49,2.67,-5.765274324000755,,0.13,99.7
1997-03-05,1329.09,0.47,2.71,-5.771486270876022,,0.13,99.7
1997-03-06,1315.43,0.47,2.7,-5.753053523662984,,0.13,99.7
1997-03-07,1311.8,0.47,2.74,-5.74969025786855,,0.13,99.7
1997-03-10,1322.72,0.46,2.74,-5.771895771921662,,0.13,99.7
1997-03-11,1316.76,0.48,2.72,-5.771197559440075,,0.13,99.7
1997-03-12,1304.13,0.48,2.69,-5.782233867037339,,0.13,99.7
1997-03-13,1293.28,0.51,2.62,-5.781324784837497,,0.13,99.7
1997-03-14,1292.97,0.53,2.66,-5.760307861104906,,0.13,99.7
1997-03-17,1279.43,0.5,2.66,-5.760940888496149,,0.13,99.7
1997-03-18,1269.34,0.5,2.67,-5.775193875081534,,0.13,99.7
1997-03-19,1249.29,0.5,2.67,-5.781843582247474,,0.13,99.7
1997-03-20,1259.26,0.48,2.68,-5.764353861092389,,0.13,99.7
1997-03-21,1254.07,0.45,2.69,-5.753662341246605,,0.13,99.7
1997-03-24,1242.64,0.43,2.71,-5.756591819198658,,0.13,99.7
1997-03-25,1248.06,0.42,2.69,-5.7314447421665635,,0.13,99.7
1997-03-26,1269.08,0.42,2.71,-5.761007830741752,,0.13,99.7
1997-03-27,1249.51,0.45,2.67,-5.745622262795079,,0.13,99.7
1997-03-31,1221.7,0.47,2.84,-5.747079280409525,,0.1,100
1997-04-01,1216.93,0.48,2.9,-5.761073569481501,,0.1,100
1997-04-02,1201,0.46,2.94,-5.7546124912705565,,0.1,100
1997-04-03,1213.76,0.46,2.95,-5.796137435214994,,0.1,100
1997-04-04,1236.73,0.48,2.92,-5.783043571461083,,0.1,100
1997-04-07,1251.35,0.48,2.92,-5.814664710360231,,0.1,100
1997-04-08,1257.37,0.46,2.95,-5.7946322297180535,,0.1,100
1997-04-09,1249.43,0.47,2.93,-5.785360321239955,,0.1,100
1997-04-10,1235.77,0.47,2.91,-5.785857739593403,,0.1,100
1997-04-11,1206.9,0.45,2.92,-5.793425946461389,,0.1,100
1997-04-14,1216.41,0.45,2.87,-5.801145232744913,,0.1,100
1997-04-15,1212.88,0.44,2.88,-5.779726295621786,,0.1,100
1997-04-16,1210.27,0.43,2.93,-5.7883869843030284,,0.1,100
1997-04-17,1217.07,0.41,2.91,-5.78749878203824,,0.1,100
1997-04-18,1222.57,0.42,2.92,-5.773108207925372,,0.1,100
1997-04-21,1203.95,0.42,2.91,-5.773728457294185,,0.1,100
1997-04-22,1212.74,0.41,2.87,-5.744495273041891,,0.1,100
1997-04-23,1227.14,0.41,2.89,-5.718158547387779,,0.1,100
1997-04-24,1228.1,0.42,2.83,-5.720406616237316,,0.1,100
1997-04-25,1209.29,0.41,2.78,-5.7207916823805816,,0.1,100
1997-04-28,1217.03,0.4,2.78,-5.723303946401221,,0.1,100
1997-04-29,1242.63,0.41,2.81,-5.742429581861031,,0.1,100
1997-04-30,1260.76,0.43,2.91,-5.724960607902239,,0.1,100
1997-05-01,1270.5,0.43,2.94,-5.739987546278718,,-0.07,101.4
1997-05-02,1305.33,0.42,2.91,-5.736060133575551,,-0.07,101.4
1997-05-05,1339.24,0.42,2.9,-5.742120626466443,,-0.07,101.4
1997-05-06,1328.3,0.39,2.86,-5.746711372351298,,-0.07,101.4
1997-05-07,1322.91,0.38,2.83,-5.736586900389552,,-0.07,101.4
1997-05-08,1330.83,0.4,2.79,-5.734558664945752,,-0.07,101.4
1997-05-09,1335.05,0.39,2.79,-5.746180287853667,,-0.07,101.4
1997-05-12,1344.19,0.43,2.81,-5.731109756547622,,-0.07,101.4
1997-05-13,1333.59,0.42,2.82,-5.7362585093406615,,-0.07,101.4
1997-05-14,1335.55,0.41,2.73,-5.72350469162995,,-0.07,101.4
1997-05-15,1353.58,0.42,2.69,-5.701488895669102,,-0.07,101.4
1997-05-16,1340.73,0.42,2.7,-5.693111861513076,,-0.07,101.4
1997-05-19,1341.24,0.42,2.68,-5.688269296567799,,-0.07,101.4
1997-05-20,1363.88,0.43,2.67,-5.674653505069326,,-0.07,101.4
1997-05-21,1373.75,0.45,2.69,-5.672561264871882,,-0.07,101.4
1997-05-22,1372.6,0.49,2.67,-5.664780316852932,,-0.07,101.4
1997-05-23,1389.72,0.49,2.63,-5.666171692937745,,-0.07,101.4
1997-05-27,1409.21,0.49,2.64,-5.673775937061006,,-0.07,101.4
1997-05-28,1410.18,0.49,2.6,-5.666685916612219,,-0.07,101.4
1997-05-29,1403.04,0.46,2.61,-5.677873189305561,,-0.07,101.4
1997-05-30,1400.32,0.45,2.61,-5.6759713746316836,,-0.07,101.4
1997-06-02,1404.79,0.45,2.68,-5.689597839664245,,-0.17,103.2
1997-06-03,1384.91,0.43,2.66,-5.687713262311998,,-0.17,103.2
1997-06-04,1379.67,0.43,2.68,-5.694079987420744,,-0.17,103.2
1997-06-05,1390.05,0.42,2.65,-5.688278288120236,,-0.17,103.2
1997-06-06,1404.84,0.42,2.6,-5.687286367961866,,-0.17,103.2
1997-06-09,1412.04,0.39,2.7,-5.685611862410389,,-0.17,103.2
1997-06-10,1401.69,0.4,2.59,-5.663573207543452,,-0.17,103.2
1997-06-11,1407.85,0.4,2.56,-5.649228605770019,,-0.17,103.2
1997-06-12,1411.32,0.37,2.55,-5.645969443925582,,-0.17,103.2
1997-06-13,1423.03,0.41,2.59,-5.65071285155941,,-0.17,103.2
1997-06-16,1431.95,0.4,2.62,-5.642475678040134,,-0.17,103.2
1997-06-17,1443.11,0.38,2.6,-5.647497296208665,,-0.17,103.2
1997-06-18,1432.43,0.38,2.58,-5.633441538609679,,-0.17,103.2
1997-06-19,1447.14,0.38,2.62,-5.635900032551929,,-0.17,103.2
1997-06-20,1447.1,0.36,2.61,-5.660817815584901,,-0.17,103.2
1997-06-23,1434.32,0.35,2.64,-5.664967770440693,,-0.17,103.2
1997-06-24,1452.43,0.36,2.61,-5.712806872020625,,-0.17,103.2
1997-06-25,1446.24,0.39,2.6,-5.737989230057737,,-0.17,103.2
1997-06-26,1436.38,0.4,2.59,-5.7154750521811595,,-0.17,103.2
1997-06-27,1438.15,0.45,2.61,-5.7048249946702,,-0.17,103.2
1997-06-30,1442.07,0.43,2.63,-5.700358578494057,,-0.17,103.2
1997-07-01,1438.25,0.43,2.67,-5.7186643727588855,,-0.07,104.5
1997-07-02,1455.61,0.43,2.7,-5.69360274603076,,-0.07,104.5
1997-07-03,1467.61,0.4,2.71,-5.6778306426153975,,-0.07,104.5
1997-07-07,1470.74,0.38,2.79,-5.67398022273146,,-0.07,104.5
1997-07-08,1485.1,0.35,2.82,-5.722174881827097,,-0.07,104.5
1997-07-09,1486.63,0.35,2.8,-5.740184961425641,,-0.07,104.5
1997-07-10,1490.93,0.35,2.8,-5.728237428457241,,-0.07,104.5
1997-07-11,1502.62,0.35,2.78,-5.733071294724239,,-0.07,104.5
1997-07-14,1523.88,0.34,2.76,-5.709722776632549,,-0.07,104.5
1997-07-15,1542.11,0.32,2.71,-5.719262170896445,,-0.07,104.5
1997-07-16,1580.63,0.34,2.69,-5.726954436679594,,-0.07,104.5
1997-07-17,1568.85,0.33,2.71,-5.720396473757403,,-0.07,104.5
1997-07-18,1547.99,0.32,2.7,-5.726489801948643,,-0.07,104.5
1997-07-21,1536.23,0.33,2.67,-5.7054699798507045,,-0.07,104.5
1997-07-22,1563.86,0.33,2.66,-5.720641585589642,,-0.07,104.5
1997-07-23,1567.65,0.25,2.72,-5.725637855959465,,-0.07,104.5
1997-07-24,1569.13,0.29,2.69,-5.70501856875673,,-0.07,104.5
1997-07-25,1569.58,0.29,2.69,-5.6800240748727,,-0.07,104.5
1997-07-28,1563.53,0.31,2.66,-5.704997172649469,,-0.07,104.5
1997-07-29,1572.32,0.3,2.68,-5.684178473230792,,-0.07,104.5
1997-07-30,1588.05,0.32,2.7,-5.743584118767655,,-0.07,104.5
1997-07-31,1593.81,0.29,2.73,-5.7095813616523445,,-0.07,104.5
1997-08-01,1594.33,0.28,2.71,-5.725761381374976,,-0.03,107.1
1997-08-04,1605.45,0.31,2.57,-5.7331645171473085,,-0.03,107.1
1997-08-05,1621.53,0.32,2.55,-5.713067592431881,,-0.03,107.1
1997-08-06,1630.44,0.3,2.55,-5.71594921341608,,-0.03,107.1
1997-08-07,1624.18,0.3,2.56,-5.708397157510873,,-0.03,107.1
1997-08-08,1598.52,0.31,2.52,-5.7410921820149765,,-0.03,107.1
1997-08-11,1586.74,0.36,2.49,-5.755946745780391,,-0.03,107.1
1997-08-12,1576.24,0.37,2.5,-5.754153391789699,,-0.03,107.1
1997-08-13,1583.4,0.39,2.51,-5.75099390382713,,-0.03,107.1
1997-08-14,1586.69,0.41,2.53,-5.755717823640447,,-0.03,107.1
1997-08-15,1562.03,0.35,2.54,-5.797576353942562,,-0.03,107.1
1997-08-18,1569.52,0.4,2.56,-5.816458462637643,,-0.03,107.1
1997-08-19,1600.71,0.39,2.61,-5.810164440862492,,-0.03,107.1
1997-08-20,1628.7,0.36,2.6,-5.801574944374422,,-0.03,107.1
1997-08-21,1607.36,0.36,2.58,-5.797776925188514,,-0.03,107.1
1997-08-22,1598.69,0.35,2.55,-5.798683275119368,,-0.03,107.1
1997-08-25,1601.57,0.4,2.52,-5.797021629781683,,-0.03,107.1
1997-08-26,1591.3,0.38,2.5,-5.7980597534360445,,-0.03,107.1
1997-08-27,1595.54,0.39,2.51,-5.796450163515608,,-0.03,107.1
1997-08-28,1581.32,0.37,2.51,-5.8191799447089805,,-0.03,107.1
1997-08-29,1587.32,0.36,2.57,-5.798207279873999,,-0.03,107.1
1997-09-02,1618.09,0.37,2.59,-5.825024524484375,,0.03,104.4
1997-09-03,1618.24,0.37,2.62,-5.804027889647257,,0.03,104.4
1997-09-04,1624.63,0.37,2.6,-5.802382054910814,,0.03,104.4
1997-09-05,1635.77,0.35,2.61,-5.800676575687894,,0.03,104.4
1997-09-08,1645.35,0.39,2.6,-5.810993129602189,,0.03,104.4
1997-09-09,1656.22,0.35,2.6,-5.809966120312144,,0.03,104.4
1997-09-10,1639.25,0.36,2.59,-5.807396085487103,,0.03,104.4
1997-09-11,1639.86,0.37,2.55,-5.840555929266161,,0.03,104.4
1997-09-12,1649.33,0.39,2.55,-5.834602297720764,,0.03,104.4
1997-09-15,1634.92,0.36,2.62,-5.824765883207499,,0.03,104.4
1997-09-16,1668.97,0.35,2.61,-5.829906426002862,,0.03,104.4
1997-09-17,1666.47,0.3,2.69,-5.826465765130425,,0.03,104.4
1997-09-18,1670.02,0.31,2.65,-5.812350276701068,,0.03,104.4
1997-09-19,1680.36,0.3,2.59,-5.814835114350372,,0.03,104.4
1997-09-22,1689.45,0.28,2.59,-5.824529508646787,,0.03,104.4
1997-09-23,1697.36,0.27,2.59,-5.830550853492348,,0.03,104.4
1997-09-24,1687.41,0.3,2.57,-5.829498086854792,,0.03,104.4
1997-09-25,1678.89,0.26,2.61,-5.851504695968117,,0.03,104.4
1997-09-26,1682.24,0.28,2.54,-5.845247994956144,,0.03,104.4
1997-09-29,1694.98,0.28,2.57,-5.805819222334933,,0.03,104.4
1997-09-30,1685.69,0.3,2.55,-5.850245357897216,,0.03,104.4
1997-10-01,1690.3,0.32,2.59,-5.8520001795006795,,0,106
1997-10-02,1702.41,0.29,2.63,-5.87418138649325,,0,106
1997-10-03,1715.87,0.28,2.63,-5.883258573368081,,0,106
1997-10-06,1721.91,0.29,2.61,-5.871624784901403,,0,106
1997-10-07,1737.27,0.28,2.63,-5.861916474920762,,0,106
1997-10-08,1741.77,0.27,2.62,-5.874245013132154,,0,106
1997-10-09,1745.85,0.29,2.49,-5.847432585856568,,0,106
1997-10-10,1739.03,0.29,2.51,-5.861941782171076,,0,106
1997-10-13,1742.12,0.29,2.51,-5.858767341010428,,0,106
1997-10-14,1732.79,0.29,2.54,-5.839354905878756,,0,106
1997-10-15,1723.37,0.26,2.51,-5.823262316340128,,0,106
1997-10-16,1699.66,0.26,2.48,-5.836439970519699,,0,106
1997-10-17,1666.85,0.25,2.47,-5.830940248114249,,0,106
1997-10-20,1685.45,0.26,2.44,-5.814184412586953,,0,106
1997-10-21,1712.54,0.25,2.45,-5.832781306549493,,0,106
1997-10-22,1708.08,0.22,2.45,-5.827124039126,,0,106
1997-10-23,1671.25,0.21,2.46,-5.845841478882675,,0,106
1997-10-24,1650.92,0.25,2.55,-5.825258321651239,,0,106
1997-10-27,1535.14,0.29,2.84,-5.84433723843582,,0,106
1997-10-28,1603.02,0.24,2.82,-5.8571435768664415,,0,106
1997-10-29,1602.75,0.24,2.83,-5.844427440369526,,0,106
1997-10-30,1570.41,0.23,2.89,-5.854392770784653,,0,106
1997-10-31,1593.61,0.21,2.99,-5.840385362119865,,-0.03,105.6
1997-11-03,1629.98,0.22,2.91,-5.851039034701839,,-0.03,105.6
1997-11-04,1631.15,0.22,2.84,-5.8539702421083994,,-0.03,105.6
1997-11-05,1637.33,0.22,2.81,-5.851357050287283,,-0.03,105.6
1997-11-06,1623.44,0.2,2.83,-5.862252815627976,,-0.03,105.6
1997-11-07,1602.4,0.19,2.83,-5.854724938706364,,-0.03,105.6
1997-11-10,1590.72,0.18,2.81,-5.838278652690823,,-0.03,105.6
1997-11-11,1584.86,0.18,2.8,-5.8505554145232095,,-0.03,105.6
1997-11-12,1541.72,0.19,2.83,-5.853000463448423,,-0.03,105.6
1997-11-13,1557.74,0.17,2.86,-5.853732146527677,,-0.03,105.6
1997-11-14,1583.51,0.16,2.88,-5.834547873158877,,-0.03,105.6
1997-11-17,1614.11,0.15,2.89,-5.834177527670605,,-0.03,105.6
1997-11-18,1600.44,0.14,2.88,-5.880204691790722,,-0.03,105.6
1997-11-19,1601.22,0.12,2.91,-5.872298133605294,,-0.03,105.6
1997-11-20,1626.56,0.11,2.89,-5.880065682832463,,-0.03,105.6
1997-11-21,1620.75,0.14,2.9,-5.897611638301636,,-0.03,105.6
1997-11-24,1586.99,0.15,2.87,-5.894629908415409,,-0.03,105.6
1997-11-25,1589.04,0.14,2.87,-5.880992326490193,,-0.03,105.6
1997-11-26,1594.5,0.12,2.85,-5.867153707903181,,-0.03,105.6
1997-11-28,1600.55,0.1,2.84,-5.867153707903181,,-0.03,105.6
1997-12-01,1630.72,0.08,2.9,-5.87146700364972,,-0.1,107.2
1997-12-02,1606.37,0.08,2.87,-5.871543436029555,,-0.1,107.2
1997-12-03,1615.13,0.09,2.88,-5.8855608852625885,,-0.1,107.2
1997-12-04,1613.42,0.13,2.87,-5.856461101570108,,-0.1,107.2
1997-12-05,1633.9,0.12,2.81,-5.879858515112425,,-0.1,107.2
1997-12-08,1651.54,0.11,2.77,-5.861646938602474,,-0.1,107.2
1997-12-09,1620.55,0.14,2.79,-5.847545037846473,,-0.1,107.2
1997-12-10,1596.61,0.15,2.82,-5.861056530265728,,-0.1,107.2
1997-12-11,1558.54,0.14,2.88,-5.859332734837882,,-0.1,107.2
1997-12-12,1536.58,0.11,2.94,-5.851458374666889,,-0.1,107.2
1997-12-15,1536.56,0.1,2.89,-5.876790000121866,,-0.1,107.2
1997-12-16,1553,0.09,2.9,-5.885193444058409,,-0.1,107.2
1997-12-17,1547.38,0.11,2.87,-5.8887182321684515,,-0.1,107.2
1997-12-18,1523.19,0.08,2.89,-5.8753734291050685,,-0.1,107.2
1997-12-19,1524.74,0.06,2.93,-5.88438788206723,,-0.1,107.2
1997-12-22,1532.06,0.03,2.93,-5.891722793662815,,-0.1,107.2
1997-12-23,1509.91,0.04,2.94,-5.91494228116929,,-0.1,107.2
1997-12-24,1499.53,0.09,2.94,-5.931847482051847,,-0.1,107.2
1997-12-26,1511.38,0.06,2.93,-5.9280238599699615,,-0.1,107.2
1997-12-29,1537.45,0.07,2.92,-5.930779595286401,,-0.1,107.2
1997-12-30,1565.03,0.09,2.91,-5.917454561334232,,-0.1,107.2
1997-12-31,1570.35,0.09,2.96,-5.916716165070061,,-0.07,102.1
1998-01-02,1581.53,0.08,3.02,-5.923347433322597,,-0.07,102.1
1998-01-05,1594.12,0.05,3.09,-5.913573754515161,,-0.07,102.1
1998-01-06,1580.14,0.1,3.1,-5.908238812874324,,-0.07,102.1
1998-01-07,1561.7,0.13,3.07,-5.9232447175794825,,-0.07,102.1
1998-01-08,1555.54,0.18,3.1,-5.91761007965813,,-0.07,102.1
1998-01-09,1503.22,0.23,3.16,-5.91526019172452,,-0.07,102.1
1998-01-12,1507.58,0.19,3.16,-5.921205595641103,,-0.07,102.1
1998-01-13,1541.63,0.16,3.14,-5.910934074202435,,-0.07,102.1
1998-01-14,1548.76,0.16,3.1,-5.900800736013802,,-0.07,102.1
1998-01-15,1547.06,0.19,3.07,-5.90585079438499,,-0.07,102.1
1998-01-16,1562.88,0.19,3.01,-5.931790120961814,,-0.07,102.1
1998-01-20,1590.14,0.2,2.98,-5.935718428099796,,-0.07,102.1
1998-01-21,1587.92,0.21,2.99,-5.938025584952422,,-0.07,102.1
1998-01-22,1576.51,0.26,2.98,-5.91578848525185,,-0.07,102.1
1998-01-23,1575.93,0.28,2.9,-5.934824267994651,,-0.07,102.1
1998-01-26,1561.46,0.24,2.92,-5.9203422267917,,-0.07,102.1
1998-01-27,1578.9,0.24,2.89,-5.914368028814942,,-0.07,102.1
1998-01-28,1610.82,0.23,2.89,-5.9392566384278895,,-0.07,102.1
1998-01-29,1619.49,0.22,2.95,-5.934415464706397,,-0.07,102.1
1998-01-30,1619.36,0.21,2.98,-5.950931497808351,,-0.07,102.1
1998-02-02,1652.89,0.21,2.96,-5.9579346491864555,,-0.03,106.6
1998-02-03,1666.34,0.22,2.98,-5.959022112364389,,-0.03,106.6
1998-02-04,1680.44,0.25,2.98,-5.964604104894755,,-0.03,106.6
1998-02-05,1676.9,0.26,2.94,-5.9687773994709765,,-0.03,106.6
1998-02-06,1694.35,0.24,2.93,-5.9710085385406,,-0.03,106.6
1998-02-09,1690.43,0.24,2.92,-5.992127897049388,,-0.03,106.6
1998-02-10,1709.04,0.23,2.93,-5.973434227488616,,-0.03,106.6
1998-02-11,1708.55,0.14,2.96,-5.96918315351267,,-0.03,106.6
1998-02-12,1714.34,0.13,2.95,-5.967129245593183,,-0.03,106.6
1998-02-13,1710.42,0.13,2.97,-5.98419659308011,,-0.03,106.6
1998-02-17,1703.43,0.1,2.94,-5.985140678471091,,-0.03,106.6
1998-02-18,1715.73,0.12,2.94,-5.995820392493976,,-0.03,106.6
1998-02-19,1727.01,0.12,2.93,-5.990798989679088,,-0.03,106.6
1998-02-20,1728.13,0.13,2.91,-5.998519842626214,,-0.03,106.6
1998-02-23,1751.76,0.12,2.88,-6.0040991696801385,,-0.03,106.6
1998-02-24,1738.71,0.12,2.83,-6.000042400355735,,-0.03,106.6
1998-02-25,1766.48,0.08,2.87,-5.969530143181764,,-0.03,106.6
1998-02-26,1777.11,0.07,2.86,-5.94710109905464,,-0.03,106.6
1998-02-27,1770.51,0.07,2.88,-5.964831376668288,,-0.03,106.6
1998-03-02,1758.54,0.12,2.8,-5.930468065302332,,0,110.4
1998-03-03,1757.14,0.13,2.79,-5.941478639641707,,0,110.4
1998-03-04,1759.7,0.13,2.81,-5.931950419575575,,0,110.4
1998-03-05,1711.92,0.16,2.82,-5.901454158109648,,0,110.4
1998-03-06,1753.49,0.15,2.85,-5.905809102529488,,0,110.4
1998-03-09,1725.16,0.1,2.88,-5.909494102885188,,0,110.4
1998-03-10,1748.51,0.12,2.89,-5.906478829149968,,0,110.4
1998-03-11,1756.85,0.1,2.89,-5.9036063583140015,,0,110.4
1998-03-12,1764.06,0.06,2.93,-5.865245490441556,,0,110.4
1998-03-13,1771.66,0.08,2.91,-5.878763684003041,,0,110.4
1998-03-16,1788.18,0.07,2.91,-5.8724397660755825,,0,110.4
1998-03-17,1779.3,0.06,2.88,-5.870152564764656,,0,110.4
1998-03-18,1788.28,0.06,2.85,-5.887957600099479,,0,110.4
1998-03-19,1799.98,0.06,2.84,-5.898366516326225,,0,110.4
1998-03-20,1789.16,0.05,2.84,-5.899957245861967,,0,110.4
1998-03-23,1792.51,0.05,2.83,-5.904842784127121,,0,110.4
1998-03-24,1812.44,0.08,2.82,-5.925343417668741,,0,110.4
1998-03-25,1824.51,0.06,2.78,-5.9381359172719685,,0,110.4
1998-03-26,1828.54,0.06,2.75,-5.939806839339115,,0,110.4
1998-03-27,1823.62,0.05,2.73,-5.942847215268053,,0,110.4
1998-03-30,1818.7,0.07,2.71,-5.944854793060501,,0,110.4
1998-03-31,1835.68,0.07,2.83,-5.939742726021605,,0,106.5
1998-04-01,1847.66,0.07,2.84,-5.975364314327674,,0,106.5
1998-04-02,1852.96,0.04,2.88,-5.976456108782553,,0,106.5
1998-04-03,1855.4,0.05,2.94,-6.007381725777784,,0,106.5
1998-04-06,1829.14,0.05,2.94,-6.006346737014779,,0,106.5
1998-04-07,1798.73,0.06,2.89,-5.995318116423972,,0,106.5
1998-04-08,1807.01,0.08,2.9,-5.98537576047142,,0,106.5
1998-04-09,1820.24,0.09,2.87,-5.947321188548845,,0,106.5
1998-04-13,1824.95,0.09,2.86,-5.94250699217965,,0,106.5
1998-04-14,1843.03,0.07,2.81,-5.937465239858582,,0,106.5
1998-04-15,1863.26,0.06,2.85,-5.888242238115708,,0,106.5
1998-04-16,1858.24,0.05,2.84,-5.918048504774057,,0,106.5
1998-04-17,1866.6,0.06,2.86,-5.910775635857839,,0,106.5
1998-04-20,1887.14,0.05,2.85,-5.9192039798765,,0,106.5
1998-04-21,1903.87,0.08,2.82,-5.917493683338653,,0,106.5
1998-04-22,1917.61,0.08,2.8,-5.916540322414835,,0,106.5
1998-04-23,1881.4,0.08,2.8,-5.922345021197455,,0,106.5
1998-04-24,1868.96,0.08,2.8,-5.92975465676821,,0,106.5
1998-04-27,1820.31,0.06,2.81,-5.904720986612093,,0,106.5
1998-04-28,1831.77,0.09,2.79,-5.897742276009116,,0,106.5
1998-04-29,1851.64,0.11,2.78,-5.910138965621557,,0,106.5
1998-04-30,1868.41,0.1,2.79,-5.907706263423116,,0,106.5
1998-05-01,1873.44,0.09,2.98,-5.873535130715042,,-0.13,108.7
1998-05-04,1878.86,0.08,2.98,-5.881791144937353,,-0.13,108.7
1998-05-05,1864.91,0.08,2.95,-5.887418092086024,,-0.13,108.7
1998-05-06,1856.68,0.09,2.93,-5.90755257485764,,-0.13,108.7
1998-05-07,1835.14,0.11,2.97,-5.93123268284736,,-0.13,108.7
1998-05-08,1864.37,0.11,2.97,-5.9336412396265175,,-0.13,108.7
1998-05-11,1848.07,0.1,2.95,-5.9562358552242385,,-0.13,108.7
1998-05-12,1860.16,0.13,2.9,-5.9320411266371815,,-0.13,108.7
1998-05-13,1866.18,0.11,2.98,-5.941910732653253,,-0.13,108.7
1998-05-14,1865.36,0.05,3,-5.937871596655228,,-0.13,108.7
1998-05-15,1846.77,0.04,2.98,-5.9540800538988545,,-0.13,108.7
1998-05-18,1831.62,0.05,2.97,-6.008938109967524,,-0.13,108.7
1998-05-19,1845.87,0.05,3.02,-5.981160317661257,,-0.13,108.7
1998-05-20,1831.75,0.06,3.02,-5.978544042701273,,-0.13,108.7
1998-05-21,1820.99,0.04,3.04,-5.975975689100708,,-0.13,108.7
1998-05-22,1805,0.02,3,-5.973624628979651,,-0.13,108.7
1998-05-26,1778.09,0.01,3.01,-5.978023484538964,,-0.13,108.7
1998-05-27,1781.1,-0.02,3.04,-5.953056085902254,,-0.13,108.7
1998-05-28,1794.62,0.03,3.05,-5.952321905077533,,-0.13,108.7
1998-05-29,1778.87,0.01,3.04,-5.942206531577684,,-0.13,108.7
1998-06-01,1746.82,0.03,3.18,-5.947042708082492,,-0.1,106.5
1998-06-02,1761.79,0.01,3.2,-5.971875943729792,,-0.1,106.5
1998-06-03,1742.31,0.03,3.18,-5.954564897991423,,-0.1,106.5
1998-06-04,1757.4,0.02,3.18,-5.970044718807159,,-0.1,106.5
1998-06-05,1782.92,0.01,3.15,-5.95863077693391,,-0.1,106.5
1998-06-08,1787.77,0,3.16,-5.966314313485207,,-0.1,106.5
1998-06-09,1800.76,0,3.15,-5.958510991169603,,-0.1,106.5
1998-06-10,1773.25,-0.01,3.15,-5.935134820975544,,-0.1,106.5
1998-06-11,1749.75,-0.04,3.2,-5.93523024099234,,-0.1,106.5
1998-06-12,1745.05,-0.01,3.24,-5.942889876959425,,-0.1,106.5
1998-06-15,1715.75,0,3.26,-5.968697092489557,,-0.1,106.5
1998-06-16,1753.12,-0.05,3.3,-5.977085661921165,,-0.1,106.5
1998-06-17,1776.4,-0.05,3.29,-5.975652611286148,,-0.1,106.5
1998-06-18,1772.7,-0.01,3.25,-5.98537315771458,,-0.1,106.5
1998-06-19,1781.29,-0.03,3.26,-5.985498337829411,,-0.1,106.5
1998-06-22,1805.82,-0.05,3.28,-5.97246080801325,,-0.1,106.5
1998-06-23,1844.57,-0.06,3.29,-5.978059520639934,,-0.1,106.5
1998-06-24,1877.76,-0.04,3.31,-5.977289486945713,,-0.1,106.5
1998-06-25,1863.25,-0.03,3.28,-5.983028526097939,,-0.1,106.5
1998-06-26,1869.53,-0.07,3.28,-5.990109533350522,,-0.1,106.5
1998-06-29,1891.08,-0.05,3.28,-5.993161476074492,,-0.1,106.5
1998-06-30,1894.74,-0.04,3.27,-6.00124045506569,,-0.1,106.5
1998-07-01,1914.46,-0.05,3.37,-6.016661658153517,,-0.07,105.6
1998-07-02,1894,-0.02,3.39,-6.003743009686697,,-0.07,105.6
1998-07-06,1909.47,-0.02,3.41,-6.011022556007639,,-0.07,105.6
1998-07-07,1908.11,-0.04,3.42,-6.012985446002585,,-0.07,105.6
1998-07-08,1935.39,-0.02,3.39,-6.009989948256648,,-0.07,105.6
1998-07-09,1939.82,-0.01,3.36,-6.009750376605824,,-0.07,105.6
1998-07-10,1943.04,-0.02,3.39,-5.999729056957875,,-0.07,105.6
1998-07-13,1965.53,0.01,3.38,-5.9751819621400015,,-0.07,105.6
1998-07-14,1968.41,0.02,3.34,-5.971928728778166,,-0.07,105.6
1998-07-15,1994.54,0.03,3.33,-5.95250506697604,,-0.07,105.6
1998-07-16,2000.56,0.02,3.3,-5.950152876580227,,-0.07,105.6
1998-07-17,2008.76,0.04,3.29,-5.94802990617086,,-0.07,105.6
1998-07-20,2014.25,0.05,3.29,-5.927811149629386,,-0.07,105.6
1998-07-21,1979.14,0.02,3.3,-5.94679210705639,,-0.07,105.6
1998-07-22,1969.75,-0.01,3.3,-5.931519042465356,,-0.07,105.6
1998-07-23,1935.22,-0.02,3.29,-5.93358759300832,,-0.07,105.6
1998-07-24,1930.99,-0.01,3.31,-5.8884419270347195,,-0.07,105.6
1998-07-27,1933.26,-0.03,3.3,-5.904395740111157,,-0.07,105.6
1998-07-28,1896.53,-0.01,3.3,-5.9133487494527195,,-0.07,105.6
1998-07-29,1881.49,0.04,3.26,-5.918638626411916,,-0.07,105.6
1998-07-30,1919.62,0.03,3.29,-5.9248391871985575,,-0.07,105.6
1998-07-31,1872.39,0.01,3.3,-5.933617901995169,,-0.07,105.6
1998-08-03,1851.1,0.01,3.38,-5.950295270069911,,0.07,105.2
1998-08-04,1785.64,0,3.42,-5.980922024705847,,0.07,105.2
1998-08-05,1788.2,0,3.48,-5.977173728872607,,0.07,105.2
1998-08-06,1829.51,0.04,3.5,-5.97715425179504,,0.07,105.2
1998-08-07,1846.77,0.05,3.5,-5.965974636894543,,0.07,105.2
1998-08-10,1839.21,0.06,3.55,-5.987011722487347,,0.07,105.2
1998-08-11,1792.7,0.07,3.58,-5.993550053599003,,0.07,105.2
1998-08-12,1825.53,0.06,3.75,-5.976926388661955,,0.07,105.2
1998-08-13,1802.54,0.08,3.76,-5.986981007953889,,0.07,105.2
1998-08-14,1790.19,0.07,3.76,-5.98075447755462,,0.07,105.2
1998-08-17,1818.04,0.06,3.78,-5.976018899389922,,0.07,105.2
1998-08-18,1855.12,0.06,3.83,-5.982508235085911,,0.07,105.2
1998-08-19,1842.69,0.05,3.84,-5.972836895696027,,0.07,105.2
1998-08-20,1832.45,0.08,3.86,-5.959456366890809,,0.07,105.2
1998-08-21,1797.61,0.06,3.9,-5.9794141344602725,,0.07,105.2
1998-08-24,1790.82,0.07,4.09,-5.9604093300972,,0.07,105.2
1998-08-25,1798.17,0.08,4.16,-5.960914719818602,,0.07,105.2
1998-08-26,1768.13,0.07,4.23,-5.9648883496958875,,0.07,105.2
1998-08-27,1686.41,0.14,4.36,-5.936927679097345,,0.07,105.2
1998-08-28,1639.68,0.14,4.7,-5.953684237516669,,0.07,105.2
1998-08-31,1499.25,0.16,4.87,-5.968426136698689,,0.07,105.2
1998-09-01,1575.09,0.14,5.2,-5.91836954100522,,0.13,104.4
1998-09-02,1592.85,0.19,5.26,-5.942573571405625,,0.13,104.4
1998-09-03,1571.86,0.14,5.26,-5.949685674433464,,0.13,104.4
1998-09-04,1566.52,0.12,5.33,-5.951263220860471,,0.13,104.4
1998-09-08,1660.86,0.11,5.35,-5.923948099253626,,0.13,104.4
1998-09-09,1624.55,0.13,5.3,-5.907415102765531,,0.13,104.4
1998-09-10,1585.33,0.16,5.43,-5.941022533950013,,0.13,104.4
1998-09-11,1641.64,0.19,5.68,-5.958979091963494,,0.13,104.4
1998-09-14,1665.69,0.17,5.7,-5.959268607307494,,0.13,104.4
1998-09-15,1678.11,0.15,5.67,-5.940239514435874,,0.13,104.4
1998-09-16,1689.91,0.17,5.66,-5.944412857783103,,0.13,104.4
1998-09-17,1646.25,0.13,5.67,-5.973591874432532,,0.13,104.4
1998-09-18,1663.77,0.1,5.7,-5.974612109174997,,0.13,104.4
1998-09-21,1680.43,0.09,5.79,-5.967742662137395,,0.13,104.4
1998-09-22,1697.8,0.06,5.78,-5.977449619371418,,0.13,104.4
1998-09-23,1760.27,0.07,5.72,-5.965480294580532,,0.13,104.4
1998-09-24,1720.34,0.17,5.72,-5.978059520639934,,0.13,104.4
1998-09-25,1743.59,0.21,5.73,-5.970748804636302,,0.13,104.4
1998-09-28,1739.22,0.17,5.76,-5.980119747420991,,0.13,104.4
1998-09-29,1734.05,0.16,5.74,-5.977085432951958,,0.13,104.4
1998-09-30,1693.84,0.12,5.76,-6.004932764158848,,0.13,104.4
1998-10-01,1612.33,0.14,5.95,-6.018642868161927,,0.17,100.9
1998-10-02,1614.98,0.16,6.06,-6.031901323011912,,0.17,100.9
1998-10-05,1536.69,0.14,6.11,-6.035916309678816,,0.17,100.9
1998-10-06,1510.89,0.12,6.29,-6.024522592288914,,0.17,100.9
1998-10-07,1462.61,0.14,6.27,-6.02674453726555,,0.17,100.9
1998-10-08,1419.12,0.22,6.21,-6.034773074198242,,0.17,100.9
1998-10-09,1492.49,0.46,6.39,-6.022424665743255,,0.17,100.9
1998-10-12,1546.08,0.58,6.32,-6.015905682267127,,0.17,100.9
1998-10-13,1509.45,0.58,6.32,-6.012111752065016,,0.17,100.9
1998-10-14,1540.97,0.6,6.37,-6.015250921698526,,0.17,100.9
1998-10-15,1611.01,0.5,6.59,-6.0213175102576635,,0.17,100.9
1998-10-16,1620.95,0.45,6.67,-6.003133290942359,,0.17,100.9
1998-10-19,1648.73,0.58,6.78,-5.999556297260611,,0.17,100.9
1998-10-20,1639.19,0.57,6.78,-6.004306900019209,,0.17,100.9
1998-10-21,1674.75,0.59,6.65,-6.007084559084608,,0.17,100.9
1998-10-22,1702.64,0.47,6.59,-5.999672527525812,,0.17,100.9
1998-10-23,1693.86,0.46,6.49,-6.005154014825232,,0.17,100.9
1998-10-26,1724.98,0.5,6.38,-6.012807870203418,,0.17,100.9
1998-10-27,1717.63,0.51,6.43,-6.023870002380428,,0.17,100.9
1998-10-28,1737.35,0.59,6.49,-6.030957036319466,,0.17,100.9
1998-10-29,1757.19,0.54,6.5,-6.022469441927396,,0.17,100.9
1998-10-30,1771.39,0.52,6.36,-6.005522724800995,,0.17,100.9
1998-11-02,1800.91,0.51,6.33,-5.990433796286607,,0.2,97.4
1998-11-03,1788.43,0.53,6.27,-5.989740111433199,,0.2,97.4
1998-11-04,1823.57,0.4,6.11,-5.989410455321044,,0.2,97.4
1998-11-05,1837.42,0.35,6.09,-5.998271925336007,,0.2,97.4
1998-11-06,1856.58,0.34,5.95,-5.99692158657104,,0.2,97.4
1998-11-09,1860.92,0.31,5.93,-6.003810382930281,,0.2,97.4
1998-11-10,1863.69,0.31,5.88,-6.02113212480989,,0.2,97.4
1998-11-11,1862.23,0.31,5.85,-6.013148411667632,,0.2,97.4
1998-11-12,1851.06,0.3,5.82,-6.02391829195772,,0.2,97.4
1998-11-13,1847.99,0.28,5.73,-6.033833549882762,,0.2,97.4
1998-11-16,1861.06,0.29,5.62,-6.039984111898142,,0.2,97.4
1998-11-17,1878.08,0.29,5.53,-6.021409995806862,,0.2,97.4
1998-11-18,1896.65,0.22,5.54,-6.029746733678999,,0.2,97.4
1998-11-19,1919.66,0.19,5.47,-6.031077096559776,,0.2,97.4
1998-11-20,1928.01,0.16,5.45,-6.017440033511242,,0.2,97.4
1998-11-23,1977.48,0.21,5.41,-6.035151631647458,,0.2,97.4
1998-11-24,1965.51,0.21,5.36,-6.034200202368708,,0.2,97.4
1998-11-25,1984.63,0.17,5.33,-6.043024141261875,,0.2,97.4
1998-11-27,2016.44,0.19,5.34,-6.043024141261875,,0.2,97.4
1998-11-30,1949.86,0.2,5.44,-6.023486563561109,,0.17,102.7
1998-12-01,2002.16,0.23,5.48,-6.028295417974005,,0.17,102.7
1998-12-02,1995.01,0.23,5.55,-6.040762970500554,,0.17,102.7
1998-12-03,1954.39,0.22,5.55,-6.056525279253368,,0.17,102.7
1998-12-04,2001.88,0.16,5.53,-6.060748709013539,,0.17,102.7
1998-12-07,2040.28,0.15,5.45,-6.0783228386603305,,0.17,102.7
1998-12-08,2034.71,0.14,5.54,-6.073596293736769,,0.17,102.7
1998-12-09,2050.9,0.14,5.56,-6.0680199909966115,,0.17,102.7
1998-12-10,2016.14,0.14,5.61,-6.074214532238789,,0.17,102.7
1998-12-11,2028.64,0.15,5.56,-6.085272097027771,,0.17,102.7
1998-12-14,1967.58,0.16,5.64,-6.088962911592859,,0.17,102.7
1998-12-15,2012.14,0.15,5.59,-6.085077221836553,,0.17,102.7
1998-12-16,2010.33,0.18,5.64,-6.076240191270405,,0.17,102.7
1998-12-17,2042.85,0.16,5.64,-6.0855463931970615,,0.17,102.7
1998-12-18,2085.76,0.13,5.63,-6.081485708160516,,0.17,102.7
1998-12-21,2137.69,0.08,5.58,-6.079290741278925,,0.17,102.7
1998-12-22,2121.01,0.11,5.53,-6.069893793557924,,0.17,102.7
1998-12-23,2171.49,0.08,5.43,-6.076961919266396,,0.17,102.7
1998-12-24,2163.03,0.08,5.39,-6.075224299367856,,0.17,102.7
1998-12-28,2179.49,0.05,5.44,-6.068731402895016,,0.17,102.7
1998-12-29,2181.35,0.11,5.48,-6.04991459319688,,0.17,102.7
1998-12-30,2166.63,0.09,5.51,-6.0652788609443915,,0.17,102.7
1998-12-31,2192.48,0.11,5.66,-6.064615428743597,,0,100.5
1999-01-04,2207.45,0.11,5.63,-6.088649532169295,,0,100.5
1999-01-05,2248.22,0.1,5.57,-6.097674778934504,,0,100.5
1999-01-06,2320.86,0.11,5.56,-6.09087323565386,,0,100.5
1999-01-07,2326.09,0.14,5.53,-6.105066867660912,,0,100.5
1999-01-08,2344.41,0.15,5.41,-6.093785546747911,,0,100.5
1999-01-11,2384.59,0.16,5.37,-6.079715235199348,,0,100.5
1999-01-12,2320.75,0.14,5.46,-6.0686883258329996,,0,100.5
1999-01-13,2316.81,0.13,5.6,-6.068202616588458,,0,100.5
1999-01-14,2276.82,0.16,5.67,-6.079425321301744,,0,100.5
1999-01-15,2348.2,0.1,5.62,-6.071855262441199,,0,100.5
1999-01-19,2408.17,0.09,5.55,-6.060756327579374,,0,100.5
1999-01-20,2415.49,0.1,5.49,-6.076738304199071,,0,100.5
1999-01-21,2344.72,0.07,5.54,-6.080751237934748,,0,100.5
1999-01-22,2338.88,0.05,5.59,-6.078507633386851,,0,100.5
1999-01-25,2369.31,0.08,5.56,-6.088373226053807,,0,100.5
1999-01-26,2433.47,0.06,5.54,-6.088592654975552,,0,100.5
1999-01-27,2407.14,0.11,5.54,-6.086915880134363,,0,100.5
1999-01-28,2477.34,0.09,5.53,-6.098920767340028,,0,100.5
1999-01-29,2505.89,0.08,5.53,-6.102159645751787,,0,100.5
1999-02-01,2510.09,0.1,5.54,-6.109935340700691,,-0.07,103.9
1999-02-02,2463.42,0.09,5.49,-6.105385082790469,,-0.07,103.9
1999-02-03,2493.41,0.11,5.45,-6.101328794611952,,-0.07,103.9
1999-02-04,2410.07,0.12,5.41,-6.09256066397935,,-0.07,103.9
1999-02-05,2373.62,0.14,5.36,-6.078069184733714,,-0.07,103.9
1999-02-08,2404.92,0.14,5.36,-6.053420298219022,,-0.07,103.9
1999-02-09,2310.79,0.12,5.41,-6.071334378992342,,-0.07,103.9
1999-02-10,2309.5,0.13,5.35,-6.077122807790649,,-0.07,103.9
1999-02-11,2405.55,0.13,5.33,-6.079198933103849,,-0.07,103.9
1999-02-12,2321.89,0.15,5.24,-6.097130359669416,,-0.07,103.9
1999-02-16,2313.87,0.1,5.25,-6.130078922720096,,-0.07,103.9
1999-02-17,2248.91,0.09,5.29,-6.123051820080268,,-0.07,103.9
1999-02-18,2260.55,0.11,5.23,-6.14295118412493,,-0.07,103.9
1999-02-19,2283.6,0.12,5.23,-6.147805303310591,,-0.07,103.9
1999-02-22,2342.01,0.12,5.31,-6.153270100779325,,-0.07,103.9
1999-02-23,2376.35,0.1,5.26,-6.145846173818484,,-0.07,103.9
1999-02-24,2339.38,0.13,5.22,-6.14596106819755,,-0.07,103.9
1999-02-25,2326.82,0.17,5.15,-6.122824814829521,,-0.07,103.9
1999-02-26,2288.03,0.16,5.21,-6.122076663024818,,-0.07,103.9
1999-03-01,2295.18,0.2,5.15,-6.133523181170212,,0,108.1
1999-03-02,2259.03,0.17,5.24,-6.1249959397325044,,0,108.1
1999-03-03,2265.2,0.2,5.2,-6.119707929189268,,0,108.1
1999-03-04,2292.89,0.21,5.2,-6.12544015385101,,0,108.1
1999-03-05,2337.11,0.2,5.28,-6.123861621557961,,0,108.1
1999-03-08,2397.62,0.17,5.3,-6.146754698343854,,0,108.1
1999-03-09,2392.94,0.16,5.34,-6.141986282149805,,0,108.1
1999-03-10,2406,0.16,5.29,-6.139966132712249,,0,108.1
1999-03-11,2412.25,0.16,5.27,-6.149118253287077,,0,108.1
1999-03-12,2381.53,0.16,5.29,-6.1523408151253856,,0,108.1
1999-03-15,2431.44,0.16,5.28,-6.143646836326896,,0,108.1
1999-03-16,2439.27,0.14,5.3,-6.1290801506285195,,0,108.1
1999-03-17,2428.97,0.13,5.28,-6.122535049054826,,0,108.1
1999-03-18,2462.96,0.12,5.29,-6.130909079545545,,0,108.1
1999-03-19,2421.27,0.13,5.21,-6.132809464046391,,0,108.1
1999-03-22,2395.94,0.13,5.18,-6.090292141724185,,0,108.1
1999-03-23,2322.84,0.17,5.23,-6.0730304843220395,,0,108.1
1999-03-24,2365.28,0.19,5.22,-6.077037005915626,,0,108.1
1999-03-25,2434.8,0.19,5.17,-6.063590949916655,,0,108.1
1999-03-26,2419.17,0.22,5.18,-6.062195482625151,,0,108.1
1999-03-29,2492.84,0.26,5.14,-6.106664407587247,,0,108.1
1999-03-30,2480.29,0.24,5.19,-6.114236901738769,,0,108.1
1999-03-31,2461.4,0.26,5.19,-6.107564006096265,,-0.03,105.7
1999-04-01,2493.37,0.26,5.11,-6.106326321889949,,-0.03,105.7
1999-04-05,2560.06,0.24,5.17,-6.0978959177673016,,-0.03,105.7
1999-04-06,2563.17,0.24,5.18,-6.107209207440778,,-0.03,105.7
1999-04-07,2544.43,0.2,5.18,-6.079152416029668,,-0.03,105.7
1999-04-08,2573.39,0.21,5.13,-6.083666721302439,,-0.03,105.7
1999-04-09,2593.05,0.17,5.18,-6.08458939595202,,-0.03,105.7
1999-04-12,2598.81,0.17,5.16,-6.104076441919014,,-0.03,105.7
1999-04-13,2583.5,0.13,5.14,-6.075424815704715,,-0.03,105.7
1999-04-14,2507.28,0.18,5.09,-6.076167342849142,,-0.03,105.7
1999-04-15,2521.77,0.18,5.05,-6.051782521238299,,-0.03,105.7
1999-04-16,2484.04,0.21,5,-6.02638081221421,,-0.03,105.7
1999-04-19,2345.61,0.21,4.96,-6.008017134928164,,-0.03,105.7
1999-04-20,2409.64,0.19,4.99,-6.031791153102377,,-0.03,105.7
1999-04-21,2489.08,0.21,5.02,-6.023857484310533,,-0.03,105.7
1999-04-22,2561.61,0.18,5,-6.0020391962294095,,-0.03,105.7
1999-04-23,2590.69,0.2,4.93,-6.013108109725476,,-0.03,105.7
1999-04-26,2652.05,0.22,4.93,-6.010036509477678,,-0.03,105.7
1999-04-27,2602.41,0.19,4.95,-6.009617741815524,,-0.03,105.7
1999-04-28,2550.37,0.18,4.95,-6.007430825608469,,-0.03,105.7
1999-04-29,2528.44,0.25,4.92,-5.981421172643138,,-0.03,105.7
1999-04-30,2542.85,0.27,4.98,-5.980407074389757,,-0.03,105.7
1999-05-03,2535.58,0.28,4.76,-5.972180202942377,,0,104.6
1999-05-04,2485.12,0.3,4.7,-5.977962524435937,,0,104.6
1999-05-05,2534.45,0.3,4.65,-5.990425226037465,,0,104.6
1999-05-06,2472.28,0.31,4.71,-5.989059460911708,,0,104.6
1999-05-07,2503.62,0.33,4.61,-5.972955200810356,,0,104.6
1999-05-10,2526.39,0.35,4.62,-5.954096787455814,,0,104.6
1999-05-11,2566.68,0.39,4.67,-5.95622481897568,,0,104.6
1999-05-12,2606.54,0.4,4.65,-5.969391739267019,,0,104.6
1999-05-13,2582,0.32,4.68,-5.962055873261411,,0,104.6
1999-05-14,2527.86,0.29,4.76,-5.951019162236282,,0,104.6
1999-05-17,2561.84,0.32,4.66,-5.954317418916036,,0,104.6
1999-05-18,2558.36,0.35,4.64,-5.959875416592959,,0,104.6
1999-05-19,2577.4,0.3,4.6,-5.9867226086218235,,0,104.6
1999-05-20,2542.23,0.23,4.69,-6.002813744524669,,0,104.6
1999-05-21,2520.14,0.25,4.72,-6.009556234944478,,0,104.6
1999-05-24,2453.66,0.22,4.77,-6.007346690733137,,0,104.6
1999-05-25,2380.9,0.22,4.81,-5.996647824169838,,0,104.6
1999-05-26,2427.18,0.19,4.81,-6.005288791177889,,0,104.6
1999-05-27,2419.15,0.22,4.78,-6.059929435478128,,0,104.6
1999-05-28,2470.52,0.19,4.72,-6.071017178809936,,0,104.6
1999-06-01,2412.03,0.22,4.75,-6.050698670438497,,-0.07,106.8
1999-06-02,2432.41,0.24,4.65,-6.060831880310599,,-0.07,106.8
1999-06-03,2403.32,0.25,4.65,-6.061098238866783,,-0.07,106.8
1999-06-04,2478.34,0.26,4.69,-6.06603324260549,,-0.07,106.8
1999-06-07,2524.21,0.26,4.7,-6.0500329012590495,,-0.07,106.8
1999-06-08,2474.56,0.25,4.72,-6.027747955925229,,-0.07,106.8
1999-06-09,2519.35,0.26,4.69,-6.013537079214626,,-0.07,106.8
1999-06-10,2484.62,0.26,4.64,-6.007353275083026,,-0.07,106.8
1999-06-11,2447.88,0.26,4.66,-6.007218955568268,,-0.07,106.8
1999-06-14,2398.31,0.32,4.6,-6.000667066039144,,-0.07,106.8
1999-06-15,2414.67,0.32,4.65,-6.022595465703155,,-0.07,106.8
1999-06-16,2517.83,0.32,4.63,-6.02312636714518,,-0.07,106.8
1999-06-17,2544.15,0.33,4.66,-6.01875668939599,,-0.07,106.8
1999-06-18,2563.44,0.3,4.77,-5.988785119667621,,-0.07,106.8
1999-06-21,2630.28,0.28,4.73,-5.977350255962185,,-0.07,106.8
1999-06-22,2580.26,0.28,4.68,-5.969770071153148,,-0.07,106.8
1999-06-23,2598.12,0.29,4.66,-5.9830962974374655,,-0.07,106.8
1999-06-24,2553.99,0.3,4.61,-5.980096482279809,,-0.07,106.8
1999-06-25,2552.65,0.3,4.58,-5.93481751144333,,-0.07,106.8
1999-06-28,2602.44,0.29,4.6,-5.92931437198271,,-0.07,106.8
1999-06-29,2642.11,0.28,4.66,-5.902419615782589,,-0.07,106.8
1999-06-30,2686.12,0.25,4.69,-5.840353383298621,,-0.07,106.8
1999-07-01,2706.18,0.28,4.87,-5.8518999536792915,,0.03,107.3
1999-07-02,2741.01,0.27,4.79,-5.8460986968364566,,0.03,107.3
1999-07-06,2736.78,0.24,4.8,-5.823992813800578,,0.03,107.3
1999-07-07,2743.07,0.24,4.75,-5.793758071474548,,0.03,107.3
1999-07-08,2771.85,0.28,4.74,-5.798336246778925,,0.03,107.3
1999-07-09,2792.91,0.26,4.79,-5.800527235867019,,0.03,107.3
1999-07-12,2790.67,0.23,4.78,-5.796872897722213,,0.03,107.3
1999-07-13,2778.2,0.21,4.87,-5.819716811172586,,0.03,107.3
1999-07-14,2817.98,0.21,4.86,-5.793578473772916,,0.03,107.3
1999-07-15,2839.31,0.19,4.82,-5.76487325691387,,0.03,107.3
1999-07-16,2864.5,0.19,4.77,-5.783923418981911,,0.03,107.3
1999-07-19,2830.38,0.18,4.79,-5.786684721822022,,0.03,107.3
1999-07-20,2732.22,0.2,4.82,-5.799742216029322,,0.03,107.3
1999-07-21,2761.77,0.22,4.83,-5.837369607087321,,0.03,107.3
1999-07-22,2684.44,0.21,4.83,-5.830270998851276,,0.03,107.3
1999-07-23,2692.41,0.26,4.78,-5.835860622376815,,0.03,107.3
1999-07-26,2619.7,0.26,4.77,-5.831776475834731,,0.03,107.3
1999-07-27,2679.68,0.25,4.77,-5.8216637469647585,,0.03,107.3
1999-07-28,2705.84,0.26,4.85,-5.833671896593155,,0.03,107.3
1999-07-29,2640.01,0.27,4.86,-5.869454800067803,,0.03,107.3
1999-07-30,2638.52,0.26,4.82,-5.827208333127316,,0.03,107.3
1999-08-02,2623.64,0.29,4.66,-5.842536391512747,,0.03,106
1999-08-03,2588,0.27,4.66,-5.834609596751088,,0.03,106
1999-08-04,2539.93,0.3,4.69,-5.827747572984678,,0.03,106
1999-08-05,2565.8,0.32,4.75,-5.809142990314028,,0.03,106
1999-08-06,2548.2,0.33,4.84,-5.807597394952246,,0.03,106
1999-08-09,2518.8,0.33,4.74,-5.809657327473366,,0.03,106
1999-08-10,2490.04,0.34,4.65,-5.824528903757284,,0.03,106
1999-08-11,2564.44,0.37,4.69,-5.818105918433726,,0.03,106
1999-08-12,2549.55,0.29,4.73,-5.832220937596572,,0.03,106
1999-08-13,2635.14,0.3,4.7,-5.82651695825008,,0.03,106
1999-08-16,2645.27,0.27,4.78,-5.825904946320284,,0.03,106
1999-08-17,2671.24,0.23,4.76,-5.836664727368283,,0.03,106
1999-08-18,2657.73,0.21,4.83,-5.862807716106944,,0.03,106
1999-08-19,2621.43,0.22,4.87,-5.856307371119572,,0.03,106
1999-08-20,2648.31,0.24,4.87,-5.859571630104218,,0.03,106
1999-08-23,2719.7,0.23,4.89,-5.848415747496569,,0.03,106
1999-08-24,2752.25,0.23,4.89,-5.820461879254754,,0.03,106
1999-08-25,2805.6,0.2,4.94,-5.82247564111446,,0.03,106
1999-08-26,2774.62,0.2,5.03,-5.82937776124576,,0.03,106
1999-08-27,2758.9,0.19,5,-5.826248670559346,,0.03,106
1999-08-30,2712.69,0.2,4.93,-5.817517810265193,,0.03,106
1999-08-31,2739.35,0.22,4.88,-5.7834366064554095,,0.03,106
1999-09-01,2750.8,0.25,4.9,-5.758045333215568,,0.03,104.5
1999-09-02,2734.24,0.25,4.91,-5.758012025683501,,0.03,104.5
1999-09-03,2843.11,0.29,4.9,-5.756415630104801,,0.03,104.5
1999-09-07,2837.26,0.25,4.99,-5.740798081008757,,0.03,104.5
1999-09-08,2808.74,0.26,4.94,-5.747811001584276,,0.03,104.5
1999-09-09,2852.02,0.26,4.96,-5.737404043129046,,0.03,104.5
1999-09-10,2887.06,0.26,4.94,-5.740710355002818,,0.03,104.5
1999-09-13,2844.77,0.25,5.01,-5.748807432009901,,0.03,104.5
1999-09-14,2868.29,0.26,5,-5.7663090783775175,,0.03,104.5
1999-09-15,2814.17,0.25,4.98,-5.73777784313454,,0.03,104.5
1999-09-16,2806.72,0.27,5.01,-5.7454303734670935,,0.03,104.5
1999-09-17,2869.62,0.27,5.05,-5.714982120161857,,0.03,104.5
1999-09-20,2886.15,0.24,5.07,-5.731328058496381,,0.03,104.5
1999-09-21,2821.1,0.24,5.06,-5.7461096120310575,,0.03,104.5
1999-09-22,2858.16,0.27,5.07,-5.777629724607951,,0.03,104.5
1999-09-23,2749.83,0.25,5.09,-5.792938788886148,,0.03,104.5
1999-09-24,2740.41,0.24,5.15,-5.818951250706185,,0.03,104.5
1999-09-27,2761.75,0.2,5.26,-5.875170364917865,,0.03,104.5
1999-09-28,2756.25,0.21,5.22,-5.938688481601326,,0.03,104.5
1999-09-29,2730.27,0.24,5.17,-5.920530955181276,,0.03,104.5
1999-09-30,2746.16,0.29,5.1,-5.892669779276562,,0.03,104.5
1999-10-01,2736.85,0.27,5.07,-5.925862065482106,,0,107.2
1999-10-04,2795.97,0.27,5.06,-5.97710276419705,,0,107.2
1999-10-05,2799.67,0.25,5.05,-5.99761841268236,,0,107.2
1999-10-06,2857.21,0.24,5.12,-6.003189457731816,,0,107.2
1999-10-07,2860.7,0.23,5.03,-5.998582014876846,,0,107.2
1999-10-08,2886.57,0.23,4.99,-6.038236233765765,,0,107.2
1999-10-11,2915.95,0.24,5,-6.04501155820162,,0,107.2
1999-10-12,2872.43,0.24,4.99,-6.00220714646842,,0,107.2
1999-10-13,2801.27,0.25,4.96,-6.0027146657625785,,0,107.2
1999-10-14,2806.84,0.25,4.98,-5.985752059342591,,0,107.2
1999-10-15,2731.83,0.27,4.93,-5.993362681179939,,0,107.2
1999-10-18,2689.15,0.27,4.94,-5.970197279911045,,0,107.2
1999-10-19,2688.18,0.27,4.99,-5.969415403339134,,0,107.2
1999-10-20,2788.13,0.26,4.99,-5.934848638570766,,0,107.2
1999-10-21,2801.95,0.25,4.91,-5.929589143389895,,0,107.2
1999-10-22,2816.52,0.27,4.97,-5.916226790905264,,0,107.2
1999-10-25,2815.95,0.25,4.93,-5.91678625983971,,0,107.2
1999-10-26,2811.47,0.24,4.89,-5.896905964482969,,0,107.2
1999-10-27,2802.52,0.22,4.94,-5.910533252490475,,0,107.2
1999-10-28,2875.22,0.25,4.99,-5.919546530602168,,0,107.2
1999-10-29,2966.43,0.25,5.08,-5.921074051354393,,0,107.2
1999-11-01,2967.65,0.23,5.13,-5.891953007354121,,-0.07,103.2
1999-11-02,2981.63,0.23,5.15,-5.88391764085522,,-0.07,103.2
1999-11-03,3028.51,0.22,5.14,-5.890066868010897,,-0.07,103.2
1999-11-04,3055.95,0.21,5.14,-5.89451520012822,,-0.07,103.2
1999-11-05,3102.29,0.2,5.16,-5.895842013716861,,-0.07,103.2
1999-11-08,3143.97,0.21,5.15,-5.898687162078647,,-0.07,103.2
1999-11-09,3125.04,0.2,5.13,-5.898048160266546,,-0.07,103.2
1999-11-10,3155.96,0.19,5.12,-5.935867587968513,,-0.07,103.2
1999-11-11,3197.29,0.19,5.14,-5.93445685484788,,-0.07,103.2
1999-11-12,3221.15,0.15,5.18,-5.935219479603932,,-0.07,103.2
1999-11-15,3219.54,0.15,5.17,-5.924365205108737,,-0.07,103.2
1999-11-16,3293.05,0.12,5.13,-5.9319760059359385,,-0.07,103.2
1999-11-17,3269.39,0.14,5.1,-5.933968009849766,,-0.07,103.2
1999-11-18,3347.11,0.16,5.07,-5.932575638516723,,-0.07,103.2
1999-11-19,3369.25,0.15,5.05,-5.930780248144893,,-0.07,103.2
1999-11-22,3392.56,0.14,5.02,-5.924729522595117,,-0.07,103.2
1999-11-23,3342.87,0.15,5.01,-5.941511286421792,,-0.07,103.2
1999-11-24,3420.5,0.12,4.99,-5.9381359172719685,,-0.07,103.2
1999-11-26,3447.81,0.13,4.97,-5.9381359172719685,,-0.07,103.2
1999-11-29,3421.37,0.17,4.9,-5.887672552247748,,-0.07,103.2
1999-11-30,3336.16,0.17,4.91,-5.881065551396457,,-0.03,107.2
1999-12-01,3353.71,0.17,4.86,-5.891462659276942,,-0.03,107.2
1999-12-02,3452.78,0.18,4.89,-5.883599333835146,,-0.03,107.2
1999-12-03,3520.63,0.18,4.91,-5.849285787442277,,-0.03,107.2
1999-12-06,3546.01,0.18,4.92,-5.832907445230617,,-0.03,107.2
1999-12-07,3586.92,0.16,4.93,-5.873915129020702,,-0.03,107.2
1999-12-08,3586.08,0.17,4.85,-5.87309503556827,,-0.03,107.2
1999-12-09,3594.17,0.18,4.86,-5.8540164679739135,,-0.03,107.2
1999-12-10,3620.24,0.15,4.88,-5.8665107624715,,-0.03,107.2
1999-12-13,3658.17,0.15,4.87,-5.86353192494048,,-0.03,107.2
1999-12-14,3571.66,0.15,4.79,-5.854481670903089,,-0.03,107.2
1999-12-15,3621.95,0.15,4.73,-5.826033488120293,,-0.03,107.2
1999-12-16,3715.06,0.16,4.72,-5.822028090859409,,-0.03,107.2
1999-12-17,3753.06,0.15,4.72,-5.822660680721028,,-0.03,107.2
1999-12-20,3783.87,0.15,4.69,-5.8226368882288,,-0.03,107.2
1999-12-21,3911.15,0.17,4.68,-5.848802244287484,,-0.03,107.2
1999-12-22,3937.3,0.15,4.66,-5.823797823416531,,-0.03,107.2
1999-12-23,3969.44,0.17,4.66,-5.824277155772619,,-0.03,107.2
1999-12-27,3975.38,0.19,4.68,-5.8299468087659765,,-0.03,107.2
1999-12-28,3972.11,0.2,4.66,-5.835208757943368,,-0.03,107.2
1999-12-29,4041.46,0.19,4.7,-5.83069132652023,,-0.03,107.2
1999-12-30,4036.87,0.2,4.71,-5.815841248410271,,-0.03,107.2
1999-12-31,4069.31,0.21,4.76,-5.815841248410271,,-0.03,105.4
2000-01-03,4131.15,0.2,4.68,-5.815841248410271,,-0.03,105.4
2000-01-04,3901.69,0.19,4.81,-5.81279198500504,,-0.03,105.4
2000-01-05,3877.54,0.24,4.77,-5.797162579225913,,-0.03,105.4
2000-01-06,3727.13,0.22,4.82,-5.802320237109545,,-0.03,105.4
2000-01-07,3882.62,0.21,4.86,-5.802917563501088,,-0.03,105.4
2000-01-10,4049.67,0.19,4.81,-5.811031342108492,,-0.03,105.4
2000-01-11,3921.19,0.22,4.74,-5.8205770749251995,,-0.03,105.4
2000-01-12,3850.02,0.23,4.72,-5.791787712234507,,-0.03,105.4
2000-01-13,3957.21,0.23,4.82,-5.8077409571365886,,-0.03,105.4
2000-01-14,4064.27,0.25,4.77,-5.8000583715804845,,-0.03,105.4
2000-01-18,4130.81,0.28,4.75,-5.8123710309312635,,-0.03,105.4
2000-01-19,4151.29,0.27,4.77,-5.7959113612052695,,-0.03,105.4
2000-01-20,4189.51,0.3,4.74,-5.803283935124624,,-0.03,105.4
2000-01-21,4235.4,0.31,4.73,-5.8046656279178395,,-0.03,105.4
2000-01-24,4096.08,0.26,4.82,-5.818208603308445,,-0.03,105.4
2000-01-25,4167.41,0.26,4.81,-5.829469132149692,,-0.03,105.4
2000-01-26,4069.91,0.24,4.81,-5.830307801506071,,-0.03,105.4
2000-01-27,4039.56,0.17,4.8,-5.828841129861301,,-0.03,105.4
2000-01-28,3887.07,0.08,4.8,-5.836315364951134,,-0.03,105.4
2000-01-31,3940.35,0.07,4.87,-5.819798204992501,,-0.03,112
2000-02-01,4051.98,0.02,4.87,-5.824680026023017,,-0.03,112
2000-02-02,4073.96,-0.03,4.86,-5.8573250669001125,,-0.03,112
2000-02-03,4210.98,-0.07,4.99,-5.860696541388768,,-0.03,112
2000-02-04,4244.14,-0.1,4.87,-5.935549362271073,,-0.03,112
2000-02-07,4321.77,-0.04,4.82,-5.908621671108397,,-0.03,112
2000-02-08,4427.5,-0.1,4.82,-5.907884084888853,,-0.03,112
2000-02-09,4363.24,-0.13,4.79,-5.928060823855017,,-0.03,112
2000-02-10,4485.63,0,4.77,-5.927357559293441,,-0.03,112
2000-02-11,4395.45,-0.02,4.81,-5.916536940101216,,-0.03,112
2000-02-14,4418.55,-0.06,4.88,-5.909395696565414,,-0.03,112
2000-02-15,4420.77,-0.1,4.83,-5.907307178641765,,-0.03,112
2000-02-16,4427.65,-0.07,4.86,-5.909053901204289,,-0.03,112
2000-02-17,4548.92,-0.11,4.82,-5.895496256059108,,-0.03,112
2000-02-18,4411.74,-0.17,4.9,-5.911747307297367,,-0.03,112
2000-02-22,4382.12,-0.21,5.02,-5.918471454058915,,-0.03,112
2000-02-23,4550.33,-0.17,4.94,-5.887295216820309,,-0.03,112
2000-02-24,4617.65,-0.16,5.04,-5.88829986025939,,-0.03,112
2000-02-25,4590.5,-0.09,5.07,-5.890185669769805,,-0.03,112
2000-02-28,4577.85,-0.1,5.01,-5.914931625902338,,-0.03,112
2000-02-29,4696.69,-0.11,5.08,-5.909906489699665,,0,111.3
2000-03-01,4784.08,-0.13,5.11,-5.900596541018781,,0,111.3
2000-03-02,4754.51,-0.12,5.11,-5.895746504967227,,0,111.3
2000-03-03,4914.79,-0.11,5.13,-5.8903154360659595,,0,111.3
2000-03-06,4904.85,-0.13,5.1,-5.885344126747083,,0,111.3
2000-03-07,4847.84,-0.09,5.15,-5.912601131209941,,0,111.3
2000-03-08,4897.26,-0.12,5.16,-5.907614728237081,,0,111.3
2000-03-09,5046.86,-0.13,5.19,-5.903542526913703,,0,111.3
2000-03-10,5048.62,-0.16,5.16,-5.90370632264159,,0,111.3
2000-03-13,4907.24,-0.16,5.21,-5.910762339311617,,0,111.3
2000-03-14,4706.63,-0.17,5.29,-5.88824646981068,,0,111.3
2000-03-15,4582.62,-0.21,5.34,-5.877987885378285,,0,111.3
2000-03-16,4717.39,-0.24,5.4,-5.858543096557874,,0,111.3
2000-03-17,4798.13,-0.3,5.41,-5.857670031208688,,0,111.3
2000-03-20,4610,-0.34,5.42,-5.87155076004012,,0,111.3
2000-03-21,4711.68,-0.37,5.46,-5.871541165121588,,0,111.3
2000-03-22,4864.75,-0.37,5.51,-5.866117788766491,,0,111.3
2000-03-23,4940.61,-0.44,5.55,-5.854784647422126,,0,111.3
2000-03-24,4963.03,-0.44,5.47,-5.8623272207853505,,0,111.3
2000-03-27,4958.56,-0.45,5.47,-5.856597148940717,,0,111.3
2000-03-28,4833.89,-0.43,5.57,-5.851158302398325,,0,111.3
2000-03-29,4644.67,-0.41,5.68,-5.834470091935429,,0,111.3
2000-03-30,4457.89,-0.46,5.84,-5.845382364427602,,0,111.3
2000-03-31,4572.83,-0.47,5.75,-5.856690146243862,,0,107.1
2000-04-03,4223.68,-0.47,5.75,-5.856240579138401,,0,107.1
2000-04-04,4148.89,-0.45,5.78,-5.890019572741361,,0,107.1
2000-04-05,4169.22,-0.45,5.94,-5.8827270759404255,,0,107.1
2000-04-06,4267.56,-0.45,5.94,-5.914228419022995,,0,107.1
2000-04-07,4446.45,-0.45,5.87,-5.906993266589982,,0,107.1
2000-04-10,4188.2,-0.52,5.9,-5.903221534526749,,0,107.1
2000-04-11,4055.9,-0.51,5.95,-5.8963787011133055,,0,107.1
2000-04-12,3769.63,-0.47,5.89,-5.898883758096555,,0,107.1
2000-04-13,3676.78,-0.43,5.82,-5.907518125953972,,0,107.1
2000-04-14,3321.29,-0.46,5.87,-5.934110946571339,,0,107.1
2000-04-17,3539.16,-0.42,5.92,-5.946064728744927,,0,107.1
2000-04-18,3793.57,-0.32,5.84,-5.913980151256258,,0,107.1
2000-04-19,3706.41,-0.28,5.81,-5.906342860062988,,0,107.1
2000-04-20,3643.88,-0.34,5.85,-5.906705556821291,,0,107.1
2000-04-24,3482.48,-0.39,5.85,-5.905639269178056,,0,107.1
2000-04-25,3711.23,-0.36,5.88,-5.870430507517821,,0,107.1
2000-04-26,3630.09,-0.34,5.77,-5.869001034860267,,0,107.1
2000-04-27,3774.03,-0.36,5.77,-5.856587078092298,,0,107.1
2000-04-28,3860.66,-0.4,5.69,-5.843835686238982,,0,107.1
2000-05-01,3958.08,-0.45,5.88,-5.839187111662404,,-0.03,109.2
2000-05-02,3785.45,-0.44,5.83,-5.820640847692153,,-0.03,109.2
2000-05-03,3707.31,-0.4,5.79,-5.831852022713224,,-0.03,109.2
2000-05-04,3720.24,-0.33,5.77,-5.838127040734762,,-0.03,109.2
2000-05-05,3816.82,-0.31,5.74,-5.808905008399529,,-0.03,109.2
2000-05-08,3669.38,-0.33,5.73,-5.805906159579338,,-0.03,109.2
2000-05-09,3585.01,-0.3,5.72,-5.81406762941813,,-0.03,109.2
2000-05-10,3384.73,-0.33,5.75,-5.818274376603422,,-0.03,109.2
2000-05-11,3499.58,-0.37,5.82,-5.808540399153883,,-0.03,109.2
2000-05-12,3529.06,-0.39,5.84,-5.792666972911198,,-0.03,109.2
2000-05-15,3607.65,-0.4,5.78,-5.795607418026981,,-0.03,109.2
2000-05-16,3717.57,-0.41,5.78,-5.782468391383954,,-0.03,109.2
2000-05-17,3644.96,-0.46,5.82,-5.7831862338346305,,-0.03,109.2
2000-05-18,3538.71,-0.42,5.83,-5.780451267671596,,-0.03,109.2
2000-05-19,3390.4,-0.37,5.8,-5.786697110089491,,-0.03,109.2
2000-05-22,3364.21,-0.35,5.89,-5.80625072510188,,-0.03,109.2
2000-05-23,3164.55,-0.37,5.95,-5.796602128981475,,-0.03,109.2
2000-05-24,3270.61,-0.38,5.99,-5.788538610573222,,-0.03,109.2
2000-05-25,3205.35,-0.32,6.01,-5.784333253747794,,-0.03,109.2
2000-05-26,3205.11,-0.32,6.13,-5.786262021164054,,-0.03,109.2
2000-05-30,3459.48,-0.36,6.19,-5.8274585206204605,,-0.03,109.2
2000-05-31,3400.91,-0.36,6.15,-5.821224411288232,,-0.03,109.2
2000-06-01,3582.5,-0.4,6.16,-5.827095478322046,,0,110.7
2000-06-02,3813.38,-0.41,6.22,-5.881610273010289,,0,110.7
2000-06-05,3821.76,-0.37,6.21,-5.884301354681044,,0,110.7
2000-06-06,3756.37,-0.37,6.23,-5.893602948638384,,0,110.7
2000-06-07,3839.26,-0.37,6.2,-5.899923215985886,,0,110.7
2000-06-08,3825.56,-0.39,6.18,-5.885058553048602,,0,110.7
2000-06-09,3874.84,-0.43,6.18,-5.883036116618818,,0,110.7
2000-06-12,3767.91,-0.43,6.12,-5.8968149420276665,,0,110.7
2000-06-13,3851.06,-0.43,6.15,-5.884577949023012,,0,110.7
2000-06-14,3797.41,-0.38,6.15,-5.896216170090982,,0,110.7
2000-06-15,3845.74,-0.38,6.18,-5.877989151773085,,0,110.7
2000-06-16,3860.56,-0.39,6.12,-5.8675950653951965,,0,110.7
2000-06-19,3989.83,-0.39,6.19,-5.851702604732823,,0,110.7
2000-06-20,4013.36,-0.4,6.18,-5.870331811524809,,0,110.7
2000-06-21,4064.01,-0.4,6.14,-5.856285779072966,,0,110.7
2000-06-22,3936.84,-0.39,6.07,-5.861683213384798,,0,110.7
2000-06-23,3845.34,-0.38,6.06,-5.861891117344227,,0,110.7
2000-06-26,3912.12,-0.36,5.99,-5.849041107401132,,0,110.7
2000-06-27,3858.96,-0.39,6.05,-5.8627272364481335,,0,110.7
2000-06-28,3940.34,-0.4,6.05,-5.884881537410375,,0,110.7
2000-06-29,3877.23,-0.32,6.04,-5.872573689735778,,0,110.7
2000-06-30,3966.11,-0.33,6.11,-5.8686247548632124,,0,110.7
2000-07-03,3991.93,-0.35,6.17,-5.8686247548632124,,-0.03,106.4
2000-07-05,3863.1,-0.31,6.21,-5.848948054562064,,-0.03,106.4
2000-07-06,3960.57,-0.3,6.21,-5.859955577683243,,-0.03,106.4
2000-07-07,4023.2,-0.29,6.18,-5.857494037978797,,-0.03,106.4
2000-07-10,3980.29,-0.28,6.2,-5.849370411033571,,-0.03,106.4
2000-07-11,3956.42,-0.27,6.17,-5.83766691229763,,-0.03,106.4
2000-07-12,4099.59,-0.26,6.14,-5.823699982841217,,-0.03,106.4
2000-07-13,4174.86,-0.25,6.14,-5.824930903461835,,-0.03,106.4
2000-07-14,4246.18,-0.3,6.18,-5.829087521966909,,-0.03,106.4
2000-07-17,4274.67,-0.31,6.06,-5.816914135038914,,-0.03,106.4
2000-07-18,4177.17,-0.29,5.98,-5.8118547764479365,,-0.03,106.4
2000-07-19,4055.63,-0.28,5.97,-5.799414594689738,,-0.03,106.4
2000-07-20,4184.56,-0.3,5.98,-5.801091798350669,,-0.03,106.4
2000-07-21,4094.45,-0.31,6.1,-5.779646469869956,,-0.03,106.4
2000-07-24,3981.57,-0.31,6.11,-5.773274166252109,,-0.03,106.4
2000-07-25,4029.57,-0.31,6.07,-5.7715485402846385,,-0.03,106.4
2000-07-26,3987.72,-0.31,6.09,-5.783378374762321,,-0.03,106.4
2000-07-27,3842.23,-0.25,6.06,-5.767316475367767,,-0.03,106.4
2000-07-28,3663,-0.25,6.13,-5.790665908963978,,-0.03,106.4
2000-07-31,3766.99,-0.26,6.15,-5.7802563463430445,,-0.03,106.4
2000-08-01,3685.52,-0.26,6.26,-5.781400511227591,,0.03,108.3
2000-08-02,3658.46,-0.27,6.31,-5.784002001355925,,0.03,108.3
2000-08-03,3759.88,-0.25,6.33,-5.773414446311899,,0.03,108.3
2000-08-04,3787.36,-0.27,6.33,-5.76559678448824,,0.03,108.3
2000-08-07,3862.99,-0.24,6.38,-5.769683442671911,,0.03,108.3
2000-08-08,3848.55,-0.23,6.33,-5.779216157502055,,0.03,108.3
2000-08-09,3853.5,-0.23,6.34,-5.760347102029758,,0.03,108.3
2000-08-10,3759.99,-0.37,6.33,-5.771785202491441,,0.03,108.3
2000-08-11,3789.47,-0.4,6.37,-5.7872649123299755,,0.03,108.3
2000-08-14,3849.69,-0.46,6.33,-5.77607631256125,,0.03,108.3
2000-08-15,3851.66,-0.47,6.37,-5.772047530133548,,0.03,108.3
2000-08-16,3861.2,-0.47,6.34,-5.78626350508592,,0.03,108.3
2000-08-17,3940.87,-0.47,6.34,-5.784444623967172,,0.03,108.3
2000-08-18,3930.34,-0.49,6.36,-5.785868446932585,,0.03,108.3
2000-08-21,3953.15,-0.49,6.4,-5.792613688362817,,0.03,108.3
2000-08-22,3958.21,-0.49,6.4,-5.782433768473887,,0.03,108.3
2000-08-23,4011.01,-0.49,6.39,-5.774214279247714,,0.03,108.3
2000-08-24,4053.28,-0.47,6.43,-5.774320941504933,,0.03,108.3
2000-08-25,4042.68,-0.46,6.44,-5.777697191422328,,0.03,108.3
2000-08-28,4070.59,-0.46,6.42,-5.780240949101922,,0.03,108.3
2000-08-29,4082.17,-0.45,6.36,-5.754791314483449,,0.03,108.3
2000-08-30,4103.81,-0.45,6.3,-5.737039696412683,,0.03,108.3
2000-08-31,4206.35,-0.43,6.28,-5.753193178715232,,0.03,108.3
2000-09-01,4234.33,-0.45,6.43,-5.746140892729901,,0.03,107.3
2000-09-05,4143.18,-0.41,6.49,-5.725284793733405,,0.03,107.3
2000-09-06,4013.34,-0.4,6.41,-5.723772237129301,,0.03,107.3
2000-09-07,4098.35,-0.39,6.37,-5.718656683220559,,0.03,107.3
2000-09-08,3978.41,-0.38,6.3,-5.708853112105161,,0.03,107.3
2000-09-11,3896.35,-0.38,6.32,-5.706133502052519,,0.03,107.3
2000-09-12,3849.51,-0.35,6.3,-5.688712221735202,,0.03,107.3
2000-09-13,3893.89,-0.34,6.31,-5.6888849542303825,,0.03,107.3
2000-09-14,3913.86,-0.35,6.35,-5.6876096154106,,0.03,107.3
2000-09-15,3835.23,-0.32,6.33,-5.6927844371798395,,0.03,107.3
2000-09-18,3726.52,-0.23,6.3,-5.691669879671747,,0.03,107.3
2000-09-19,3865.64,-0.16,6.35,-5.690257789194386,,0.03,107.3
2000-09-20,3897.44,-0.19,6.41,-5.701399993917773,,0.03,107.3
2000-09-21,3828.87,-0.2,6.43,-5.679580462615331,,0.03,107.3
2000-09-22,3803.76,-0.23,6.45,-5.691858214126466,,0.03,107.3
2000-09-25,3741.22,-0.24,6.5,-5.692308702315183,,0.03,107.3
2000-09-26,3689.1,-0.27,6.49,-5.704684431964575,,0.03,107.3
2000-09-27,3656.3,-0.26,6.56,-5.722240126156146,,0.03,107.3
2000-09-28,3778.32,-0.17,6.65,-5.715322451259893,,0.03,107.3
2000-09-29,3672.82,-0.2,6.69,-5.706494708485921,,0.03,107.3
2000-10-02,3568.9,-0.18,6.77,-5.727959476439888,,0,106.8
2000-10-03,3455.83,-0.15,6.77,-5.718630149123295,,0,106.8
2000-10-04,3523.1,-0.13,6.74,-5.716676372207152,,0,106.8
2000-10-05,3472.1,-0.13,6.77,-5.704148306012028,,0,106.8
2000-10-06,3361.01,-0.15,6.84,-5.704885618728358,,0,106.8
2000-10-09,3355.56,-0.16,6.87,-5.718362413651242,,0,106.8
2000-10-10,3240.54,-0.16,6.89,-5.716402669589198,,0,106.8
2000-10-11,3168.49,-0.18,6.96,-5.712612554104473,,0,106.8
2000-10-12,3074.68,-0.16,7.11,-5.756057901861714,,0,106.8
2000-10-13,3316.77,-0.13,7.21,-5.729772325676537,,0,106.8
2000-10-16,3290.28,-0.11,7.31,-5.724812580077655,,0,106.8
2000-10-17,3213.96,-0.15,7.28,-5.735366002668026,,0,106.8
2000-10-18,3171.56,-0.15,7.47,-5.74497137433559,,0,106.8
2000-10-19,3418.6,-0.16,7.58,-5.742724122822249,,0,106.8
2000-10-20,3483.14,-0.2,7.58,-5.759070101252466,,0,106.8
2000-10-23,3468.69,-0.2,7.59,-5.74794183345712,,0,106.8
2000-10-24,3419.79,-0.23,7.65,-5.750617550155074,,0,106.8
2000-10-25,3229.57,-0.23,7.61,-5.7501958463750285,,0,106.8
2000-10-26,3272.18,-0.2,7.55,-5.770273388093763,,0,106.8
2000-10-27,3278.36,-0.21,7.62,-5.752723082635154,,0,106.8
2000-10-30,3191.4,-0.23,7.62,-5.751754689013427,,0,106.8
2000-10-31,3369.63,-0.17,7.79,-5.74928413297409,,-0.03,105.8
2000-11-01,3333.39,-0.14,7.75,-5.760364787795543,,-0.03,105.8
2000-11-02,3429.02,-0.13,7.8,-5.759857476749028,,-0.03,105.8
2000-11-03,3451.58,-0.11,7.75,-5.760012875702517,,-0.03,105.8
2000-11-06,3416.21,-0.12,7.73,-5.772842480512618,,-0.03,105.8
2000-11-07,3415.79,-0.12,7.75,-5.766965471826895,,-0.03,105.8
2000-11-08,3231.7,-0.12,7.73,-5.762998843881079,,-0.03,105.8
2000-11-09,3200.35,-0.12,7.81,-5.760632382543945,,-0.03,105.8
2000-11-10,3028.99,-0.1,7.85,-5.757755538400867,,-0.03,105.8
2000-11-13,2966.72,-0.13,7.9,-5.778093430673403,,-0.03,105.8
2000-11-14,3138.27,-0.16,7.9,-5.770584293629026,,-0.03,105.8
2000-11-15,3165.49,-0.18,7.91,-5.771942001560725,,-0.03,105.8
2000-11-16,3031.88,-0.19,7.96,-5.783074431543725,,-0.03,105.8
2000-11-17,3027.19,-0.17,7.99,-5.777226042943495,,-0.03,105.8
2000-11-20,2875.64,-0.19,8.09,-5.778871206688925,,-0.03,105.8
2000-11-21,2871.45,-0.19,8.24,-5.772614302580521,,-0.03,105.8
2000-11-22,2755.34,-0.23,8.37,-5.783356600717678,,-0.03,105.8
2000-11-24,2904.38,-0.23,8.36,-5.783356600717678,,-0.03,105.8
2000-11-27,2880.49,-0.22,8.42,-5.771507718022212,,-0.03,105.8
2000-11-28,2734.98,-0.2,8.51,-5.757849695926477,,-0.03,105.8
2000-11-29,2706.93,-0.14,8.69,-5.750090558532327,,-0.03,105.8
2000-11-30,2597.93,-0.13,9.06,-5.778397203577525,,-0.03,107.6
2000-12-01,2645.29,-0.1,8.98,-5.758002950283031,,-0.03,107.6
2000-12-04,2615.75,-0.06,9.06,-5.760897921172792,,-0.03,107.6
2000-12-05,2889.8,-0.06,9.1,-5.750982246650767,,-0.03,107.6
2000-12-06,2796.5,-0.1,9.12,-5.7557782762638485,,-0.03,107.6
2000-12-07,2752.66,-0.13,9.13,-5.747460771982066,,-0.03,107.6
2000-12-08,2917.43,-0.15,9.09,-5.732545519441857,,-0.03,107.6
2000-12-11,3015.1,-0.15,9.02,-5.7246878701586015,,-0.03,107.6
2000-12-12,2931.77,-0.18,8.94,-5.7323717616708425,,-0.03,107.6
2000-12-13,2822.77,-0.16,8.89,-5.727286634444417,,-0.03,107.6
2000-12-14,2728.51,-0.2,8.94,-5.718811981052932,,-0.03,107.6
2000-12-15,2653.27,-0.18,8.88,-5.74607128278745,,-0.03,107.6
2000-12-18,2624.52,-0.16,8.91,-5.741049215704023,,-0.03,107.6
2000-12-19,2511.71,-0.16,8.87,-5.745639011483797,,-0.03,107.6
2000-12-20,2332.78,-0.16,8.98,-5.76766595009911,,-0.03,107.6
2000-12-21,2340.12,-0.11,9.05,-5.777723054777392,,-0.03,107.6
2000-12-22,2517.02,-0.08,9.06,-5.773488589810931,,-0.03,107.6
2000-12-26,2493.52,-0.06,9.07,-5.767958611299862,,-0.03,107.6
2000-12-27,2539.35,0.01,9.04,-5.789120869904448,,-0.03,107.6
2000-12-28,2557.76,-0.05,9,-5.775139953916784,,-0.03,107.6
2000-12-29,2470.52,0.01,9,-5.782455506728677,,-0.03,107.6
2001-01-02,2291.86,0.05,9.36,-5.807292851025866,,0.03,98.4
2001-01-03,2616.69,0.22,9.13,-5.797942183939687,,0.03,98.4
2001-01-04,2566.83,0.26,9.11,-5.801965629964251,,0.03,98.4
2001-01-05,2407.65,0.37,9.12,-5.787689516584322,,0.03,98.4
2001-01-08,2395.92,0.4,9.06,-5.782849821717359,,0.03,98.4
2001-01-09,2441.3,0.34,8.88,-5.7852228065963756,,0.03,98.4
2001-01-10,2524.18,0.34,8.73,-5.773151923063438,,0.03,98.4
2001-01-11,2640.57,0.37,8.56,-5.76470217399164,,0.03,98.4
2001-01-12,2626.5,0.35,8.38,-5.750788517032132,,0.03,98.4
2001-01-16,2618.55,0.35,8.33,-5.7703693218143455,,0.03,98.4
2001-01-17,2682.78,0.35,8.31,-5.764537412014134,,0.03,98.4
2001-01-18,2768.49,0.4,8.36,-5.728055047077006,,0.03,98.4
2001-01-19,2770.38,0.44,8.21,-5.744816836005556,,0.03,98.4
2001-01-22,2757.91,0.5,8.17,-5.752713098127781,,0.03,98.4
2001-01-23,2840.39,0.48,8.09,-5.750409625495824,,0.03,98.4
2001-01-24,2859.15,0.52,8.05,-5.758542805812137,,0.03,98.4
2001-01-25,2754.28,0.51,8.05,-5.756906032555515,,0.03,98.4
2001-01-26,2781.3,0.51,8.05,-5.746127118880613,,0.03,98.4
2001-01-29,2838.34,0.55,8.03,-5.754715343737994,,0.03,98.4
2001-01-30,2838.35,0.54,8.02,-5.764150599520046,,0.03,98.4
2001-01-31,2772.73,0.57,7.87,-5.758814091154359,,0.13,94.7
2001-02-01,2782.79,0.55,7.83,-5.767065780950338,,0.13,94.7
2001-02-02,2660.5,0.52,7.73,-5.76839526516883,,0.13,94.7
2001-02-05,2643.21,0.5,7.69,-5.781117557315299,,0.13,94.7
2001-02-06,2664.49,0.5,7.62,-5.766965471826895,,0.13,94.7
2001-02-07,2607.82,0.4,7.64,-5.7674908383935435,,0.13,94.7
2001-02-08,2562.06,0.37,7.6,-5.756039740681238,,0.13,94.7
2001-02-09,2470.97,0.36,7.63,-5.766795442484935,,0.13,94.7
2001-02-12,2489.66,0.38,7.6,-5.772517072902223,,0.13,94.7
2001-02-13,2427.72,0.32,7.56,-5.762085708312083,,0.13,94.7
2001-02-14,2491.4,0.29,7.49,-5.761301281328233,,0.13,94.7
2001-02-15,2552.91,0.3,7.38,-5.737429028712715,,0.13,94.7
2001-02-16,2425.38,0.36,7.49,-5.752283996883955,,0.13,94.7
2001-02-20,2318.35,0.38,7.51,-5.74924936268219,,0.13,94.7
2001-02-21,2268.94,0.46,7.54,-5.780890018427711,,0.13,94.7
2001-02-22,2244.96,0.52,7.6,-5.781806436150277,,0.13,94.7
2001-02-23,2262.51,0.57,7.67,-5.796882203467114,,0.13,94.7
2001-02-26,2308.5,0.59,7.69,-5.804033626591168,,0.13,94.7
2001-02-27,2207.82,0.52,7.68,-5.803816910961974,,0.13,94.7
2001-02-28,2151.83,0.51,7.7,-5.7935813572751025,,0.2,90.6
2001-03-01,2183.37,0.46,7.68,-5.777832655033676,,0.2,90.6
2001-03-02,2117.63,0.47,7.64,-5.761276312643124,,0.2,90.6
2001-03-05,2142.92,0.49,7.61,-5.750790546481471,,0.2,90.6
2001-03-06,2204.43,0.5,7.59,-5.728422386450538,,0.2,90.6
2001-03-07,2223.92,0.49,7.61,-5.744223444214712,,0.2,90.6
2001-03-08,2168.73,0.46,7.59,-5.774427539704702,,0.2,90.6
2001-03-09,2052.78,0.48,7.53,-5.7872841965015285,,0.2,90.6
2001-03-12,1923.38,0.46,7.6,-5.795042841795233,,0.2,90.6
2001-03-13,2014.78,0.49,7.63,-5.788180447134314,,0.2,90.6
2001-03-14,1972.09,0.52,7.84,-5.778797901170162,,0.2,90.6
2001-03-15,1940.71,0.59,7.88,-5.771938749806926,,0.2,90.6
2001-03-16,1890.91,0.52,8,-5.7877026590761576,,0.2,90.6
2001-03-19,1951.18,0.5,8.02,-5.786712853986934,,0.2,90.6
2001-03-20,1857.44,0.54,8.09,-5.785648161966276,,0.2,90.6
2001-03-21,1830.23,0.56,8.22,-5.801670344560301,,0.2,90.6
2001-03-22,1897.7,0.56,8.4,-5.80939805982185,,0.2,90.6
2001-03-23,1928.68,0.56,8.3,-5.807997296089031,,0.2,90.6
2001-03-26,1918.49,0.58,8.2,-5.8114348171384105,,0.2,90.6
2001-03-27,1972.26,0.59,8.03,-5.798097362872794,,0.2,90.6
2001-03-28,1854.13,0.67,8.08,-5.817003349063418,,0.2,90.6
2001-03-29,1820.57,0.71,8.13,-5.816466206699958,,0.2,90.6
2001-03-30,1840.26,0.75,8.2,-5.826787454293736,,0.2,90.6
2001-04-02,1782.97,0.75,8.18,-5.821297619464326,,0.3,91.5
2001-04-03,1673,0.76,8.21,-5.819145022128845,,0.3,91.5
2001-04-04,1638.8,0.79,8.48,-5.824944381123889,,0.3,91.5
2001-04-05,1785,0.82,8.61,-5.820528803571551,,0.3,91.5
2001-04-06,1720.36,0.79,8.63,-5.851152820051303,,0.3,91.5
2001-04-09,1745.71,0.82,8.75,-5.83203681017988,,0.3,91.5
2001-04-10,1852.03,0.83,8.78,-5.815748804115746,,0.3,91.5
2001-04-11,1898.95,0.85,8.55,-5.8263680487143334,,0.3,91.5
2001-04-12,1961.43,0.83,8.5,-5.829405669757564,,0.3,91.5
2001-04-16,1909.57,0.81,8.44,-5.83899212877958,,0.3,91.5
2001-04-17,1923.22,0.79,8.3,-5.83611410708882,,0.3,91.5
2001-04-18,2079.44,0.8,8.4,-5.810416064960825,,0.3,91.5
2001-04-19,2182.14,0.88,8.46,-5.8409725391764145,,0.3,91.5
2001-04-20,2163.41,0.98,8.61,-5.836130371526897,,0.3,91.5
2001-04-23,2059.32,1.03,8.64,-5.854156714950009,,0.3,91.5
2001-04-24,2016.61,1.05,8.9,-5.851062215879976,,0.3,91.5
2001-04-25,2059.8,1.06,9.02,-5.838511407024297,,0.3,91.5
2001-04-26,2034.88,1.08,8.26,-5.852278097000115,,0.3,91.5
2001-04-27,2075.68,1.06,8.29,-5.839099147313447,,0.3,91.5
2001-04-30,2116.24,1.06,8.17,-5.829778036592021,,0.3,91.5
2001-05-01,2168.24,1.05,8.06,-5.822321082694582,,0.4,88.4
2001-05-02,2220.6,1.07,7.95,-5.8102722959111786,,0.4,88.4
2001-05-03,2146.2,1.04,7.8,-5.819949830849039,,0.4,88.4
2001-05-04,2191.53,1,7.83,-5.826809064892361,,0.4,88.4
2001-05-07,2173.57,1.07,7.86,-5.825536800089703,,0.4,88.4
2001-05-08,2198.77,1.09,7.85,-5.84492955668548,,0.4,88.4
2001-05-09,2156.63,1.14,7.83,-5.869744498492259,,0.4,88.4
2001-05-10,2128.86,1.13,7.88,-5.871663347295361,,0.4,88.4
2001-05-11,2107.43,1.14,7.79,-5.861947911755029,,0.4,88.4
2001-05-14,2081.92,1.15,7.6,-5.874633045354558,,0.4,88.4
2001-05-15,2085.58,1.17,7.7,-5.873888443682032,,0.4,88.4
2001-05-16,2166.44,1.22,7.61,-5.886324320029083,,0.4,88.4
2001-05-17,2193.68,1.23,7.66,-5.876442822391557,,0.4,88.4
2001-05-18,2198.88,1.13,7.65,-5.901157702735617,,0.4,88.4
2001-05-21,2305.59,1.04,7.63,-5.874692830531142,,0.4,88.4
2001-05-22,2313.85,1.04,7.6,-5.888067428757135,,0.4,88.4
2001-05-23,2243.48,1.08,7.61,-5.884063860493816,,0.4,88.4
2001-05-24,2282.02,1.12,7.62,-5.863946185838535,,0.4,88.4
2001-05-25,2251.03,1.2,7.53,-5.860903052720044,,0.4,88.4
2001-05-29,2175.54,1.21,7.55,-5.878031553883913,,0.4,88.4
2001-05-30,2084.5,1.21,7.52,-5.859898435168414,,0.4,88.4
2001-05-31,2110.49,1.2,7.56,-5.864605798009091,,0.4,88.4
2001-06-01,2149.44,1.21,7.68,-5.876005935543154,,0.47,92
2001-06-04,2155.93,1.17,7.65,-5.8703931986381965,,0.47,92
2001-06-05,2233.66,1.16,7.69,-5.860088226762836,,0.47,92
2001-06-06,2217.73,1.17,7.76,-5.870274919315836,,0.47,92
2001-06-07,2264,1.15,7.75,-5.876053695596655,,0.47,92
2001-06-08,2215.1,1.19,7.71,-5.9289773087409685,,0.47,92
2001-06-11,2170.78,1.21,7.67,-5.906997621796777,,0.47,92
2001-06-12,2169.95,1.21,7.71,-5.925459750047883,,0.47,92
2001-06-13,2121.66,1.18,7.78,-5.932111545701059,,0.47,92
2001-06-14,2044.07,1.2,7.86,-5.940677893342133,,0.47,92
2001-06-15,2028.43,1.22,8.09,-5.936103152334429,,0.47,92
2001-06-18,1988.63,1.26,8.04,-5.938745787832409,,0.47,92
2001-06-19,1992.66,1.29,8.19,-5.935481102509624,,0.47,92
2001-06-20,2031.24,1.27,8.28,-5.94570960427548,,0.47,92
2001-06-21,2058.76,1.26,8.38,-5.938090086516607,,0.47,92
2001-06-22,2034.84,1.23,8.4,-5.946742374546237,,0.47,92
2001-06-25,2050.87,1.21,8.47,-5.9525519097437805,,0.47,92
2001-06-26,2064.62,1.2,8.45,-5.955303216121251,,0.47,92
2001-06-27,2074.74,1.21,8.42,-5.935161826737518,,0.47,92
2001-06-28,2125.46,1.2,8.34,-5.931101397380892,,0.47,92
2001-06-29,2161.24,1.13,8.29,-5.940798061730132,,0.47,92
2001-07-02,2148.72,1.17,8.16,-5.925908402495758,,0.53,92.6
2001-07-03,2140.8,1.16,8.18,-5.928978074074132,,0.53,92.6
2001-07-05,2080.11,1.17,8.11,-5.93088418776804,,0.53,92.6
2001-07-06,2004.16,1.2,8.07,-5.926832256923505,,0.53,92.6
2001-07-09,2026.71,1.25,8.13,-5.930443440782289,,0.53,92.6
2001-07-10,1962.79,1.22,8.13,-5.917410141121882,,0.53,92.6
2001-07-11,1972.04,1.24,8.2,-5.93154045071424,,0.53,92.6
2001-07-12,2075.74,1.24,8.21,-5.936471627805184,,0.53,92.6
2001-07-13,2084.79,1.2,8.28,-5.936217941339637,,0.53,92.6
2001-07-16,2029.12,1.15,8.27,-5.931940447049882,,0.53,92.6
2001-07-17,2067.32,1.14,8.28,-5.923117205350228,,0.53,92.6
2001-07-18,2016.17,1.13,8.31,-5.948812617895675,,0.53,92.6
2001-07-19,2046.59,1.16,8.45,-5.959715848793402,,0.53,92.6
2001-07-20,2029.37,1.15,8.42,-5.955837369464831,,0.53,92.6
2001-07-23,1988.56,1.17,8.39,-5.969049498781653,,0.53,92.6
2001-07-24,1959.24,1.15,8.37,-5.976028738978143,,0.53,92.6
2001-07-25,1984.32,1.16,8.37,-5.964933882698483,,0.53,92.6
2001-07-26,2022.96,1.22,8.31,-5.962230272799655,,0.53,92.6
2001-07-27,2029.07,1.25,8.27,-5.976616464375056,,0.53,92.6
2001-07-30,2017.84,1.26,8.28,-5.977364127961287,,0.53,92.6
2001-07-31,2027.13,1.25,8.32,-5.977447349693595,,0.53,92.6
2001-08-01,2068.38,1.28,8.27,-5.974225902723813,,0.53,92.4
2001-08-02,2087.38,1.28,8.09,-5.982991481127952,,0.53,92.4
2001-08-03,2066.33,1.28,7.95,-5.991464547107982,,0.53,92.4
2001-08-06,2034.26,1.29,7.92,-5.997037662034414,,0.53,92.4
2001-08-07,2027.79,1.31,7.91,-6.000022738877868,,0.53,92.4
2001-08-08,1966.36,1.3,7.87,-6.014256492047382,,0.53,92.4
2001-08-09,1963.32,1.22,7.95,-6.026840380338565,,0.53,92.4
2001-08-10,1956.47,1.27,7.93,-6.0357849467886435,,0.53,92.4
2001-08-13,1982.25,1.26,7.99,-6.049848321843232,,0.53,92.4
2001-08-14,1964.53,1.27,8.07,-6.0387867816892475,,0.53,92.4
2001-08-15,1918.89,1.23,8.04,-6.0468496862590655,,0.53,92.4
2001-08-16,1930.32,1.2,7.96,-6.030728442193949,,0.53,92.4
2001-08-17,1867.01,1.2,8.01,-6.018784722194365,,0.53,92.4
2001-08-20,1881.35,1.17,8.11,-6.020599892717,,0.53,92.4
2001-08-21,1831.3,1.17,8.07,-6.023701770899576,,0.53,92.4
2001-08-22,1860.01,1.18,8.12,-6.014445678850014,,0.53,92.4
2001-08-23,1842.97,1.15,8.11,-6.005608028566387,,0.53,92.4
2001-08-24,1916.8,1.17,8.15,-5.997667814582547,,0.53,92.4
2001-08-27,1912.41,1.17,8.13,-5.9809705119589385,,0.53,92.4
2001-08-28,1864.98,1.16,8.14,-5.984202351066197,,0.53,92.4
2001-08-29,1843.17,1.14,8.19,-5.982800232977841,,0.53,92.4
2001-08-30,1791.68,1.11,8.23,-5.997609514935269,,0.53,92.4
2001-08-31,1805.43,1.18,8.23,-5.997631807722177,,0.53,92.4
2001-09-04,1770.78,1.21,8.04,-5.999166767470074,,0.7,91.5
2001-09-05,1759.01,1.16,7.87,-6.002838729537022,,0.7,91.5
2001-09-06,1705.64,1.18,7.95,-6.023236706108319,,0.7,91.5
2001-09-07,1687.7,1.21,8.09,-6.035685015587349,,0.7,91.5
2001-09-10,1695.38,1.27,8.22,-6.03210387654416,,0.7,91.5
2001-09-17,1579.55,1.7,9.41,-6.095872591029833,,0.7,91.5
2001-09-18,1555.08,1.67,9.58,-6.088917165272831,,0.7,91.5
2001-09-19,1527.8,1.76,9.51,-6.102428599642138,,0.7,91.5
2001-09-20,1470.93,1.88,9.6,-6.096135169671871,,0.7,91.5
2001-09-21,1423.19,1.84,9.69,-6.093832692964138,,0.7,91.5
2001-09-24,1499.4,1.79,9.89,-6.0900113099807855,,0.7,91.5
2001-09-25,1501.64,1.79,9.95,-6.101481382006546,,0.7,91.5
2001-09-26,1464.04,1.84,9.88,-6.105607675245399,,0.7,91.5
2001-09-27,1460.71,1.83,9.97,-6.101687555251782,,0.7,91.5
2001-09-28,1498.8,1.8,10.07,-6.111290484394166,,0.7,91.5
2001-10-01,1480.46,1.74,10.18,-6.111891620297729,,0.83,81.8
2001-10-02,1492.33,1.73,10.14,-6.10376248159361,,0.83,81.8
2001-10-03,1580.81,1.76,10.17,-6.117269362097939,,0.83,81.8
2001-10-04,1597.31,1.73,10.14,-6.114663456737398,,0.83,81.8
2001-10-05,1605.3,1.78,10.11,-6.12397082431726,,0.83,81.8
2001-10-08,1605.95,1.81,10.1,-6.122370117654837,,0.83,81.8
2001-10-09,1570.19,1.81,10.06,-6.11279199970175,,0.83,81.8
2001-10-10,1626.26,1.88,10,-6.104723475517743,,0.83,81.8
2001-10-11,1701.47,1.83,9.92,-6.087978565176873,,0.83,81.8
2001-10-12,1703.4,1.81,9.81,-6.100448466882075,,0.83,81.8
2001-10-15,1696.31,1.87,9.77,-6.091454922662784,,0.83,81.8
2001-10-16,1722.07,1.84,9.65,-6.085150031185305,,0.83,81.8
2001-10-17,1646.34,1.82,9.63,-6.0968250627658085,,0.83,81.8
2001-10-18,1652.72,1.79,9.61,-6.09294094706666,,0.83,81.8
2001-10-19,1671.31,1.81,9.61,-6.109692997229883,,0.83,81.8
2001-10-22,1708.08,1.86,9.6,-6.090766748181845,,0.83,81.8
2001-10-23,1704.44,1.84,9.6,-6.084246280558948,,0.83,81.8
2001-10-24,1731.54,1.85,9.57,-6.095498882572645,,0.83,81.8
2001-10-25,1775.47,1.89,9.61,-6.096745187371381,,0.83,81.8
2001-10-26,1768.96,1.93,9.62,-6.08282994862129,,0.83,81.8
2001-10-29,1699.52,1.95,9.64,-6.0941670166488375,,0.83,81.8
2001-10-30,1667.41,1.96,9.73,-6.089267161886066,,0.83,81.8
2001-10-31,1690.2,1.86,9.61,-6.106577354208486,,1.13,82.7
2001-11-01,1746.3,1.75,9.56,-6.114516157705312,,1.13,82.7
2001-11-02,1745.73,1.89,9.46,-6.12540302298665,,1.13,82.7
2001-11-05,1793.65,1.85,9.48,-6.117510608043771,,1.13,82.7
2001-11-06,1835.08,1.93,9.5,-6.1200119493515235,,1.13,82.7
2001-11-07,1837.53,1.9,9.53,-6.140297008408634,,1.13,82.7
2001-11-08,1827.77,1.9,9.36,-6.110511463044552,,1.13,82.7
2001-11-09,1828.48,1.89,9.29,-6.0712672163742205,,1.13,82.7
2001-11-12,1840.13,1.89,9.3,-6.048327409002526,,1.13,82.7
2001-11-13,1892.11,1.87,9.24,-6.017705119760499,,1.13,82.7
2001-11-14,1903.19,1.84,9.06,-6.017705119760499,,1.13,82.7
2001-11-15,1900.57,1.81,8.62,-6.014614579654705,,1.13,82.7
2001-11-16,1898.58,1.82,8.38,-5.999133016309875,,1.13,82.7
2001-11-19,1934.42,1.88,8.48,-5.99036584712564,,1.13,82.7
2001-11-20,1880.51,1.92,8.37,-6.006214077034044,,1.13,82.7
2001-11-21,1875.05,1.87,8.25,-5.999922034549521,,1.13,82.7
2001-11-23,1903.2,1.84,8.15,-5.999922034549521,,1.13,82.7
2001-11-26,1941.23,1.83,8.17,-5.988899033514645,,1.13,82.7
2001-11-27,1935.97,1.87,8.18,-5.962623326717543,,1.13,82.7
2001-11-28,1887.97,1.86,8.13,-5.963050479478609,,1.13,82.7
2001-11-29,1933.26,1.92,8.33,-5.938643479697649,,1.13,82.7
2001-11-30,1930.58,1.94,8.39,-5.928382160192025,,1.4,83.9
2001-12-03,1904.9,1.93,8.38,-5.964133653391011,,1.4,83.9
2001-12-04,1963.1,1.89,8.47,-5.96538698437938,,1.4,83.9
2001-12-05,2046.84,1.85,8.25,-5.967713880505343,,1.4,83.9
2001-12-06,2054.27,1.85,8.12,-5.978458583428848,,1.4,83.9
2001-12-07,2021.26,2.01,8.01,-5.993286373080996,,1.4,83.9
2001-12-10,1992.12,2.07,8.2,-5.987808235904872,,1.4,83.9
2001-12-11,2001.93,2.1,8.31,-5.981619435682771,,1.4,83.9
2001-12-12,2011.38,2.05,8.42,-6.0020854123730265,,1.4,83.9
2001-12-13,1946.51,2.04,8.33,-6.003923484375612,,1.4,83.9
2001-12-14,1953.17,2.04,8.34,-6.016911212769146,,1.4,83.9
2001-12-17,1987.45,2.05,8.17,-6.0114252896705205,,1.4,83.9
2001-12-18,2004.76,2.03,8.33,-6.00906241550103,,1.4,83.9
2001-12-19,1982.89,1.97,8.41,-6.007535017140591,,1.4,83.9
2001-12-20,1918.54,1.93,8.37,-6.008608866353328,,1.4,83.9
2001-12-21,1945.83,1.95,8.32,-6.006306448511613,,1.4,83.9
2001-12-24,1944.48,1.96,8.3,-6.006306448511613,,1.4,83.9
2001-12-26,1960.7,1.96,8.26,-6.000807051280299,,1.4,83.9
2001-12-27,1976.42,1.94,8.33,-6.001962381072541,,1.4,83.9
2001-12-28,1987.26,1.99,8.33,-6.012640949971796,,1.4,83.9
2001-12-31,1950.4,2,8.24,-6.048243526300995,,1.63,88.8
2002-01-02,1979.25,1.98,8.12,-6.050478718545037,,1.63,88.8
2002-01-03,2044.27,1.97,8.03,-6.038891188873042,,1.63,88.8
2002-01-04,2059.38,1.99,7.99,-6.025711974222544,,1.63,88.8
2002-01-07,2037.1,2.01,8.06,-5.966326030921572,,1.63,88.8
2002-01-08,2055.74,2.03,8.05,-5.976533590739619,,1.63,88.8
2002-01-09,2044.89,2.07,8.04,-5.982691021800437,,1.63,88.8
2002-01-10,2047.24,2.06,8.08,-6.009723481334193,,1.63,88.8
2002-01-11,2022.46,2.16,8.17,-6.006523490408904,,1.63,88.8
2002-01-14,1990.74,2.12,8.17,-6.000253494525144,,1.63,88.8
2002-01-15,2000.91,2.09,8.26,-6.005970373723613,,1.63,88.8
2002-01-16,1944.44,2.04,8.27,-6.006175845698293,,1.63,88.8
2002-01-17,1985.82,2.02,8.22,-5.996747179572409,,1.63,88.8
2002-01-18,1930.34,2.03,8.28,-6.0056794275417005,,1.63,88.8
2002-01-22,1882.53,1.99,8.27,-5.994307477238816,,1.63,88.8
2002-01-23,1922.38,1.98,8.22,-5.975458514484845,,1.63,88.8
2002-01-24,1942.58,1.92,8.18,-5.963832608445896,,1.63,88.8
2002-01-25,1937.7,1.93,8.14,-5.971950001994506,,1.63,88.8
2002-01-28,1943.91,1.93,8.11,-5.9853789725724145,,1.63,88.8
2002-01-29,1892.99,1.97,8.26,-5.997881681428615,,1.63,88.8
2002-01-30,1913.44,1.96,8.29,-6.006063346529134,,1.63,88.8
2002-01-31,1934.03,1.91,7.89,-5.9550211597066225,,1.6,93
2002-02-01,1911.24,1.94,7.81,-5.964631151804918,,1.6,93
2002-02-04,1855.53,1.95,7.91,-5.986993344474236,,1.6,93
2002-02-05,1838.52,1.93,7.98,-6.012069903726817,,1.6,93
2002-02-06,1812.71,1.94,8.02,-6.0141812384941815,,1.6,93
2002-02-07,1782.11,1.94,8.02,-6.0109478641116745,,1.6,93
2002-02-08,1818.88,1.95,8.08,-6.028270307386631,,1.6,93
2002-02-11,1846.66,1.96,8.09,-6.024586872012174,,1.6,93
2002-02-12,1834.21,1.93,8.03,-6.01939838422717,,1.6,93
2002-02-13,1859.16,1.92,7.99,-5.989466544445309,,1.6,93
2002-02-14,1843.37,1.88,8.05,-5.999491346057435,,1.6,93
2002-02-15,1805.2,1.89,8.11,-6.009355319657513,,1.6,93
2002-02-19,1750.61,1.9,8.12,-6.028235946205105,,1.6,93
2002-02-20,1775.57,1.88,8.19,-6.022706241036033,,1.6,93
2002-02-21,1716.24,1.88,8.2,-6.018049920880366,,1.6,93
2002-02-22,1724.54,1.87,8.28,-6.038552583206884,,1.6,93
2002-02-25,1769.88,1.85,8.31,-6.027971295322582,,1.6,93
2002-02-26,1766.86,1.85,8.25,-6.05229878177026,,1.6,93
2002-02-27,1751.88,1.75,8.31,-6.020194293246392,,1.6,93
2002-02-28,1731.49,1.82,8.19,-6.021878646011122,,1.5,90.7
2002-03-01,1802.74,1.8,7.99,-6.00972680642052,,1.5,90.7
2002-03-04,1859.32,1.78,7.92,-5.993148899872712,,1.5,90.7
2002-03-05,1866.29,1.77,7.83,-5.985369032129005,,1.5,90.7
2002-03-06,1890.4,1.8,7.77,-5.970255201333492,,1.5,90.7
2002-03-07,1881.63,1.86,7.51,-5.9619558772996255,,1.5,90.7
2002-03-08,1929.67,1.73,7.34,-5.955269153389691,,1.5,90.7
2002-03-11,1929.49,1.74,7.33,-5.967383342743765,,1.5,90.7
2002-03-12,1897.12,1.76,7.32,-5.981979381143927,,1.5,90.7
2002-03-13,1862.03,1.79,7.36,-5.983328909014061,,1.5,90.7
2002-03-14,1854.14,1.77,7.2,-5.968381376925109,,1.5,90.7
2002-03-15,1868.3,1.72,7.18,-5.957241319035979,,1.5,90.7
2002-03-18,1877.06,1.65,7.2,-5.9469979202849315,,1.5,90.7
2002-03-19,1880.87,1.69,7.18,-5.9408882332390345,,1.5,90.7
2002-03-20,1832.87,1.69,7.08,-5.944695837117169,,1.5,90.7
2002-03-21,1868.83,1.66,7.1,-5.951666618217417,,1.5,90.7
2002-03-22,1851.39,1.63,7.08,-5.985434378081391,,1.5,90.7
2002-03-25,1812.49,1.63,7.06,-6.000575458789893,,1.5,90.7
2002-03-26,1824.17,1.67,7.13,-5.9867586560705695,,1.5,90.7
2002-03-27,1826.75,1.69,7.13,-5.996773119627747,,1.5,90.7
2002-03-28,1845.35,1.7,7.11,-5.985882526375153,,1.5,90.7
2002-04-01,1862.62,1.7,7,-5.986218633438213,,1.37,95.7
2002-04-02,1804.4,1.73,7.06,-5.996689901910647,,1.37,95.7
2002-04-03,1784.35,1.75,7.15,-6.013114018804835,,1.37,95.7
2002-04-04,1789.75,1.71,7.15,-6.021718955465785,,1.37,95.7
2002-04-05,1770.03,1.73,7.21,-6.031456321572248,,1.37,95.7
2002-04-08,1785.87,1.73,7.21,-6.032452502959628,,1.37,95.7
2002-04-09,1742.57,1.74,7.18,-6.020943219004121,,1.37,95.7
2002-04-10,1767.07,1.74,7.2,-6.034354794692296,,1.37,95.7
2002-04-11,1725.24,1.76,7.15,-6.038078862332742,,1.37,95.7
2002-04-12,1756.19,1.75,7.17,-6.046082156415708,,1.37,95.7
2002-04-15,1753.78,1.77,7.26,-6.040188202015975,,1.37,95.7
2002-04-16,1816.79,1.77,7.27,-6.022319681712845,,1.37,95.7
2002-04-17,1810.67,1.77,7.21,-6.018918564642746,,1.37,95.7
2002-04-18,1802.43,1.83,7.14,-6.039796100858919,,1.37,95.7
2002-04-19,1796.83,1.85,7.13,-6.024342382604854,,1.37,95.7
2002-04-22,1758.68,1.85,7.14,-6.0120975586034024,,1.37,95.7
2002-04-23,1730.29,1.82,7.18,-6.031657498983019,,1.37,95.7
2002-04-24,1713.34,1.79,7.17,-6.026860562753136,,1.37,95.7
2002-04-25,1713.7,1.83,7.2,-6.047441850948357,,1.37,95.7
2002-04-26,1663.89,1.85,7.22,-6.049848809529995,,1.37,95.7
2002-04-29,1656.93,1.86,7.24,-6.041828983501791,,1.37,95.7
2002-04-30,1688.23,1.87,7.19,-6.036445674747202,,1.37,95.7
2002-05-01,1677.53,1.87,6.88,-6.050716485112445,,1.4,93
2002-05-02,1644.82,1.87,6.89,-6.039250678869705,,1.4,93
2002-05-03,1613.03,1.88,6.87,-6.067568355772877,,1.4,93
2002-05-06,1578.48,1.91,6.94,-6.076872074515637,,1.4,93
2002-05-07,1573.82,1.91,6.96,-6.062887887771098,,1.4,93
2002-05-08,1696.29,1.95,7.02,-6.042331420440928,,1.4,93
2002-05-09,1650.49,1.92,6.89,-6.050637672822469,,1.4,93
2002-05-10,1600.85,1.93,6.89,-6.0438912544582655,,1.4,93
2002-05-13,1652.54,1.96,6.97,-6.04396050783287,,1.4,93
2002-05-14,1719.05,1.95,6.96,-6.023171298234066,,1.4,93
2002-05-15,1725.56,1.92,6.89,-6.024362250615041,,1.4,93
2002-05-16,1730.44,1.91,6.93,-6.040029003117106,,1.4,93
2002-05-17,1741.39,1.92,7.05,-6.056238970411585,,1.4,93
2002-05-20,1701.59,1.86,7.01,-6.075947477744253,,1.4,93
2002-05-21,1664.18,1.88,7.07,-6.074199899158062,,1.4,93
2002-05-22,1673.45,1.9,7.11,-6.080448565073498,,1.4,93
2002-05-23,1697.63,1.9,7.15,-6.083558096649054,,1.4,93
2002-05-24,1661.49,1.88,7.1,-6.072963464733045,,1.4,93
2002-05-28,1652.17,1.88,7.08,-6.05944413569219,,1.4,93
2002-05-29,1624.39,1.86,7.09,-6.071712088866626,,1.4,93
2002-05-30,1631.92,1.87,7.16,-6.074061273639321,,1.4,93
2002-05-31,1615.73,1.89,7.22,-6.060675544890923,,1.4,93
2002-06-03,1562.56,1.86,7.28,-6.046345852070313,,1.43,96.9
2002-06-04,1578.12,1.87,7.27,-6.036248149734956,,1.43,96.9
2002-06-05,1595.26,1.91,7.35,-6.018846273523215,,1.43,96.9
2002-06-06,1554.88,1.92,7.31,-6.036027929279333,,1.43,96.9
2002-06-07,1535.48,1.91,7.35,-6.033516554083437,,1.43,96.9
2002-06-10,1530.69,1.94,7.41,-6.01457781284424,,1.43,96.9
2002-06-11,1497.18,1.92,7.48,-6.037761721516326,,1.43,96.9
2002-06-12,1519.12,1.93,7.57,-6.040940090911085,,1.43,96.9
2002-06-13,1496.86,1.93,7.7,-6.030195584253764,,1.43,96.9
2002-06-14,1504.74,1.94,7.75,-6.035575245555455,,1.43,96.9
2002-06-17,1553.29,1.91,7.9,-6.03548771987555,,1.43,96.9
2002-06-18,1542.96,1.93,7.85,-6.041819901767556,,1.43,96.9
2002-06-19,1496.83,1.95,7.85,-6.046989798213725,,1.43,96.9
2002-06-20,1464.75,1.95,7.97,-6.065501230721306,,1.43,96.9
2002-06-21,1440.96,1.92,7.95,-6.081192061574238,,1.43,96.9
2002-06-24,1460.34,1.91,8.14,-6.083331324383083,,1.43,96.9
2002-06-25,1423.99,1.94,8.19,-6.058231237800209,,1.43,96.9
2002-06-26,1429.33,1.96,8.27,-6.057167503210362,,1.43,96.9
2002-06-27,1459.2,1.98,9.06,-6.04150705959388,,1.43,96.9
2002-06-28,1463.21,1.99,9.14,-6.0046120829731215,,1.43,96.9
2002-07-01,1403.8,1.96,8.75,-6.006203679680265,,1.4,92.4
2002-07-02,1357.82,1.97,8.69,-6.0179947346172185,,1.4,92.4
2002-07-03,1380.17,1.99,8.93,-6.0217946071806745,,1.4,92.4
2002-07-05,1448.36,2,9.02,-6.0217946071806745,,1.4,92.4
2002-07-08,1405.61,2,8.96,-6.016413192471947,,1.4,92.4
2002-07-09,1381.12,2,8.99,-6.029788348231151,,1.4,92.4
2002-07-10,1346.01,2.04,8.98,-6.029302528956779,,1.4,92.4
2002-07-11,1374.43,2.05,9.06,-6.044482780555224,,1.4,92.4
2002-07-12,1373.5,2.05,9.26,-6.049796768410617,,1.4,92.4
2002-07-15,1382.62,2.07,9.26,-6.070465804989408,,1.4,92.4
2002-07-16,1375.26,2.11,9.19,-6.0568643314146735,,1.4,92.4
2002-07-17,1397.25,2.09,9.13,-6.068312280216115,,1.4,92.4
2002-07-18,1356.95,2.08,9.19,-6.070509119635217,,1.4,92.4
2002-07-19,1319.15,2.11,9.26,-6.110328747438374,,1.4,92.4
2002-07-22,1282.65,2.13,9.37,-6.128047621630223,,1.4,92.4
2002-07-23,1229.05,2.11,9.49,-6.104460594207141,,1.4,92.4
2002-07-24,1290.23,2.13,9.71,-6.102765745162174,,1.4,92.4
2002-07-25,1240.08,2.11,9.96,-6.106667768369989,,1.4,92.4
2002-07-26,1262.12,2.15,9.98,-6.085061720827325,,1.4,92.4
2002-07-29,1335.25,2.23,10.13,-6.070570744590499,,1.4,92.4
2002-07-30,1344.19,2.21,10.01,-6.091032142873025,,1.4,92.4
2002-07-31,1328.26,2.21,9.99,-6.105160272242927,,1.4,92.4
2002-08-01,1280,2.28,9.71,-6.101921542672293,,1.33,88.1
2002-08-02,1247.92,2.32,9.54,-6.11606689803642,,1.33,88.1
2002-08-05,1206.01,2.34,9.76,-6.1327780801745595,,1.33,88.1
2002-08-06,1259.55,2.36,9.91,-6.120126590718322,,1.33,88.1
2002-08-07,1280.9,2.31,9.81,-6.154299882240417,,1.33,88.1
2002-08-08,1316.52,2.37,9.89,-6.1366865961909385,,1.33,88.1
2002-08-09,1306.12,2.3,9.85,-6.144350204628654,,1.33,88.1
2002-08-12,1306.84,2.17,9.92,-6.142979901528755,,1.33,88.1
2002-08-13,1269.28,2.12,10,-6.146987910747212,,1.33,88.1
2002-08-14,1334.3,2.12,10.15,-6.148276926670101,,1.33,88.1
2002-08-15,1345.01,1.94,10.2,-6.138051371144594,,1.33,88.1
2002-08-16,1361.01,1.95,10.01,-6.146884262638545,,1.33,88.1
2002-08-19,1394.54,2.04,9.93,-6.122908885662323,,1.33,88.1
2002-08-20,1376.59,2.04,9.93,-6.119854540232086,,1.33,88.1
2002-08-21,1409.25,2.05,9.94,-6.125873882630197,,1.33,88.1
2002-08-22,1422.95,2.08,9.88,-6.109409775612017,,1.33,88.1
2002-08-23,1380.62,2.08,9.65,-6.108680114871873,,1.33,88.1
2002-08-26,1391.74,2.06,9.62,-6.113032872992662,,1.33,88.1
2002-08-27,1347.78,2.03,9.55,-6.121588471816386,,1.33,88.1
2002-08-28,1314.38,2.03,9.44,-6.119999939882841,,1.33,88.1
2002-08-29,1335.77,1.99,9.48,-6.1166700997823025,,1.33,88.1
2002-08-30,1314.85,2.02,9.51,-6.112198731466547,,1.33,88.1
2002-09-03,1263.84,2,9.6,-6.133101261643766,,1.13,87.6
2002-09-04,1292.31,1.97,9.76,-6.140048862722906,,1.13,87.6
2002-09-05,1251,1.94,9.75,-6.158518631771148,,1.13,87.6
2002-09-06,1295.3,1.96,9.82,-6.1549902956006965,,1.13,87.6
2002-09-09,1304.6,1.97,9.69,-6.13728570168241,,1.13,87.6
2002-09-10,1320.09,1.92,9.69,-6.110343988230921,,1.13,87.6
2002-09-11,1315.45,1.88,9.7,-6.109090411840663,,1.13,87.6
2002-09-12,1279.68,1.89,9.59,-6.119127691364072,,1.13,87.6
2002-09-13,1291.4,1.86,9.63,-6.119040742693831,,1.13,87.6
2002-09-16,1275.88,1.85,9.65,-6.136136482980697,,1.13,87.6
2002-09-17,1259.94,1.83,9.61,-6.135920076717114,,1.13,87.6
2002-09-18,1252.13,1.81,9.6,-6.1625382256000245,,1.13,87.6
2002-09-19,1216.45,1.82,9.65,-6.170518832247145,,1.13,87.6
2002-09-20,1221.09,1.86,9.82,-6.160264078569963,,1.13,87.6
2002-09-23,1184.93,1.85,9.92,-6.170397836375783,,1.13,87.6
2002-09-24,1182.17,1.77,10.12,-6.187324772234735,,1.13,87.6
2002-09-25,1222.29,1.76,10.26,-6.169592191254199,,1.13,87.6
2002-09-26,1221.61,1.77,10.18,-6.160753585668422,,1.13,87.6
2002-09-27,1199.16,1.82,10.17,-6.176717834161981,,1.13,87.6
2002-09-30,1172.06,1.87,10.3,-6.190905986115403,,1.13,87.6
2002-10-01,1213.72,1.91,10.33,-6.174904047003277,,0.9,86.1
2002-10-02,1187.3,1.92,10.21,-6.1685951393349665,,0.9,86.1
2002-10-03,1165.56,1.96,10.34,-6.179260116077964,,0.9,86.1
2002-10-04,1139.9,1.95,10.48,-6.191070407776516,,0.9,86.1
2002-10-07,1119.4,1.91,10.55,-6.185930111156735,,0.9,86.1
2002-10-08,1129.21,1.87,10.71,-6.1751646366097495,,0.9,86.1
2002-10-09,1114.11,1.85,10.87,-6.180291005498063,,0.9,86.1
2002-10-10,1163.37,1.89,11.17,-6.159148950102764,,0.9,86.1
2002-10-11,1210.47,1.93,11.2,-6.140061112578826,,0.9,86.1
2002-10-14,1220.53,1.98,11.07,-6.162922539486403,,0.9,86.1
2002-10-15,1282.44,1.98,11.09,-6.138303161293215,,0.9,86.1
2002-10-16,1232.42,1.99,10.73,-6.144662392179969,,0.9,86.1
2002-10-17,1272.29,2.04,10.73,-6.1046138763029445,,0.9,86.1
2002-10-18,1287.86,2.06,10.64,-6.114608238878789,,0.9,86.1
2002-10-21,1309.67,2.05,10.65,-6.093086740655201,,0.9,86.1
2002-10-22,1292.8,2.01,10.54,-6.108371053762869,,0.9,86.1
2002-10-23,1320.23,2.06,10.53,-6.1094875347751145,,0.9,86.1
2002-10-24,1298.71,2.06,10.54,-6.092834179475709,,0.9,86.1
2002-10-25,1331.13,2.07,10.53,-6.085246745460123,,0.9,86.1
2002-10-28,1315.83,2.22,10.55,-6.092048431036965,,0.9,86.1
2002-10-29,1300.54,2.18,10.67,-6.113342721579193,,0.9,86.1
2002-10-30,1326.73,2.25,10.62,-6.1102736691245685,,0.9,86.1
2002-10-31,1329.75,2.25,10.59,-6.095987892352745,,0.57,80.6
2002-11-01,1360.7,2.25,10.47,-6.086023129732995,,0.57,80.6
2002-11-04,1396.54,2.28,10.3,-6.081017874770168,,0.57,80.6
2002-11-05,1401.17,2.28,10.19,-6.084830604133843,,0.57,80.6
2002-11-06,1418.99,2.22,10.1,-6.07576291570814,,0.57,80.6
2002-11-07,1376.71,2.02,10.12,-6.105903228101442,,0.57,80.6
2002-11-08,1359.28,1.98,10.16,-6.1076945462664725,,0.57,80.6
2002-11-11,1319.19,1.98,10.18,-6.100424679002,,0.57,80.6
2002-11-12,1349.56,2.05,10.15,-6.1100178208059885,,0.57,80.6
2002-11-13,1361.34,2.08,10.11,-6.096859905364373,,0.57,80.6
2002-11-14,1411.52,2.14,9.94,-6.1020431663252594,,0.57,80.6
2002-11-15,1411.14,2.14,9.78,-6.101719121578869,,0.57,80.6
2002-11-18,1393.69,2.11,9.7,-6.083898466566363,,0.57,80.6
2002-11-19,1374.51,2.08,9.61,-6.083392748364678,,0.57,80.6
2002-11-20,1419.35,2.1,9.39,-6.063250087406916,,0.57,80.6
2002-11-21,1467.55,2.09,9.15,-6.062573726204263,,0.57,80.6
2002-11-22,1468.74,2.08,9.04,-6.076975591195263,,0.57,80.6
2002-11-25,1481.9,2.1,9.01,-6.068262028170018,,0.57,80.6
2002-11-26,1444.43,2.11,9.14,-6.077875194622348,,0.57,80.6
2002-11-27,1487.94,2.13,8.94,-6.046619621379755,,0.57,80.6
2002-11-29,1478.78,2.14,9.01,-6.046619621379755,,0.57,80.6
2002-12-02,1484.78,2.15,8.67,-6.03150192016782,,0.43,84.2
2002-12-03,1448.96,2.16,8.67,-6.0445290887195275,,0.43,84.2
2002-12-04,1430.35,2.16,8.81,-6.050426979477373,,0.43,84.2
2002-12-05,1410.75,2.16,8.89,-6.076021935136045,,0.43,84.2
2002-12-06,1422.44,2.2,9,-6.079282230009256,,0.43,84.2
2002-12-09,1367.14,2.18,9.08,-6.091564125727189,,0.43,84.2
2002-12-10,1390.76,2.16,9.05,-6.075731669904154,,0.43,84.2
2002-12-11,1396.59,2.16,9.09,-6.081076705797669,,0.43,84.2
2002-12-12,1399.55,2.16,9.06,-6.105865773656984,,0.43,84.2
2002-12-13,1362.42,2.2,8.99,-6.123200069749693,,0.43,84.2
2002-12-16,1400.33,2.21,8.88,-6.136572507561502,,0.43,84.2
2002-12-17,1392.05,2.24,8.9,-6.135020660503844,,0.43,84.2
2002-12-18,1361.51,2.25,8.94,-6.159128946101963,,0.43,84.2
2002-12-19,1354.1,2.22,9.03,-6.175692682172518,,0.43,84.2
2002-12-20,1363.05,2.21,8.99,-6.16316818721743,,0.43,84.2
2002-12-23,1381.69,2.19,9,-6.1730919004724605,,0.43,84.2
2002-12-24,1372.47,2.22,9.01,-6.194088712200038,,0.43,84.2
2002-12-26,1367.89,2.23,9.02,-6.208615784871428,,0.43,84.2
2002-12-27,1348.31,2.23,9.11,-6.204507720926885,,0.43,84.2
2002-12-30,1339.54,2.21,9.13,-6.19190923562753,,0.43,84.2
2002-12-31,1335.51,2.22,8.9,-6.205886905108325,,0.3,86.7
2003-01-02,1384.85,2.27,8.65,-6.179168528563871,,0.3,86.7
2003-01-03,1387.08,2.26,8.57,-6.17515222433298,,0.3,86.7
2003-01-06,1421.32,2.25,8.41,-6.166372584194942,,0.3,86.7
2003-01-07,1431.57,2.27,8.26,-6.157865199267077,,0.3,86.7
2003-01-08,1401.07,2.29,8.18,-6.162503673874318,,0.3,86.7
2003-01-09,1438.46,2.32,7.95,-6.155464724120056,,0.3,86.7
2003-01-10,1447.72,2.37,7.92,-6.166878486510524,,0.3,86.7
2003-01-13,1446.04,2.34,7.92,-6.1567537223081485,,0.3,86.7
2003-01-14,1460.99,2.34,7.96,-6.139203739763785,,0.3,86.7
2003-01-15,1438.8,2.35,7.96,-6.128950528329987,,0.3,86.7
2003-01-16,1423.75,2.35,7.99,-6.153934198124838,,0.3,86.7
2003-01-17,1376.19,2.35,8.1,-6.15424729404562,,0.3,86.7
2003-01-21,1364.26,2.34,8.12,-6.141799671610555,,0.3,86.7
2003-01-22,1359.48,2.29,8.23,-6.1433024454797,,0.3,86.7
2003-01-23,1388.27,2.29,8.16,-6.160439861949042,,0.3,86.7
2003-01-24,1342.14,2.28,8.21,-6.172484020384638,,0.3,86.7
2003-01-27,1325.27,2.28,8.29,-6.1863169134669,,0.3,86.7
2003-01-28,1342.18,2.3,8.25,-6.191895031182958,,0.3,86.7
2003-01-29,1358.06,2.29,8.24,-6.17133211494037,,0.3,86.7
2003-01-30,1322.35,2.3,8.25,-6.147781488275196,,0.3,86.7
2003-01-31,1320.91,2.28,8.29,-6.141109903041319,,0.23,82.4
2003-02-03,1323.79,2.29,8.21,-6.154806965075946,,0.23,82.4
2003-02-04,1306.15,2.28,8.28,-6.1890106506778855,,0.23,82.4
2003-02-05,1301.5,2.29,8.23,-6.182519783870691,,0.23,82.4
2003-02-06,1301.73,2.29,8.35,-6.179358655991152,,0.23,82.4
2003-02-07,1282.47,2.33,8.39,-6.184695599059592,,0.23,82.4
2003-02-10,1296.68,2.31,8.35,-6.151950463659051,,0.23,82.4
2003-02-11,1295.46,2.33,8.37,-6.1486501306303945,,0.23,82.4
2003-02-12,1278.97,2.31,8.5,-6.126534962352104,,0.23,82.4
2003-02-13,1277.44,2.32,8.69,-6.167376718716753,,0.23,82.4
2003-02-14,1310.17,2.33,8.62,-6.144574693331449,,0.23,82.4
2003-02-18,1346.54,2.28,8.56,-6.142618463128399,,0.23,82.4
2003-02-19,1334.32,2.27,8.53,-6.150962833261835,,0.23,82.4
2003-02-20,1331.23,2.26,8.51,-6.151770257966638,,0.23,82.4
2003-02-21,1349.02,2.27,8.42,-6.114734467232206,,0.23,82.4
2003-02-24,1322.38,2.26,8.41,-6.116216252080458,,0.23,82.4
2003-02-25,1328.98,2.23,8.45,-6.11386948454633,,0.23,82.4
2003-02-26,1303.68,2.21,8.44,-6.097735452255612,,0.23,82.4
2003-02-27,1323.94,2.18,8.4,-6.077058935747475,,0.23,82.4
2003-02-28,1337.52,2.18,8.38,-6.106610469230092,,0.2,79.9
2003-03-03,1320.29,2.16,8.29,-6.088493925043488,,0.2,79.9
2003-03-04,1307.77,2.16,8.31,-6.115138093391749,,0.2,79.9
2003-03-05,1314.4,2.17,8.33,-6.135567722342825,,0.2,79.9
2003-03-06,1302.89,2.2,8.31,-6.158493160229227,,0.2,79.9
2003-03-07,1305.29,2.24,8.34,-6.122515608292373,,0.2,79.9
2003-03-10,1278.37,2.24,8.38,-6.1512681532380284,,0.2,79.9
2003-03-11,1271.47,2.22,8.33,-6.126872036371533,,0.2,79.9
2003-03-12,1279.24,2.15,8.32,-6.125903118880118,,0.2,79.9
2003-03-13,1340.77,2.15,8.16,-6.1014654423223105,,0.2,79.9
2003-03-14,1340.33,2.16,8.17,-6.101921542672293,,0.2,79.9
2003-03-17,1392.27,2.19,8.04,-6.079446955085061,,0.2,79.9
2003-03-18,1400.55,2.19,7.91,-6.0906911810045425,,0.2,79.9
2003-03-19,1397.07,2.26,7.88,-6.069377855903263,,0.2,79.9
2003-03-20,1402.77,2.26,7.84,-6.072108035814908,,0.2,79.9
2003-03-21,1421.84,2.31,7.69,-6.036948315906662,,0.2,79.9
2003-03-24,1369.78,2.27,7.81,-6.060891069946049,,0.2,79.9
2003-03-25,1391.01,2.28,7.8,-6.053994729926354,,0.2,79.9
2003-03-26,1387.45,2.28,7.78,-6.083749921218254,,0.2,79.9
2003-03-27,1384.25,2.33,7.76,-6.106890436100231,,0.2,79.9
2003-03-28,1369.6,2.36,7.75,-6.123793293766744,,0.2,79.9
2003-03-31,1341.17,2.32,7.72,-6.155958432024722,,0.13,77.6
2003-04-01,1348.3,2.34,7.61,-6.137000885829328,,0.13,77.6
2003-04-02,1396.72,2.34,7.36,-6.130893615109881,,0.13,77.6
2003-04-03,1396.58,2.38,7.31,-6.127059561461084,,0.13,77.6
2003-04-04,1383.51,2.41,7.24,-6.1181830913006205,,0.13,77.6
2003-04-07,1389.51,2.41,7.24,-6.091940124089751,,0.13,77.6
2003-04-08,1382.94,2.38,7.11,-6.102380536759779,,0.13,77.6
2003-04-09,1356.74,2.36,7.21,-6.117404611448004,,0.13,77.6
2003-04-10,1365.61,2.38,7.31,-6.1270494631193495,,0.13,77.6
2003-04-11,1358.85,2.35,7.28,-6.11543104458256,,0.13,77.6
2003-04-14,1384.95,2.35,7.21,-6.105790959896455,,0.13,77.6
2003-04-15,1391.01,2.3,7.12,-6.094608712016245,,0.13,77.6
2003-04-16,1394.72,2.29,7.07,-6.097063453966896,,0.13,77.6
2003-04-17,1425.5,2.29,7.05,-6.096282542747077,,0.13,77.6
2003-04-21,1424.37,2.27,6.97,-6.126923093923088,,0.13,77.6
2003-04-22,1451.36,2.29,6.92,-6.139956239383531,,0.13,77.6
2003-04-23,1466.16,2.31,6.86,-6.128488451636527,,0.13,77.6
2003-04-24,1457.23,2.32,6.71,-6.149202674728897,,0.13,77.6
2003-04-25,1434.54,2.31,6.69,-6.1450160657429596,,0.13,77.6
2003-04-28,1462.24,2.34,6.68,-6.150405655257873,,0.13,77.6
2003-04-29,1471.3,2.33,6.64,-6.127222539950179,,0.13,77.6
2003-04-30,1464.31,2.34,6.55,-6.140521172032485,,0.13,77.6
2003-05-01,1472.56,2.38,6.44,-6.151375555286884,,0.13,86
2003-05-02,1502.88,2.38,6.37,-6.162655777173752,,0.13,86
2003-05-05,1504.04,2.38,6.26,-6.167849295823933,,0.13,86
2003-05-06,1523.71,2.37,6.25,-6.160111073320046,,0.13,86
2003-05-07,1506.76,2.39,6.34,-6.143280141227393,,0.13,86
2003-05-08,1489.69,2.27,6.46,-6.153966607367655,,0.13,86
2003-05-09,1520.15,2.21,6.55,-6.157919525203431,,0.13,86
2003-05-12,1541.4,2.24,6.53,-6.148365999359837,,0.13,86
2003-05-13,1539.68,2.18,6.53,-6.127037673464772,,0.13,86
2003-05-14,1534.9,2.16,6.53,-6.138172543372774,,0.13,86
2003-05-15,1551.38,2.12,6.62,-6.139023245253088,,0.13,86
2003-05-16,1538.53,2.07,6.55,-6.144301166299371,,0.13,86
2003-05-19,1492.77,2.08,6.63,-6.168094319709253,,0.13,86
2003-05-20,1491.09,2.11,6.66,-6.1738406756501565,,0.13,86
2003-05-21,1489.87,2.07,6.77,-6.179498249626958,,0.13,86
2003-05-22,1507.55,2.01,6.8,-6.172320186219441,,0.13,86
2003-05-23,1510.09,1.98,6.86,-6.17552296929732,,0.13,86
2003-05-27,1556.69,1.96,6.87,-6.158568066973966,,0.13,86
2003-05-28,1563.24,2.08,6.88,-6.161809912855221,,0.13,86
2003-05-29,1574.95,2.09,6.89,-6.173516380366923,,0.13,86
2003-05-30,1595.91,2.04,6.87,-6.146801196147824,,0.13,86
2003-06-02,1590.75,2.04,6.79,-6.141356624023858,,0.2,92.1
2003-06-03,1603.56,2.1,6.66,-6.146798928416498,,0.2,92.1
2003-06-04,1634.65,2.14,6.74,-6.1438749013299745,,0.2,92.1
2003-06-05,1646.01,2.1,6.7,-6.157412096956086,,0.2,92.1
2003-06-06,1627.42,2.09,6.58,-6.143149134440047,,0.2,92.1
2003-06-09,1603.97,2.1,6.48,-6.154665062455158,,0.2,92.1
2003-06-10,1627.67,2.1,6.51,-6.131169801747517,,0.2,92.1
2003-06-11,1646.02,2.07,6.58,-6.140109170376346,,0.2,92.1
2003-06-12,1653.62,2.05,6.5,-6.125197792743828,,0.2,92.1
2003-06-13,1626.49,2.05,6.48,-6.151417770122795,,0.2,92.1
2003-06-16,1666.58,2.03,6.46,-6.15839227182203,,0.2,92.1
2003-06-17,1668.44,2,6.31,-6.143784395226473,,0.2,92.1
2003-06-18,1677.14,2.02,6.14,-6.131002925878364,,0.2,92.1
2003-06-19,1648.64,2.1,6.04,-6.1376317020818005,,0.2,92.1
2003-06-20,1644.72,2.18,6.09,-6.133078497757256,,0.2,92.1
2003-06-23,1610.75,2.18,6.07,-6.132869037500477,,0.2,92.1
2003-06-24,1605.61,2.15,6.21,-6.112425398525443,,0.2,92.1
2003-06-25,1602.66,2.15,6.29,-6.133202123974931,,0.2,92.1
2003-06-26,1634.01,2.08,6.15,-6.1269069535665475,,0.2,92.1
2003-06-27,1625.26,2.14,6.03,-6.116801366503215,,0.2,92.1
2003-06-30,1622.8,2.2,6.03,-6.13099550259062,,0.2,92.1
2003-07-01,1640.13,2.22,6.13,-6.149128166697939,,0.4,89.7
2003-07-02,1678.73,2.26,6.15,-6.134959272457943,,0.4,89.7
2003-07-03,1663.46,2.26,6.18,-6.147990186489784,,0.4,89.7
2003-07-07,1720.71,2.35,6.11,-6.113418150397155,,0.4,89.7
2003-07-08,1746.46,2.38,6.05,-6.105118488557062,,0.4,89.7
2003-07-09,1747.46,2.36,5.97,-6.087531046580671,,0.4,89.7
2003-07-10,1715.86,2.36,5.97,-6.088924453214435,,0.4,89.7
2003-07-11,1733.93,2.37,6,-6.0922955894024575,,0.4,89.7
2003-07-14,1754.82,2.37,6.05,-6.077274283452511,,0.4,89.7
2003-07-15,1753.21,2.39,5.94,-6.0660671791930945,,0.4,89.7
2003-07-16,1747.97,2.49,5.73,-6.070245424961096,,0.4,89.7
2003-07-17,1698.02,2.48,5.76,-6.087413908781304,,0.4,89.7
2003-07-18,1708.5,2.51,5.75,-6.089715990314762,,0.4,89.7
2003-07-21,1681.41,2.49,5.76,-6.113744859859261,,0.4,89.7
2003-07-22,1706.1,2.58,5.59,-6.118054427356369,,0.4,89.7
2003-07-23,1719.18,2.6,5.66,-6.133066621599667,,0.4,89.7
2003-07-24,1701.42,2.58,5.72,-6.123774336916705,,0.4,89.7
2003-07-25,1730.7,2.66,5.7,-6.11949839977331,,0.4,89.7
2003-07-28,1735.36,2.7,5.73,-6.113435567327728,,0.4,89.7
2003-07-29,1731.37,2.7,5.65,-6.106486675433561,,0.4,89.7
2003-07-30,1720.91,2.75,5.63,-6.101458948120009,,0.4,89.7
2003-07-31,1735.02,2.7,5.83,-6.072210143683726,,0.4,89.7
2003-08-01,1715.62,2.69,5.67,-6.05190948409113,,0.47,90.9
2003-08-04,1714.06,2.59,5.77,-6.071839788453617,,0.47,90.9
2003-08-05,1673.5,2.64,5.84,-6.073930461725937,,0.47,90.9
2003-08-06,1652.68,2.59,5.8,-6.0823012066117235,,0.47,90.9
2003-08-07,1652.18,2.54,6.06,-6.074146524859133,,0.47,90.9
2003-08-08,1644.03,2.56,6.15,-6.10152392470451,,0.47,90.9
2003-08-11,1661.51,2.55,6.13,-6.11028032064403,,0.47,90.9
2003-08-12,1687.01,2.57,6.08,-6.123092989586419,,0.47,90.9
2003-08-13,1686.61,2.66,6.13,-6.129523239160655,,0.47,90.9
2003-08-14,1700.34,2.72,5.99,-6.131743629979961,,0.47,90.9
2003-08-15,1702.01,2.69,6.06,-6.132900497475704,,0.47,90.9
2003-08-18,1739.49,2.7,6.07,-6.113982308222739,,0.47,90.9
2003-08-19,1761.11,2.62,6.05,-6.114426258242817,,0.47,90.9
2003-08-20,1760.54,2.57,5.98,-6.122274849618144,,0.47,90.9
2003-08-21,1777.55,2.61,5.81,-6.111114996939161,,0.47,90.9
2003-08-22,1765.32,2.55,5.61,-6.117378269049893,,0.47,90.9
2003-08-25,1764.31,2.51,5.62,-6.110282886718523,,0.47,90.9
2003-08-26,1770.65,2.51,5.53,-6.135488558117311,,0.47,90.9
2003-08-27,1782.13,2.54,5.55,-6.157085914584802,,0.47,90.9
2003-08-28,1800.18,2.49,5.45,-6.146602438143979,,0.47,90.9
2003-08-29,1810.45,2.49,5.5,-6.141818480508614,,0.47,90.9
2003-09-02,1841.48,2.5,5.46,-6.126561991121112,,0.47,89.3
2003-09-03,1852.9,2.57,5.19,-6.11084886413134,,0.47,89.3
2003-09-04,1868.97,2.58,5.16,-6.122097165866523,,0.47,89.3
2003-09-05,1858.24,2.61,5.25,-6.118865911699038,,0.47,89.3
2003-09-08,1888.62,2.63,5.42,-6.115848266795718,,0.47,89.3
2003-09-09,1873.43,2.66,5.35,-6.145963598302638,,0.47,89.3
2003-09-10,1823.81,2.66,5.34,-6.153782839195467,,0.47,89.3
2003-09-11,1846.09,2.64,5.42,-6.1304127450327295,,0.47,89.3
2003-09-12,1855.03,2.64,5.36,-6.13532082429112,,0.47,89.3
2003-09-15,1845.7,2.61,5.42,-6.124539631260065,,0.47,89.3
2003-09-16,1887.25,2.65,5.43,-6.1279749741321226,,0.47,89.3
2003-09-17,1883.1,2.66,5.39,-6.124806642592219,,0.47,89.3
2003-09-18,1909.55,2.57,5.41,-6.121635353565253,,0.47,89.3
2003-09-19,1905.7,2.51,5.32,-6.132899342609938,,0.47,89.3
2003-09-22,1874.62,2.47,5.26,-6.1463022170867765,,0.47,89.3
2003-09-23,1901.72,2.56,5.28,-6.149585198490941,,0.47,89.3
2003-09-24,1843.7,2.56,5.34,-6.148967905768807,,0.47,89.3
2003-09-25,1817.24,2.5,5.36,-6.1378632501309225,,0.47,89.3
2003-09-26,1792.07,2.47,5.37,-6.141520252796462,,0.47,89.3
2003-09-29,1824.56,2.44,5.45,-6.142141795169371,,0.47,89.3
2003-09-30,1786.94,2.48,5.4,-6.156378285441138,,0.47,89.3
2003-10-01,1832.25,2.46,5.51,-6.148042412592852,,0.37,87.7
2003-10-02,1836.22,2.49,5.46,-6.131982574044195,,0.37,87.7
2003-10-03,1880.57,2.55,5.36,-6.091434214130932,,0.37,87.7
2003-10-06,1893.46,2.56,5.18,-6.0997164012034535,,0.37,87.7
2003-10-07,1907.85,2.57,5.25,-6.100419539397492,,0.37,87.7
2003-10-08,1893.78,2.6,5.13,-6.086827919816386,,0.37,87.7
2003-10-09,1911.9,2.62,5.1,-6.0713720557006665,,0.37,87.7
2003-10-10,1915.31,2.63,5.02,-6.0712845227495045,,0.37,87.7
2003-10-13,1933.53,2.64,5.02,-6.048137710212489,,0.37,87.7
2003-10-14,1943.19,2.64,5.01,-6.064795820193532,,0.37,87.7
2003-10-15,1939.1,2.64,4.88,-6.02943169090705,,0.37,87.7
2003-10-16,1950.14,2.64,4.74,-6.034163972781812,,0.37,87.7
2003-10-17,1912.36,2.51,4.62,-6.030921720241514,,0.37,87.7
2003-10-20,1925.14,2.51,4.68,-6.017988429466857,,0.37,87.7
2003-10-21,1940.9,2.53,4.68,-6.044136581545732,,0.37,87.7
2003-10-22,1898.07,2.49,4.68,-6.048379666743215,,0.37,87.7
2003-10-23,1885.51,2.49,4.81,-6.051407583075015,,0.37,87.7
2003-10-24,1865.59,2.5,4.82,-6.077262048417488,,0.37,87.7
2003-10-27,1882.91,2.47,4.8,-6.058582383578041,,0.37,87.7
2003-10-28,1932.26,2.52,4.87,-6.050004749201505,,0.37,87.7
2003-10-29,1936.56,2.52,4.77,-6.042893849656232,,0.37,87.7
2003-10-30,1932.69,2.5,4.68,-6.020497993096497,,0.37,87.7
2003-10-31,1932.21,2.48,4.73,-6.015676256110253,,0.3,89.6
2003-11-03,1967.7,2.5,4.65,-6.001860482399104,,0.3,89.6
2003-11-04,1957.96,2.47,4.68,-5.983600810647768,,0.3,89.6
2003-11-05,1959.37,2.44,4.62,-5.991725882533486,,0.3,89.6
2003-11-06,1976.37,2.44,4.56,-6.003887067106539,,0.3,89.6
2003-11-07,1970.74,2.44,4.52,-6.006178422652117,,0.3,89.6
2003-11-10,1941.64,2.43,4.5,-6.032372744809188,,0.3,89.6
2003-11-11,1930.75,2.43,4.5,-6.018620262775483,,0.3,89.6
2003-11-12,1973.11,2.39,4.55,-6.03175925450819,,0.3,89.6
2003-11-13,1967.35,2.38,4.69,-6.036331400543553,,0.3,89.6
2003-11-14,1930.26,2.38,4.74,-6.036167597530371,,0.3,89.6
2003-11-17,1909.61,2.38,4.74,-6.055543403792504,,0.3,89.6
2003-11-18,1881.75,2.34,4.73,-6.055868939078965,,0.3,89.6
2003-11-19,1899.65,2.34,4.65,-6.064735267346015,,0.3,89.6
2003-11-20,1881.92,2.33,4.76,-6.099453185172078,,0.3,89.6
2003-11-21,1893.88,2.31,4.75,-6.092904587287844,,0.3,89.6
2003-11-24,1947.14,2.29,4.67,-6.070358489577645,,0.3,89.6
2003-11-25,1943.04,2.3,4.62,-6.088873578434026,,0.3,89.6
2003-11-26,1953.31,2.28,4.55,-6.081045204277718,,0.3,89.6
2003-11-28,1960.26,2.28,4.46,-6.081045204277718,,0.3,89.6
2003-12-01,1989.82,2.28,4.37,-6.040700575890582,,0.23,93.7
2003-12-02,1980.07,2.31,4.35,-6.029242900073247,,0.23,93.7
2003-12-03,1960.25,2.32,4.27,-6.0246167544248825,,0.23,93.7
2003-12-04,1968.8,2.32,4.26,-6.0375369826126715,,0.23,93.7
2003-12-05,1937.82,2.35,4.39,-6.038978825345179,,0.23,93.7
2003-12-08,1948.85,2.35,4.29,-6.042564124386478,,0.23,93.7
2003-12-09,1908.32,2.35,4.19,-6.034694263822224,,0.23,93.7
2003-12-10,1904.65,2.36,4.22,-6.029526227040137,,0.23,93.7
2003-12-11,1942.32,2.44,4.35,-6.026608726163905,,0.23,93.7
2003-12-12,1949,2.42,4.34,-6.028473613632283,,0.23,93.7
2003-12-15,1918.26,2.4,4.27,-6.0214284081984015,,0.23,93.7
2003-12-16,1924.29,2.41,4.31,-6.008255065020973,,0.23,93.7
2003-12-17,1921.33,2.36,4.34,-6.026227076087824,,0.23,93.7
2003-12-18,1956.18,2.31,4.34,-6.003947881410082,,0.23,93.7
2003-12-19,1951.02,2.33,4.33,-5.9921967008929755,,0.23,93.7
2003-12-22,1955.8,2.34,4.28,-6.012843909138669,,0.23,93.7
2003-12-23,1974.78,2.32,4.16,-6.002212085831563,,0.23,93.7
2003-12-24,1969.23,2.37,4.25,-6.000223727197864,,0.23,93.7
2003-12-26,1973.14,2.35,4.28,-6.000223727197864,,0.23,93.7
2003-12-29,2006.48,2.38,4.22,-5.986420703101589,,0.23,93.7
2003-12-30,2009.88,2.43,4.17,-5.991464547107982,,0.23,93.7
2003-12-31,2003.37,2.43,4.18,-5.986430376102344,,0.03,92.6
2004-01-02,2006.68,2.44,4.08,-5.986430376102344,,0.03,92.6
2004-01-05,2047.36,2.46,3.97,-5.968196861788657,,0.03,92.6
2004-01-06,2057.37,2.45,3.98,-5.979719051496489,,0.03,92.6
2004-01-07,2077.68,2.43,3.92,-5.9813337030106295,,0.03,92.6
2004-01-08,2100.25,2.42,3.87,-5.9476686566655985,,0.03,92.6
2004-01-09,2086.92,2.43,4.01,-5.957828572712945,,0.03,92.6
2004-01-12,2111.78,2.43,4,-5.976573625142742,,0.03,92.6
2004-01-13,2096.44,2.42,4.05,-5.967692744895748,,0.03,92.6
2004-01-14,2111.13,2.36,4.04,-5.955164610036222,,0.03,92.6
2004-01-15,2109.08,2.32,3.98,-5.932323487552777,,0.03,92.6
2004-01-16,2140.46,2.34,3.94,-5.918972481442806,,0.03,92.6
2004-01-20,2147.98,2.39,3.89,-5.912111385386457,,0.03,92.6
2004-01-21,2142.45,2.36,3.88,-5.907985666635368,,0.03,92.6
2004-01-22,2119.01,2.33,3.9,-5.90307234709101,,0.03,92.6
2004-01-23,2123.87,2.38,3.79,-5.893928681986928,,0.03,92.6
2004-01-26,2153.83,2.41,3.76,-5.897877020615104,,0.03,92.6
2004-01-27,2116.04,2.41,3.88,-5.908443890892921,,0.03,92.6
2004-01-28,2077.37,2.35,3.81,-5.902886621626627,,0.03,92.6
2004-01-29,2068.23,2.34,3.92,-5.87485061388121,,0.03,92.6
2004-01-30,2066.15,2.32,4.03,-5.862847169285889,,0.03,92.6
2004-02-02,2063.15,2.35,4.06,-5.85518212111157,,-0.1,103.8
2004-02-03,2066.21,2.35,4.17,-5.835493640855997,,-0.1,103.8
2004-02-04,2014.14,2.35,4.2,-5.834863016248406,,-0.1,103.8
2004-02-05,2019.56,2.35,4.22,-5.828895468416345,,-0.1,103.8
2004-02-06,2064.01,2.35,4.34,-5.83597172742609,,-0.1,103.8
2004-02-09,2060.57,2.33,4.28,-5.839209203217171,,-0.1,103.8
2004-02-10,2075.33,2.31,4.24,-5.8449951002132,,-0.1,103.8
2004-02-11,2089.66,2.32,4.31,-5.822296237418538,,-0.1,103.8
2004-02-12,2073.61,2.35,4.19,-5.810028622995399,,-0.1,103.8
2004-02-13,2053.56,2.35,4.25,-5.800176493793081,,-0.1,103.8
2004-02-17,2080.35,2.35,4.21,-5.769522197139406,,-0.1,103.8
2004-02-18,2076.47,2.33,4.23,-5.75944576871487,,-0.1,103.8
2004-02-19,2045.96,2.35,4.24,-5.732085667747203,,-0.1,103.8
2004-02-20,2037.93,2.35,4.22,-5.717570562296374,,-0.1,103.8
2004-02-23,2007.52,2.36,4.3,-5.717017683925718,,-0.1,103.8
2004-02-24,2005.44,2.35,4.38,-5.721226226209585,,-0.1,103.8
2004-02-25,2022.98,2.35,4.36,-5.712785261639808,,-0.1,103.8
2004-02-26,2032.57,2.36,4.32,-5.677087612717625,,-0.1,103.8
2004-02-27,2029.82,2.33,4.34,-5.686295144188182,,-0.1,103.8
2004-03-01,2057.8,2.33,4.29,-5.655063813114521,,-0.1,94.4
2004-03-02,2039.65,2.31,4.22,-5.656662426693873,,-0.1,94.4
2004-03-03,2033.36,2.33,4.22,-5.705694155605434,,-0.1,94.4
2004-03-04,2055.11,2.31,4.24,-5.694794503522694,,-0.1,94.4
2004-03-05,2047.63,2.28,4.35,-5.700550650836419,,-0.1,94.4
2004-03-08,2008.78,2.26,4.37,-5.733658114314155,,-0.1,94.4
2004-03-09,1995.16,2.22,4.4,-5.762061271580616,,-0.1,94.4
2004-03-10,1964.15,2.2,4.37,-5.7399003373845385,,-0.1,94.4
2004-03-11,1943.89,2.22,4.41,-5.702038360597534,,-0.1,94.4
2004-03-12,1984.73,2.24,4.39,-5.707708269605099,,-0.1,94.4
2004-03-15,1939.2,2.22,4.41,-5.69110046954878,,-0.1,94.4
2004-03-16,1943.09,2.19,4.53,-5.686056752057093,,-0.1,94.4
2004-03-17,1976.76,2.18,4.5,-5.7085839612584,,-0.1,94.4
2004-03-18,1962.44,2.21,4.46,-5.703782474656201,,-0.1,94.4
2004-03-19,1940.47,2.24,4.43,-5.70208776416707,,-0.1,94.4
2004-03-22,1909.9,2.22,4.52,-5.732199687379778,,-0.1,94.4
2004-03-23,1901.8,2.21,4.54,-5.733505576108407,,-0.1,94.4
2004-03-24,1909.48,2.23,4.56,-5.730612612100088,,-0.1,94.4
2004-03-25,1967.17,2.24,4.53,-5.737568235813343,,-0.1,94.4
2004-03-26,1960.02,2.26,4.42,-5.746486271816573,,-0.1,94.4
2004-03-29,1992.57,2.28,4.34,-5.727312972066395,,-0.1,94.4
2004-03-30,2000.63,2.28,4.33,-5.752738215446592,,-0.1,94.4
2004-03-31,1994.22,2.26,4.41,-5.752339184873365,,0,95.8
2004-04-01,2015.01,2.26,4.32,-5.745450209176415,,0,95.8
2004-04-02,2057.17,2.29,4.16,-5.748309549369002,,0,95.8
2004-04-05,2079.12,2.29,4.16,-5.7617607692353,,0,95.8
2004-04-06,2059.9,2.33,4.11,-5.762904533651355,,0,95.8
2004-04-07,2050.24,2.33,4.14,-5.779762170704751,,0,95.8
2004-04-08,2052.88,2.32,4.11,-5.775716949821819,,0,95.8
2004-04-12,2065.48,2.33,4.06,-5.788916524666242,,0,95.8
2004-04-13,2030.08,2.34,4.02,-5.7636715318936815,,0,95.8
2004-04-14,2024.85,2.34,3.96,-5.734203071356913,,0,95.8
2004-04-15,2002.17,2.27,3.97,-5.733726739077316,,0,95.8
2004-04-16,1995.74,2.32,3.95,-5.700923020976637,,0,95.8
2004-04-19,2020.43,2.34,3.96,-5.687710920918774,,0,95.8
2004-04-20,1978.63,2.32,3.94,-5.717178352974538,,0,95.8
2004-04-21,1995.63,2.32,3.91,-5.764750474275437,,0,95.8
2004-04-22,2032.91,2.23,3.91,-5.77274814599083,,0,95.8
2004-04-23,2049.77,2.25,3.93,-5.763128535862805,,0,95.8
2004-04-26,2036.77,2.19,3.81,-5.766607890119611,,0,95.8
2004-04-27,2032.53,2.18,3.82,-5.778141041974748,,0,95.8
2004-04-28,1989.54,2.22,3.85,-5.792184721635137,,0,95.8
2004-04-29,1958.78,2.2,3.81,-5.782631113803244,,0,95.8
2004-04-30,1920.15,2.21,3.83,-5.771163742248811,,0,95.8
2004-05-03,1938.72,2.22,3.91,-5.756366924807371,,0,94.2
2004-05-04,1950.48,2.19,3.93,-5.764957592531344,,0,94.2
2004-05-05,1957.26,2.24,3.98,-5.759120182693739,,0,94.2
2004-05-06,1937.74,2.27,3.97,-5.7493466430068185,,0,94.2
2004-05-07,1917.96,2.24,4.04,-5.763426635577509,,0,94.2
2004-05-10,1896.07,2.15,3.99,-5.781879624346834,,0,94.2
2004-05-11,1931.35,2.2,4.21,-5.755466535788892,,0,94.2
2004-05-12,1925.59,2.18,4.24,-5.762249972791752,,0,94.2
2004-05-13,1926.03,2.21,4.31,-5.761992702186633,,0,94.2
2004-05-14,1904.25,2.18,4.37,-5.768692319034916,,0,94.2
2004-05-17,1876.64,2.2,4.48,-5.804150206325288,,0,94.2
2004-05-18,1897.82,2.19,4.56,-5.786522351938461,,0,94.2
2004-05-19,1898.17,2.16,4.46,-5.768634360814355,,0,94.2
2004-05-20,1896.59,2.18,4.32,-5.765208275983822,,0,94.2
2004-05-21,1912.09,2.17,4.4,-5.752494699540297,,0,94.2
2004-05-24,1922.98,2.16,4.32,-5.744798939730986,,0,94.2
2004-05-25,1964.65,2.16,4.29,-5.7517748109339735,,0,94.2
2004-05-26,1976.15,2.15,4.28,-5.753545298159166,,0,94.2
2004-05-27,1984.5,2.15,4.28,-5.737256248717334,,0,94.2
2004-05-28,1986.74,2.14,4.32,-5.733727525196882,,0,94.2
2004-06-01,1990.77,2.12,4.28,-5.724093577182758,,0,90.2
2004-06-02,1988.98,2.11,4.25,-5.750994267275227,,0,90.2
2004-06-03,1960.26,2.09,4.23,-5.74338382079644,,0,90.2
2004-06-04,1978.62,2.08,4.25,-5.76226330209333,,0,90.2
2004-06-07,2020.62,2.08,4.16,-5.742151839282887,,0,90.2
2004-06-08,2023.53,2.11,4.16,-5.757658290049732,,0,90.2
2004-06-09,1990.61,2.05,4.1,-5.801470869581712,,0,90.2
2004-06-10,1999.87,2.03,4.05,-5.797825997102892,,0,90.2
2004-06-14,1969.99,2,4.05,-5.80922975444579,,0,90.2
2004-06-15,1995.6,1.92,4,-5.788014547485014,,0,90.2
2004-06-16,1998.23,1.92,4.12,-5.789096058368736,,0,90.2
2004-06-17,1983.67,1.9,4.05,-5.7833759892654255,,0,90.2
2004-06-18,1986.73,1.9,4.06,-5.80460440461102,,0,90.2
2004-06-21,1974.38,1.91,4.02,-5.799472954902455,,0,90.2
2004-06-22,1994.15,1.9,4.02,-5.828718083447499,,0,90.2
2004-06-23,2020.98,1.92,3.98,-5.802004601824234,,0,90.2
2004-06-24,2015.57,1.93,3.98,-5.7984608838094145,,0,90.2
2004-06-25,2025.47,1.92,4.01,-5.809225665689214,,0,90.2
2004-06-28,2019.82,1.92,4,-5.80615717072828,,0,90.2
2004-06-29,2034.93,1.9,3.91,-5.812032428884188,,0,90.2
2004-06-30,2047.79,1.87,3.96,-5.784843512356638,,0,90.2
2004-07-01,2015.55,1.92,4.1,-5.781934941706429,,-0.03,95.6
2004-07-02,2006.66,1.93,4.13,-5.789358395642144,,-0.03,95.6
2004-07-06,1963.43,1.94,4.18,-5.776599442581556,,-0.03,95.6
2004-07-07,1966.08,1.93,4.13,-5.771056295273661,,-0.03,95.6
2004-07-08,1935.32,1.94,4.12,-5.787814018890971,,-0.03,95.6
2004-07-09,1946.33,1.94,4.1,-5.763381023408916,,-0.03,95.6
2004-07-12,1936.92,1.94,4.08,-5.767342043194788,,-0.03,95.6
2004-07-13,1931.66,1.93,4.08,-5.751901723000399,,-0.03,95.6
2004-07-14,1914.88,1.92,4.02,-5.760853875226571,,-0.03,95.6
2004-07-15,1912.71,1.88,3.98,-5.749702133590562,,-0.03,95.6
2004-07-16,1883.15,1.86,3.94,-5.737912920393081,,-0.03,95.6
2004-07-19,1883.83,1.84,4.02,-5.739657386617058,,-0.03,95.6
2004-07-20,1917.07,1.82,3.98,-5.745553066179421,,-0.03,95.6
2004-07-21,1874.37,1.8,3.86,-5.741745484210164,,-0.03,95.6
2004-07-22,1889.06,1.79,3.84,-5.72733104168865,,-0.03,95.6
2004-07-23,1849.09,1.79,3.91,-5.745885699332505,,-0.03,95.6
2004-07-26,1839.02,1.76,3.95,-5.743772122872359,,-0.03,95.6
2004-07-27,1869.1,1.74,3.95,-5.758754497901214,,-0.03,95.6
2004-07-28,1858.26,1.8,3.92,-5.723775351411129,,-0.03,95.6
2004-07-29,1881.06,1.83,3.96,-5.708282064429514,,-0.03,95.6
2004-07-30,1887.36,1.85,3.94,-5.707089944914685,,-0.03,95.6
2004-08-02,1892.09,1.82,4.02,-5.710779513571434,,-0.03,96.7
2004-08-03,1859.42,1.82,4.04,-5.718006742932195,,-0.03,96.7
2004-08-04,1855.06,1.79,4.05,-5.720001462459346,,-0.03,96.7
2004-08-05,1821.63,1.79,4.06,-5.731519229627801,,-0.03,96.7
2004-08-06,1776.89,1.79,4.05,-5.751404457947885,,-0.03,96.7
2004-08-09,1774.64,1.84,4.19,-5.782616235980599,,-0.03,96.7
2004-08-10,1808.7,1.83,4.16,-5.768470149347633,,-0.03,96.7
2004-08-11,1782.42,1.77,4.12,-5.745217247990342,,-0.03,96.7
2004-08-12,1752.49,1.76,4.11,-5.7458817596024945,,-0.03,96.7
2004-08-13,1757.22,1.75,4.17,-5.718344620007465,,-0.03,96.7
2004-08-16,1782.84,1.75,4.2,-5.730163950876318,,-0.03,96.7
2004-08-17,1795.25,1.75,4.16,-5.739958895956238,,-0.03,96.7
2004-08-18,1831.37,1.77,4.18,-5.768419377416165,,-0.03,96.7
2004-08-19,1819.89,1.79,4.13,-5.758644049944599,,-0.03,96.7
2004-08-20,1838.02,1.79,4.12,-5.791647514238304,,-0.03,96.7
2004-08-23,1838.7,1.78,4.07,-5.806642888201269,,-0.03,96.7
2004-08-24,1836.89,1.78,4.01,-5.789582464459533,,-0.03,96.7
2004-08-25,1860.72,1.78,4,-5.8014490872052455,,-0.03,96.7
2004-08-26,1852.92,1.75,3.97,-5.791637602389762,,-0.03,96.7
2004-08-27,1862.09,1.74,3.99,-5.77455647895569,,-0.03,96.7
2004-08-30,1836.49,1.75,3.97,-5.781480372570471,,-0.03,96.7
2004-08-31,1838.1,1.72,3.98,-5.774352729228208,,-0.03,96.7
2004-09-01,1850.41,1.72,4.06,-5.773592901004001,,-0.07,95.9
2004-09-02,1873.43,1.72,4.07,-5.789724904456926,,-0.07,95.9
2004-09-03,1844.48,1.74,3.99,-5.78298702436551,,-0.07,95.9
2004-09-07,1858.56,1.69,3.89,-5.749372956063785,,-0.07,95.9
2004-09-08,1850.64,1.68,3.93,-5.766628358360728,,-0.07,95.9
2004-09-09,1869.65,1.68,3.96,-5.7581827517164,,-0.07,95.9
2004-09-10,1894.31,1.72,3.89,-5.754059627947211,,-0.07,95.9
2004-09-13,1910.38,1.69,3.88,-5.75559444125455,,-0.07,95.9
2004-09-14,1915.4,1.66,3.86,-5.7631808547493915,,-0.07,95.9
2004-09-15,1896.52,1.68,3.85,-5.768124358294368,,-0.07,95.9
2004-09-16,1904.08,1.67,3.82,-5.7440664835353825,,-0.07,95.9
2004-09-17,1910.09,1.64,3.93,-5.7463847575621925,,-0.07,95.9
2004-09-20,1908.07,1.61,3.83,-5.731560308481353,,-0.07,95.9
2004-09-21,1921.18,1.61,3.88,-5.722612641514472,,-0.07,95.9
2004-09-22,1885.71,1.56,3.85,-5.699269446321806,,-0.07,95.9
2004-09-23,1886.43,1.5,3.87,-5.716465571500647,,-0.07,95.9
2004-09-24,1879.48,1.45,3.77,-5.709780411726872,,-0.07,95.9
2004-09-27,1859.88,1.42,3.78,-5.697229848371046,,-0.07,95.9
2004-09-28,1869.87,1.42,3.83,-5.711903239240488,,-0.07,95.9
2004-09-29,1893.94,1.47,3.83,-5.696095672454667,,-0.07,95.9
2004-09-30,1896.84,1.49,3.79,-5.707595634662615,,-0.07,95.9
2004-10-01,1942.2,1.51,3.83,-5.703782474656201,,-0.07,94.2
2004-10-04,1952.4,1.58,3.78,-5.695396178950247,,-0.07,94.2
2004-10-05,1955.5,1.54,3.78,-5.702235315763827,,-0.07,94.2
2004-10-06,1971.03,1.53,3.78,-5.6874873921696985,,-0.07,94.2
2004-10-07,1948.52,1.53,3.7,-5.683138863359233,,-0.07,94.2
2004-10-08,1919.97,1.54,3.66,-5.665989798874567,,-0.07,94.2
2004-10-11,1928.76,1.54,3.73,-5.664075887044227,,-0.07,94.2
2004-10-12,1925.17,1.54,3.73,-5.661943234863347,,-0.07,94.2
2004-10-13,1920.53,1.56,3.74,-5.774223572319517,,-0.07,94.2
2004-10-14,1903.02,1.56,3.76,-5.800440403744664,,-0.07,94.2
2004-10-15,1911.5,1.55,3.79,-5.771229291247574,,-0.07,94.2
2004-10-18,1936.52,1.54,3.74,-5.78454383130066,,-0.07,94.2
2004-10-19,1922.9,1.52,3.77,-5.784003091892846,,-0.07,94.2
2004-10-20,1932.97,1.5,3.78,-5.788101024475246,,-0.07,94.2
2004-10-21,1953.62,1.48,3.84,-5.780804607883978,,-0.07,94.2
2004-10-22,1915.14,1.44,3.78,-5.7869138288703885,,-0.07,94.2
2004-10-25,1914.04,1.45,3.78,-5.819430665802835,,-0.07,94.2
2004-10-26,1928.79,1.45,3.76,-5.810156912328901,,-0.07,94.2
2004-10-27,1969.99,1.47,3.72,-5.800409310345273,,-0.07,94.2
2004-10-28,1975.74,1.48,3.61,-5.8287344218896555,,-0.07,94.2
2004-10-29,1974.99,1.5,3.58,-5.771586685656656,,-0.07,94.2
2004-11-01,1979.87,1.5,3.56,-5.791473459198642,,0,91.7
2004-11-02,1984.79,1.5,3.54,-5.76414720866845,,0,91.7
2004-11-03,2004.33,1.49,3.49,-5.767850960532474,,0,91.7
2004-11-04,2023.63,1.47,3.43,-5.766280368056615,,0,91.7
2004-11-05,2038.94,1.41,3.29,-5.76404738682638,,0,91.7
2004-11-08,2039.25,1.42,3.28,-5.7630740559705815,,0,91.7
2004-11-09,2043.33,1.42,3.29,-5.759283552385036,,0,91.7
2004-11-10,2034.56,1.43,3.27,-5.7645077919910515,,0,91.7
2004-11-11,2061.27,1.43,3.27,-5.759631254398898,,0,91.7
2004-11-12,2085.34,1.34,3.31,-5.750367679339357,,0,91.7
2004-11-15,2094.09,1.31,3.28,-5.753115891780422,,0,91.7
2004-11-16,2078.62,1.3,3.26,-5.773829899069923,,0,91.7
2004-11-17,2099.68,1.29,3.31,-5.754354724561895,,0,91.7
2004-11-18,2104.28,1.26,3.29,-5.739172197208538,,0,91.7
2004-11-19,2070.63,1.25,3.21,-5.743486526075115,,0,91.7
2004-11-22,2085.19,1.23,3.24,-5.7641426548257115,,0,91.7
2004-11-23,2084.28,1.21,3.21,-5.7556752365934845,,0,91.7
2004-11-24,2102.54,1.19,3.19,-5.744089912066649,,0,91.7
2004-11-26,2101.97,1.21,3.15,-5.744089912066649,,0,91.7
2004-11-29,2106.87,1.27,3.12,-5.7570638412691375,,0,91.7
2004-11-30,2096.81,1.34,3.17,-5.755865786976423,,0,92.8
2004-12-01,2138.23,1.37,3.15,-5.757977656149302,,0,92.8
2004-12-02,2143.57,1.36,3.13,-5.795891945365263,,0,92.8
2004-12-03,2147.96,1.33,3.2,-5.796050105534658,,0,92.8
2004-12-06,2151.25,1.31,3.21,-5.796934423590516,,0,92.8
2004-12-07,2114.66,1.28,3.18,-5.815851209049145,,0,92.8
2004-12-08,2126.11,1.23,3.23,-5.809598986673958,,0,92.8
2004-12-09,2129.01,1.26,3.18,-5.803896029491179,,0,92.8
2004-12-10,2128.07,1.21,3.17,-5.792737974424295,,0,92.8
2004-12-13,2148.5,1.18,3.15,-5.782548459644858,,0,92.8
2004-12-14,2159.84,1.15,3.15,-5.770197898997605,,0,92.8
2004-12-15,2162.55,1.12,3.15,-5.76497968234965,,0,92.8
2004-12-16,2146.15,1.18,3.06,-5.753371680018766,,0,92.8
2004-12-17,2135.2,1.18,3.06,-5.757228980955781,,0,92.8
2004-12-20,2127.85,1.15,3.05,-5.743914333164106,,0,92.8
2004-12-21,2150.91,1.13,3.07,-5.726966291529035,,0,92.8
2004-12-22,2157.03,1.17,3.05,-5.746716462250606,,0,92.8
2004-12-23,2160.62,1.21,3.05,-5.740928123910804,,0,92.8
2004-12-27,2154.22,1.23,2.99,-5.736471450928339,,0,92.8
2004-12-28,2177.19,1.23,2.99,-5.725117827739511,,0,92.8
2004-12-29,2177,1.21,2.96,-5.711823873531195,,0,92.8
2004-12-30,2178.34,1.17,2.99,-5.709845525889876,,0,92.8
2004-12-31,2175.44,1.16,3.1,-5.709845525889876,,0,97.1
2005-01-03,2152.15,1.13,3.06,-5.6754467675853375,,0,97.1
2005-01-04,2107.86,1.09,2.97,-5.7670170932154425,,0,97.1
2005-01-05,2091.24,1.07,3.04,-5.739032611531445,,0,97.1
2005-01-06,2090,1.11,3.09,-5.725603266108618,,0,97.1
2005-01-07,2088.61,1.09,3.07,-5.724252786067227,,0,97.1
2005-01-10,2097.04,1.06,3.1,-5.72509446061855,,0,97.1
2005-01-11,2079.62,1.02,3.19,-5.711625652117227,,0,97.1
2005-01-12,2092.53,1.03,3.2,-5.716521500433631,,0,97.1
2005-01-13,2070.56,0.99,3.24,-5.729516560937589,,0,97.1
2005-01-14,2087.91,0.99,3.22,-5.712323451843534,,0,97.1
2005-01-18,2106.04,0.95,3.24,-5.711010422469403,,0,97.1
2005-01-19,2073.59,0.94,3.24,-5.704846115954848,,0,97.1
2005-01-20,2045.88,0.96,3.33,-5.699296574086755,,0,97.1
2005-01-21,2034.27,1,3.37,-5.695733437324634,,0,97.1
2005-01-24,2008.7,0.94,3.37,-5.6993437335756045,,0,97.1
2005-01-25,2019.95,0.97,3.29,-5.688267353840723,,0,97.1
2005-01-26,2046.09,0.94,3.27,-5.695036573184935,,0,97.1
2005-01-27,2047.15,0.94,3.23,-5.699568985276465,,0,97.1
2005-01-28,2035.83,0.91,3.27,-5.695755909141435,,0,97.1
2005-01-31,2062.41,0.85,3.29,-5.688804427268961,,-0.1,95.5
2005-02-01,2068.7,0.86,3.26,-5.699299749206915,,-0.1,95.5
2005-02-02,2075.06,0.83,3.2,-5.7155536111064125,,-0.1,95.5
2005-02-03,2057.64,0.84,3.15,-5.708452862164813,,-0.1,95.5
2005-02-04,2086.66,0.8,3.19,-5.711627545366373,,-0.1,95.5
2005-02-07,2082.03,0.76,3.17,-5.701017883677294,,-0.1,95.5
2005-02-08,2086.68,0.72,3.14,-5.698726486998743,,-0.1,95.5
2005-02-09,2052.55,0.76,3.22,-5.699929833242655,,-0.1,95.5
2005-02-10,2053.1,0.78,3.16,-5.6829828593044835,,-0.1,95.5
2005-02-11,2076.66,0.76,3.12,-5.692589427017663,,-0.1,95.5
2005-02-14,2082.91,0.7,3.11,-5.6931905115798855,,-0.1,95.5
2005-02-15,2089.21,0.73,3.06,-5.68007783232434,,-0.1,95.5
2005-02-16,2087.43,0.75,2.99,-5.686366499800392,,-0.1,95.5
2005-02-17,2061.34,0.81,2.99,-5.659401724365449,,-0.1,95.5
2005-02-18,2058.62,0.82,2.93,-5.659939836792025,,-0.1,95.5
2005-02-22,2030.32,0.83,2.92,-5.67874292933932,,-0.1,95.5
2005-02-23,2031.25,0.81,2.93,-5.672406466740556,,-0.1,95.5
2005-02-24,2051.7,0.77,2.88,-5.682886869967601,,-0.1,95.5
2005-02-25,2065.4,0.73,2.85,-5.681783628553154,,-0.1,95.5
2005-02-28,2051.72,0.77,2.83,-5.676840643333191,,0,94.1
2005-03-01,2071.25,0.79,2.81,-5.691300205518654,,0,94.1
2005-03-02,2067.5,0.81,2.84,-5.682570594843531,,0,94.1
2005-03-03,2058.4,0.8,2.83,-5.6763082191039524,,0,94.1
2005-03-04,2070.61,0.75,2.86,-5.674118803016009,,0,94.1
2005-03-07,2090.21,0.7,2.82,-5.674054374199903,,0,94.1
2005-03-08,2073.55,0.76,2.76,-5.684139887903967,,0,94.1
2005-03-09,2061.29,0.86,2.71,-5.685548287482706,,0,94.1
2005-03-10,2059.72,0.8,2.78,-5.691677417629926,,0,94.1
2005-03-11,2041.6,0.83,2.73,-5.710744883466383,,0,94.1
2005-03-14,2051.04,0.77,2.77,-5.704802015950973,,0,94.1
2005-03-15,2034.98,0.79,2.77,-5.690839859686647,,0,94.1
2005-03-16,2015.75,0.8,2.89,-5.686817782082625,,0,94.1
2005-03-17,2016.42,0.77,3,-5.676266560479709,,0,94.1
2005-03-18,2007.79,0.79,2.98,-5.675971756542406,,0,94.1
2005-03-21,2007.51,0.81,3.08,-5.668930980253184,,0,94.1
2005-03-22,1989.34,0.77,3.08,-5.663702182376512,,0,94.1
2005-03-23,1990.22,0.77,3.19,-5.685266661841984,,0,94.1
2005-03-24,1991.06,0.72,3.18,-5.677644028910936,,0,94.1
2005-03-28,1992.52,0.74,3.19,-5.679777147316251,,0,94.1
2005-03-29,1973.88,0.73,3.28,-5.668836867257458,,0,94.1
2005-03-30,2005.67,0.7,3.38,-5.6625042396427405,,0,94.1
2005-03-31,1999.23,0.7,3.52,-5.659209694325863,,-0.07,92.6
2005-04-01,1984.81,0.71,3.55,-5.664745869399648,,-0.07,92.6
2005-04-04,1991.07,0.71,3.55,-5.65231313942672,,-0.07,92.6
2005-04-05,1999.32,0.73,3.59,-5.660768790815573,,-0.07,92.6
2005-04-06,1999.14,0.73,3.53,-5.650807231139565,,-0.07,92.6
2005-04-07,2018.79,0.74,3.48,-5.650268258985375,,-0.07,92.6
2005-04-08,1999.35,0.77,3.41,-5.650537960137389,,-0.07,92.6
2005-04-11,1992.12,0.73,3.39,-5.6427205987882,,-0.07,92.6
2005-04-12,2005.4,0.7,3.47,-5.659361095678229,,-0.07,92.6
2005-04-13,1974.37,0.67,3.58,-5.688014178791716,,-0.07,92.6
2005-04-14,1946.71,0.72,3.61,-5.696874995338744,,-0.07,92.6
2005-04-15,1908.15,0.77,3.75,-5.687503045367338,,-0.07,92.6
2005-04-18,1912.92,0.73,3.89,-5.693347597363622,,-0.07,92.6
2005-04-19,1932.36,0.72,3.98,-5.687683479928335,,-0.07,92.6
2005-04-20,1913.76,0.71,4,-5.667467990326759,,-0.07,92.6
2005-04-21,1962.41,0.7,3.94,-5.679561607870986,,-0.07,92.6
2005-04-22,1932.19,0.67,3.82,-5.679291454647905,,-0.07,92.6
2005-04-25,1950.78,0.64,3.86,-5.67874292933932,,-0.07,92.6
2005-04-26,1927.44,0.62,3.88,-5.701620803639803,,-0.07,92.6
2005-04-27,1930.43,0.61,3.92,-5.696209288719081,,-0.07,92.6
2005-04-28,1904.18,0.61,4.04,-5.7019340452944185,,-0.07,92.6
2005-04-29,1921.65,0.6,4.16,-5.696699159309601,,-0.07,92.6
2005-05-02,1928.65,0.55,4.19,-5.6899414232443295,,0,87.7
2005-05-03,1933.07,0.57,4.17,-5.69135129511201,,0,87.7
2005-05-04,1962.23,0.53,4.13,-5.706810309739878,,0,87.7
2005-05-05,1961.8,0.57,4.12,-5.707737347788249,,0,87.7
2005-05-06,1967.35,0.61,4.13,-5.691212476746531,,0,87.7
2005-05-09,1979.67,0.55,4.07,-5.687402948329864,,0,87.7
2005-05-10,1962.77,0.53,4.05,-5.682509996209704,,0,87.7
2005-05-11,1971.55,0.54,4.13,-5.692511804022653,,0,87.7
2005-05-12,1963.88,0.53,4.23,-5.726298395903068,,0,87.7
2005-05-13,1976.78,0.52,4.28,-5.739965258857976,,0,87.7
2005-05-16,1994.43,0.51,4.39,-5.741449422954181,,0,87.7
2005-05-17,2004.15,0.52,4.49,-5.740785543788885,,0,87.7
2005-05-18,2030.65,0.51,4.57,-5.725587579619141,,0,87.7
2005-05-19,2042.58,0.51,4.55,-5.732469508709104,,0,87.7
2005-05-20,2046.42,0.47,4.4,-5.716309740384595,,0,87.7
2005-05-23,2056.65,0.44,4.33,-5.704622357122034,,0,87.7
2005-05-24,2061.62,0.42,4.29,-5.694726168717421,,0,87.7
2005-05-25,2050.12,0.43,4.28,-5.6873275310221,,0,87.7
2005-05-26,2071.24,0.47,4.16,-5.664262763145183,,0,87.7
2005-05-27,2075.73,0.44,4.07,-5.667525433484482,,0,87.7
2005-05-31,2068.22,0.44,4.02,-5.661595930535637,,0,87.7
2005-06-01,2087.86,0.4,4.13,-5.639012055582604,,-0.1,86.9
2005-06-02,2097.8,0.41,4.13,-5.635213421781231,,-0.1,86.9
2005-06-03,2071.43,0.37,4,-5.610887780779908,,-0.1,86.9
2005-06-06,2075.76,0.41,3.9,-5.612810696450475,,-0.1,86.9
2005-06-07,2067.16,0.37,3.99,-5.622352616812931,,-0.1,86.9
2005-06-08,2060.18,0.35,3.99,-5.62017585587202,,-0.1,86.9
2005-06-09,2076.91,0.35,3.98,-5.618356488914937,,-0.1,86.9
2005-06-10,2063,0.34,4.01,-5.615868872602095,,-0.1,86.9
2005-06-13,2068.96,0.34,3.91,-5.634882393370671,,-0.1,86.9
2005-06-14,2069.04,0.38,3.88,-5.63917844203772,,-0.1,86.9
2005-06-15,2074.92,0.42,3.83,-5.628266483187061,,-0.1,86.9
2005-06-16,2089.15,0.4,3.78,-5.631233476507481,,-0.1,86.9
2005-06-17,2090.11,0.39,3.83,-5.614274217467984,,-0.1,86.9
2005-06-20,2088.13,0.37,3.81,-5.624614275127597,,-0.1,86.9
2005-06-21,2091.07,0.39,3.81,-5.622605336912053,,-0.1,86.9
2005-06-22,2092.03,0.35,3.82,-5.625823776037926,,-0.1,86.9
2005-06-23,2070.66,0.33,3.9,-5.63501526039688,,-0.1,86.9
2005-06-24,2053.27,0.33,3.88,-5.625690851149787,,-0.1,86.9
2005-06-27,2045.2,0.33,3.93,-5.621878071258398,,-0.1,86.9
2005-06-28,2069.89,0.3,3.96,-5.618428856642271,,-0.1,86.9
2005-06-29,2068.89,0.32,3.86,-5.637620784566294,,-0.1,86.9
2005-06-30,2056.96,0.34,3.81,-5.668052351042436,,-0.1,86.9
2005-07-01,2057.37,0.28,3.85,-5.67335008656098,,-0.07,96
2005-07-05,2078.75,0.3,3.75,-5.638050398572879,,-0.07,96
2005-07-06,2068.65,0.32,3.71,-5.625644270347058,,-0.07,96
2005-07-07,2075.66,0.31,3.75,-5.621348981231842,,-0.07,96
2005-07-08,2112.88,0.34,3.78,-5.607143220077999,,-0.07,96
2005-07-11,2135.43,0.33,3.67,-5.609816682237869,,-0.07,96
2005-07-12,2143.15,0.3,3.61,-5.625885322990679,,-0.07,96
2005-07-13,2144.11,0.33,3.54,-5.613215251023489,,-0.07,96
2005-07-14,2152.82,0.33,3.51,-5.604413216819971,,-0.07,96
2005-07-15,2156.78,0.33,3.46,-5.597378117567477,,-0.07,96
2005-07-18,2144.87,0.32,3.43,-5.593789002272272,,-0.07,96
2005-07-19,2173.18,0.33,3.4,-5.579200456369787,,-0.07,96
2005-07-20,2188.57,0.32,3.43,-5.580565285048443,,-0.07,96
2005-07-21,2178.6,0.27,3.43,-5.60265925347389,,-0.07,96
2005-07-22,2179.74,0.32,3.36,-5.579900428773344,,-0.07,96
2005-07-25,2166.74,0.31,3.39,-5.573013758292868,,-0.07,96
2005-07-26,2175.99,0.3,3.36,-5.574806898567539,,-0.07,96
2005-07-27,2186.22,0.29,3.35,-5.564880641690828,,-0.07,96
2005-07-28,2198.44,0.28,3.31,-5.571261285168402,,-0.07,96
2005-07-29,2184.83,0.24,3.33,-5.579747035863545,,-0.07,96
2005-08-01,2195.38,0.26,3.3,-5.572910543986059,,-0.07,96.5
2005-08-02,2218.15,0.28,3.29,-5.573211250648978,,-0.07,96.5
2005-08-03,2216.81,0.28,3.29,-5.5791709128600795,,-0.07,96.5
2005-08-04,2191.32,0.28,3.32,-5.591649810005334,,-0.07,96.5
2005-08-05,2177.91,0.28,3.31,-5.59294915725702,,-0.07,96.5
2005-08-08,2164.39,0.29,3.29,-5.588804489927426,,-0.07,96.5
2005-08-09,2174.19,0.26,3.31,-5.611639900991023,,-0.07,96.5
2005-08-10,2157.81,0.28,3.33,-5.59997293489557,,-0.07,96.5
2005-08-11,2174.55,0.27,3.32,-5.612290134231535,,-0.07,96.5
2005-08-12,2156.9,0.22,3.37,-5.595943862323544,,-0.07,96.5
2005-08-15,2167.04,0.19,3.42,-5.568869663974962,,-0.07,96.5
2005-08-16,2137.06,0.19,3.37,-5.573453879936202,,-0.07,96.5
2005-08-17,2145.15,0.2,3.41,-5.593514880956964,,-0.07,96.5
2005-08-18,2136.08,0.21,3.37,-5.591184886308343,,-0.07,96.5
2005-08-19,2135.56,0.2,3.41,-5.585547257215039,,-0.07,96.5
2005-08-22,2141.41,0.18,3.39,-5.57180420624081,,-0.07,96.5
2005-08-23,2137.25,0.19,3.39,-5.570588748757832,,-0.07,96.5
2005-08-24,2128.91,0.19,3.4,-5.5807366646546885,,-0.07,96.5
2005-08-25,2134.37,0.2,3.38,-5.593626434627982,,-0.07,96.5
2005-08-26,2120.77,0.18,3.38,-5.5650339976811996,,-0.07,96.5
2005-08-29,2137.65,0.14,3.34,-5.57324320689849,,-0.07,96.5
2005-08-30,2129.76,0.14,3.37,-5.577539345097054,,-0.07,96.5
2005-08-31,2152.09,0.19,3.48,-5.600329735190606,,-0.07,96.5
2005-09-01,2147.9,0.18,3.66,-5.6018769688292736,,-0.07,89.1
2005-09-02,2141.07,0.3,3.7,-5.590991439829606,,-0.07,89.1
2005-09-06,2166.86,0.28,3.7,-5.59871179145495,,-0.07,89.1
2005-09-07,2172.03,0.29,3.64,-5.608067436546751,,-0.07,89.1
2005-09-08,2166.03,0.28,3.61,-5.62930213531244,,-0.07,89.1
2005-09-09,2175.51,0.28,3.59,-5.643391616038711,,-0.07,89.1
2005-09-12,2182.83,0.26,3.59,-5.62030389003593,,-0.07,89.1
2005-09-13,2171.75,0.26,3.55,-5.6234321220025425,,-0.07,89.1
2005-09-14,2149.33,0.26,3.58,-5.640581082475081,,-0.07,89.1
2005-09-15,2146.15,0.27,3.57,-5.656891409763973,,-0.07,89.1
2005-09-16,2160.35,0.32,3.55,-5.672755761494691,,-0.07,89.1
2005-09-19,2145.26,0.29,3.54,-5.650084548204887,,-0.07,89.1
2005-09-20,2131.33,0.32,3.61,-5.642307150959454,,-0.07,89.1
2005-09-21,2106.64,0.26,3.65,-5.623804875388183,,-0.07,89.1
2005-09-22,2110.78,0.23,3.75,-5.616877418436434,,-0.07,89.1
2005-09-23,2116.84,0.24,3.81,-5.617011922895516,,-0.07,89.1
2005-09-26,2121.46,0.23,3.71,-5.599796705446326,,-0.07,89.1
2005-09-27,2116.42,0.23,3.65,-5.597650056219793,,-0.07,89.1
2005-09-28,2115.4,0.22,3.66,-5.600834505403759,,-0.07,89.1
2005-09-29,2141.22,0.17,3.69,-5.611399882258998,,-0.07,89.1
2005-09-30,2151.69,0.16,3.67,-5.610939100242383,,-0.07,89.1
2005-10-03,2155.43,0.16,3.54,-5.586496757044951,,0.03,76.9
2005-10-04,2139.36,0.18,3.47,-5.5825251206186035,,0.03,76.9
2005-10-05,2103.02,0.16,3.48,-5.570983824319044,,0.03,76.9
2005-10-06,2084.08,0.15,3.51,-5.585017465153638,,0.03,76.9
2005-10-07,2090.35,0.17,3.55,-5.576485147985901,,0.03,76.9
2005-10-10,2078.92,0.17,3.59,-5.578496277496662,,0.03,76.9
2005-10-11,2061.09,0.17,3.59,-5.566324868899061,,0.03,76.9
2005-10-12,2037.47,0.17,3.66,-5.5825085466744415,,0.03,76.9
2005-10-13,2047.22,0.21,3.72,-5.592634601339425,,0.03,76.9
2005-10-14,2064.83,0.24,3.77,-5.59323197424983,,0.03,76.9
2005-10-17,2070.3,0.21,3.72,-5.567291763919171,,0.03,76.9
2005-10-18,2056,0.21,3.61,-5.560618421888109,,0.03,76.9
2005-10-19,2091.24,0.22,3.56,-5.552641902455447,,0.03,76.9
2005-10-20,2068.11,0.22,3.6,-5.55426873163579,,0.03,76.9
2005-10-21,2082.21,0.19,3.58,-5.566925770711417,,0.03,76.9
2005-10-24,2115.83,0.17,3.59,-5.5671909937208195,,0.03,76.9
2005-10-25,2109.45,0.2,3.54,-5.561377048662907,,0.03,76.9
2005-10-26,2100.05,0.2,3.49,-5.561358392736646,,0.03,76.9
2005-10-27,2063.81,0.22,3.49,-5.574570743176195,,0.03,76.9
2005-10-28,2089.88,0.21,3.57,-5.564057161646809,,0.03,76.9
2005-10-31,2120.3,0.17,3.61,-5.552235923075615,,0.03,74.2
2005-11-01,2114.05,0.16,3.57,-5.535893707207483,,0.03,74.2
2005-11-02,2144.31,0.18,3.54,-5.536587666758155,,0.03,74.2
2005-11-03,2160.22,0.18,3.48,-5.53267314004069,,0.03,74.2
2005-11-04,2169.43,0.19,3.48,-5.513629683582389,,0.03,74.2
2005-11-07,2178.24,0.18,3.49,-5.518262303007508,,0.03,74.2
2005-11-08,2172.07,0.14,3.55,-5.527536007060684,,0.03,74.2
2005-11-09,2175.81,0.15,3.5,-5.54226404549201,,0.03,74.2
2005-11-10,2196.68,0.11,3.57,-5.521086816369494,,0.03,74.2
2005-11-11,2202.47,0.11,3.56,-5.506710842085145,,0.03,74.2
2005-11-14,2200.95,0.11,3.58,-5.501881939450793,,0.03,74.2
2005-11-15,2186.74,0.09,3.62,-5.492047032655953,,0.03,74.2
2005-11-16,2187.93,0.07,3.72,-5.511802017407331,,0.03,74.2
2005-11-17,2220.46,0.09,3.78,-5.522282779424842,,0.03,74.2
2005-11-18,2227.07,0.1,3.69,-5.504533828681502,,0.03,74.2
2005-11-21,2241.67,0.07,3.71,-5.5135758458498,,0.03,74.2
2005-11-22,2253.56,0.11,3.74,-5.549284059452058,,0.03,74.2
2005-11-23,2259.98,0.11,3.69,-5.5218164553625,,0.03,74.2
2005-11-25,2263.01,0.1,3.72,-5.5218164553625,,0.03,74.2
2005-11-28,2239.37,0.08,3.71,-5.510086955078236,,0.03,74.2
2005-11-29,2232.71,0.08,3.61,-5.573695438004287,,0.03,74.2
2005-11-30,2232.82,0.07,3.67,-5.556559399176143,,0.07,81.6
2005-12-01,2267.17,0.07,3.62,-5.534232229671128,,0.07,81.6
2005-12-02,2273.37,0.09,3.63,-5.544909235874769,,0.07,81.6
2005-12-05,2257.64,0.1,3.62,-5.542605647091191,,0.07,81.6
2005-12-06,2260.76,0.07,3.68,-5.555208121106103,,0.07,81.6
2005-12-07,2252.01,0.1,3.66,-5.540814630871793,,0.07,81.6
2005-12-08,2246.46,0.1,3.7,-5.5509718926651805,,0.07,81.6
2005-12-09,2256.73,0.11,3.6,-5.56521850080123,,0.07,81.6
2005-12-12,2260.95,0.11,3.59,-5.589580632159022,,0.07,81.6
2005-12-13,2265,0.11,3.6,-5.555372338721894,,0.07,81.6
2005-12-14,2262.59,0.08,3.66,-5.555650149233956,,0.07,81.6
2005-12-15,2260.63,0.1,3.64,-5.534074681965978,,0.07,81.6
2005-12-16,2252.48,0.08,3.65,-5.518795960454213,,0.07,81.6
2005-12-19,2222.74,0.07,3.66,-5.527108131562378,,0.07,81.6
2005-12-20,2222.42,0.05,3.65,-5.505492514683516,,0.07,81.6
2005-12-21,2231.66,0.06,3.61,-5.503304518432225,,0.07,81.6
2005-12-22,2246.49,0.04,3.66,-5.518741845614752,,0.07,81.6
2005-12-23,2249.42,0.01,3.71,-5.51224971070086,,0.07,81.6
2005-12-27,2226.89,-0.01,3.73,-5.508266637013172,,0.07,81.6
2005-12-28,2228.94,0.01,3.69,-5.519622593122198,,0.07,81.6
2005-12-29,2218.16,-0.01,3.68,-5.533367266752208,,0.07,81.6
2005-12-30,2205.32,-0.02,3.65,-5.5393220022719225,,0.07,81.6
2006-01-03,2243.74,0.03,3.73,-5.560475079578791,,-0.03,91.5
2006-01-04,2263.46,0.05,3.69,-5.542641454457793,,-0.03,91.5
2006-01-05,2276.87,0.04,3.64,-5.5457687522724886,,-0.03,91.5
2006-01-06,2305.62,0.02,3.56,-5.558540539718052,,-0.03,91.5
2006-01-09,2318.69,0.02,3.51,-5.570319204242952,,-0.03,91.5
2006-01-10,2320.32,0.02,3.5,-5.556804239370134,,-0.03,91.5
2006-01-11,2331.36,0.02,3.47,-5.570546526507311,,-0.03,91.5
2006-01-12,2316.69,0.03,3.53,-5.572677562605701,,-0.03,91.5
2006-01-13,2317.04,0.02,3.62,-5.574693159678092,,-0.03,91.5
2006-01-17,2302.69,0.01,3.64,-5.570544287559575,,-0.03,91.5
2006-01-18,2279.64,0.01,3.64,-5.548451853689094,,-0.03,91.5
2006-01-19,2301.81,0.01,3.58,-5.578987704288916,,-0.03,91.5
2006-01-20,2247.7,0,3.6,-5.580000620770564,,-0.03,91.5
2006-01-23,2248.47,0.01,3.59,-5.574432444654549,,-0.03,91.5
2006-01-24,2265.25,0.03,3.54,-5.557908200474639,,-0.03,91.5
2006-01-25,2260.65,0.03,3.44,-5.54234412877867,,-0.03,91.5
2006-01-26,2283,0.04,3.42,-5.538619250141176,,-0.03,91.5
2006-01-27,2304.23,0.01,3.4,-5.522445654524786,,-0.03,91.5
2006-01-30,2306.78,0.02,3.34,-5.544911093694005,,-0.03,91.5
2006-01-31,2305.82,-0.01,3.42,-5.553910514757464,,-0.07,91.2
2006-02-01,2310.56,-0.02,3.35,-5.542143723342388,,-0.07,91.2
2006-02-02,2281.57,-0.02,3.35,-5.520681055598381,,-0.07,91.2
2006-02-03,2262.58,-0.05,3.38,-5.512058097409859,,-0.07,91.2
2006-02-06,2258.8,-0.07,3.38,-5.507283640292641,,-0.07,91.2
2006-02-07,2244.96,-0.04,3.39,-5.495309823415686,,-0.07,91.2
2006-02-08,2266.98,-0.08,3.38,-5.495043362708939,,-0.07,91.2
2006-02-09,2255.87,-0.12,3.38,-5.507216783114469,,-0.07,91.2
2006-02-10,2261.88,-0.1,3.35,-5.516729580884732,,-0.07,91.2
2006-02-13,2239.81,-0.1,3.37,-5.491656785619283,,-0.07,91.2
2006-02-14,2262.17,-0.07,3.36,-5.489679484157077,,-0.07,91.2
2006-02-15,2276.43,-0.1,3.32,-5.512198620456029,,-0.07,91.2
2006-02-16,2294.63,-0.1,3.29,-5.509101388005753,,-0.07,91.2
2006-02-17,2282.36,-0.12,3.3,-5.529335330637353,,-0.07,91.2
2006-02-21,2262.96,-0.14,3.29,-5.500526354808862,,-0.07,91.2
2006-02-22,2283.17,-0.15,3.31,-5.504492865077659,,-0.07,91.2
2006-02-23,2279.32,-0.16,3.27,-5.520825795579861,,-0.07,91.2
2006-02-24,2287.04,-0.16,3.28,-5.538216694732328,,-0.07,91.2
2006-02-27,2307.18,-0.15,3.28,-5.566208545969454,,-0.07,91.2
2006-02-28,2281.39,-0.14,3.37,-5.556240364237777,,-0.07,86.7
2006-03-01,2314.64,-0.12,3.33,-5.5337757421755684,,-0.07,86.7
2006-03-02,2311.11,-0.08,3.32,-5.527659966092932,,-0.07,86.7
2006-03-03,2302.6,-0.08,3.29,-5.524988258380215,,-0.07,86.7
2006-03-06,2286.03,-0.03,3.26,-5.535340924586513,,-0.07,86.7
2006-03-07,2268.38,-0.03,3.3,-5.540119024538011,,-0.07,86.7
2006-03-08,2267.46,0.01,3.31,-5.527773284757352,,-0.07,86.7
2006-03-09,2249.72,0.02,3.32,-5.518038991402346,,-0.07,86.7
2006-03-10,2262.04,0.02,3.3,-5.5009811382732705,,-0.07,86.7
2006-03-13,2267.03,0.03,3.27,-5.496434248145,,-0.07,86.7
2006-03-14,2295.9,0.05,3.34,-5.502651585904751,,-0.07,86.7
2006-03-15,2311.84,0.04,3.29,-5.506734034124843,,-0.07,86.7
2006-03-16,2299.56,0.03,3.34,-5.501893089747643,,-0.07,86.7
2006-03-17,2306.48,0.03,3.31,-5.4604866586585965,,-0.07,86.7
2006-03-20,2314.11,0.01,3.3,-5.4733646003291545,,-0.07,86.7
2006-03-21,2294.23,-0.01,3.21,-5.472429760800939,,-0.07,86.7
2006-03-22,2303.35,-0.04,3.2,-5.463280932676343,,-0.07,86.7
2006-03-23,2300.15,-0.04,3.18,-5.4367367102491775,,-0.07,86.7
2006-03-24,2312.82,-0.05,3.23,-5.455654801711688,,-0.07,86.7
2006-03-27,2315.58,-0.02,3.19,-5.4531732650222935,,-0.07,86.7
2006-03-28,2304.46,-0.02,3.12,-5.453085520924089,,-0.07,86.7
2006-03-29,2337.78,-0.01,3.14,-5.460026043746367,,-0.07,86.7
2006-03-30,2340.82,0.02,3.11,-5.473097307905871,,-0.07,86.7
2006-03-31,2339.79,0.04,3.13,-5.473133496793413,,-0.07,88.9
2006-04-03,2336.74,0.04,3.13,-5.452271756257872,,-0.07,88.9
2006-04-04,2345.36,0.02,3.09,-5.450748113056886,,-0.07,88.9
2006-04-05,2359.75,0.03,3.1,-5.430379074167443,,-0.07,88.9
2006-04-06,2361.17,0.03,3.13,-5.423191517858559,,-0.07,88.9
2006-04-07,2339.02,0.06,3.12,-5.413720075628942,,-0.07,88.9
2006-04-10,2333.27,0.08,3.06,-5.403345601092987,,-0.07,88.9
2006-04-11,2310.35,0.08,3.1,-5.394745955990445,,-0.07,88.9
2006-04-12,2314.68,0.05,3.11,-5.3797052881678,,-0.07,88.9
2006-04-13,2326.11,0.07,3.06,-5.361956442282931,,-0.07,88.9
2006-04-17,2311.16,0.09,3.05,-5.364797007673952,,-0.07,88.9
2006-04-18,2356.14,0.1,3.08,-5.346129347334334,,-0.07,88.9
2006-04-19,2370.88,0.15,3.11,-5.370178228191479,,-0.07,88.9
2006-04-20,2362.55,0.18,3.07,-5.348842303704569,,-0.07,88.9
2006-04-21,2342.86,0.15,3.04,-5.310030067717211,,-0.07,88.9
2006-04-24,2333.38,0.11,3.04,-5.30104588120124,,-0.07,88.9
2006-04-25,2330.3,0.1,3.06,-5.252248988105616,,-0.07,88.9
2006-04-26,2333.63,0.12,2.98,-5.242284542679301,,-0.07,88.9
2006-04-27,2344.95,0.13,2.97,-5.29847453747174,,-0.07,88.9
2006-04-28,2322.57,0.18,3,-5.314334958345146,,-0.07,88.9
2006-05-01,2304.79,0.2,3.04,-5.292427445420461,,0,87.4
2006-05-02,2309.84,0.2,2.96,-5.316613786819859,,0,87.4
2006-05-03,2303.97,0.2,2.97,-5.309599923238348,,0,87.4
2006-05-04,2323.9,0.21,2.94,-5.270043842308075,,0,87.4
2006-05-05,2342.57,0.19,2.93,-5.277492318948084,,0,87.4
2006-05-08,2344.99,0.18,2.96,-5.268754280418978,,0,87.4
2006-05-09,2338.25,0.15,2.94,-5.273398782933142,,0,87.4
2006-05-10,2320.74,0.16,2.92,-5.254105912312437,,0,87.4
2006-05-11,2272.7,0.12,2.9,-5.21447571098651,,0,87.4
2006-05-12,2243.78,0.15,2.88,-5.2160940567258205,,0,87.4
2006-05-15,2238.52,0.18,2.88,-5.208596767439997,,0,87.4
2006-05-16,2229.13,0.16,2.92,-5.194892624286971,,0,87.4
2006-05-17,2195.8,0.14,2.99,-5.23869659859354,,0,87.4
2006-05-18,2180.32,0.19,3.03,-5.21211407041046,,0,87.4
2006-05-19,2193.88,0.14,3.09,-5.2438176504969976,,0,87.4
2006-05-22,2172.86,0.09,3.08,-5.2470468791713625,,0,87.4
2006-05-23,2158.76,0.1,3.15,-5.1555332322994545,,0,87.4
2006-05-24,2169.17,0.1,3.12,-5.165845358402558,,0,87.4
2006-05-25,2198.24,0.09,3.18,-5.1643042087265485,,0,87.4
2006-05-26,2210.37,0.09,3.13,-5.139568977472149,,0,87.4
2006-05-30,2164.74,0.1,3.12,-5.191716137169446,,0,87.4
2006-05-31,2178.88,0.1,3.1,-5.187854328523357,,0,87.4
2006-06-01,2219.86,0.08,3.12,-5.206817262881544,,-0.07,79.1
2006-06-02,2219.41,0.07,3.13,-5.185852660336318,,-0.07,79.1
2006-06-05,2169.62,0.08,3.22,-5.193758775552271,,-0.07,79.1
2006-06-06,2162.78,0.03,3.19,-5.203393986837355,,-0.07,79.1
2006-06-07,2151.8,0.02,3.24,-5.173358815758864,,-0.07,79.1
2006-06-08,2145.32,0,3.22,-5.208621424187737,,-0.07,79.1
2006-06-09,2135.06,-0.01,3.26,-5.234013451910141,,-0.07,79.1
2006-06-12,2091.32,-0.03,3.27,-5.243570203950295,,-0.07,79.1
2006-06-13,2072.47,-0.03,3.25,-5.23790032989416,,-0.07,79.1
2006-06-14,2086,-0.05,3.32,-5.222370209163787,,-0.07,79.1
2006-06-15,2144.15,-0.06,3.32,-5.17833518047291,,-0.07,79.1
2006-06-16,2129.95,-0.04,3.29,-5.174611462990922,,-0.07,79.1
2006-06-19,2110.42,-0.03,3.26,-5.201642258825358,,-0.07,79.1
2006-06-20,2107.06,-0.05,3.25,-5.209685139046131,,-0.07,79.1
2006-06-21,2141.2,-0.04,3.28,-5.221638373079833,,-0.07,79.1
2006-06-22,2122.98,-0.04,3.34,-5.229506723256847,,-0.07,79.1
2006-06-23,2121.47,-0.03,3.32,-5.200999309012993,,-0.07,79.1
2006-06-26,2133.67,-0.04,3.31,-5.175047736625403,,-0.07,79.1
2006-06-27,2100.25,-0.02,3.34,-5.2115056444413455,,-0.07,79.1
2006-06-28,2111.84,-0.03,3.36,-5.172951753457684,,-0.07,79.1
2006-06-29,2174.38,-0.04,3.33,-5.177990447555915,,-0.07,79.1
2006-06-30,2172.09,0.01,3.33,-5.212795193109875,,-0.07,79.1
2006-07-03,2190.43,-0.01,3.35,-5.212795193109875,,-0.03,84.9
2006-07-05,2153.34,-0.02,3.33,-5.22029230478357,,-0.03,84.9
2006-07-06,2155.09,-0.01,3.27,-5.170025197268785,,-0.03,84.9
2006-07-07,2130.06,-0.03,3.31,-5.187066858600193,,-0.03,84.9
2006-07-10,2116.93,-0.03,3.33,-5.163449222031075,,-0.03,84.9
2006-07-11,2128.86,-0.04,3.3,-5.175380080162158,,-0.03,84.9
2006-07-12,2090.24,-0.07,3.33,-5.179988479349716,,-0.03,84.9
2006-07-13,2054.11,-0.07,3.32,-5.181757572634397,,-0.03,84.9
2006-07-14,2037.35,-0.04,3.39,-5.192582669407828,,-0.03,84.9
2006-07-17,2037.72,-0.01,3.44,-5.199096229003273,,-0.03,84.9
2006-07-18,2043.22,-0.05,3.42,-5.171100547259632,,-0.03,84.9
2006-07-19,2080.71,-0.06,3.37,-5.186706975936997,,-0.03,84.9
2006-07-20,2039.42,-0.06,3.42,-5.223114567623105,,-0.03,84.9
2006-07-21,2020.39,-0.03,3.43,-5.229174017293891,,-0.03,84.9
2006-07-24,2061.84,-0.03,3.41,-5.200223896521271,,-0.03,84.9
2006-07-25,2073.9,-0.05,3.41,-5.184930892804483,,-0.03,84.9
2006-07-26,2070.46,-0.04,3.38,-5.1945500151058175,,-0.03,84.9
2006-07-27,2054.47,-0.02,3.38,-5.203079054220116,,-0.03,84.9
2006-07-28,2094.14,0,3.36,-5.20691613307287,,-0.03,84.9
2006-07-31,2091.47,0.02,3.4,-5.199471531911404,,-0.03,84.9
2006-08-01,2061.99,0.02,3.45,-5.211432490172103,,0.03,84.7
2006-08-02,2078.81,0.02,3.44,-5.220002025302722,,0.03,84.7
2006-08-03,2092.34,-0.01,3.42,-5.2379255590095415,,0.03,84.7
2006-08-04,2085.05,-0.02,3.42,-5.196239672481788,,0.03,84.7
2006-08-07,2072.5,0,3.44,-5.20763570524827,,0.03,84.7
2006-08-08,2060.85,-0.03,3.42,-5.206651288515766,,0.03,84.7
2006-08-09,2060.28,0.02,3.41,-5.184233679317664,,0.03,84.7
2006-08-10,2071.74,0.01,3.41,-5.183083156023806,,0.03,84.7
2006-08-11,2057.71,0,3.42,-5.222293610745884,,0.03,84.7
2006-08-14,2069.04,0.01,3.39,-5.197094917549338,,0.03,84.7
2006-08-15,2115.01,-0.01,3.36,-5.189723027036428,,0.03,84.7
2006-08-16,2149.54,-0.01,3.39,-5.215749860418767,,0.03,84.7
2006-08-17,2157.61,0,3.42,-5.227034885157996,,0.03,84.7
2006-08-18,2163.95,-0.02,3.38,-5.1985863066034925,,0.03,84.7
2006-08-21,2147.75,-0.03,3.41,-5.195620975866877,,0.03,84.7
2006-08-22,2150.02,-0.03,3.43,-5.201287988612531,,0.03,84.7
2006-08-23,2134.66,-0.05,3.43,-5.20775778950231,,0.03,84.7
2006-08-24,2137.11,-0.05,3.43,-5.21121318028802,,0.03,84.7
2006-08-25,2140.29,-0.07,3.43,-5.210790903468211,,0.03,84.7
2006-08-28,2160.7,-0.07,3.44,-5.196312370170028,,0.03,84.7
2006-08-29,2172.3,-0.08,3.41,-5.207289407383427,,0.03,84.7
2006-08-30,2185.73,-0.08,3.41,-5.229803766577568,,0.03,84.7
2006-08-31,2183.75,-0.07,3.42,-5.212252511162438,,0.03,84.7
2006-09-01,2193.16,-0.05,3.49,-5.208280746218342,,0.07,82
2006-09-05,2205.7,-0.04,3.49,-5.184475375291145,,0.07,82
2006-09-06,2167.84,-0.02,3.43,-5.16149985529124,,0.07,82
2006-09-07,2155.29,-0.02,3.4,-5.143412564722951,,0.07,82
2006-09-08,2165.79,-0.02,3.41,-5.153349914682087,,0.07,82
2006-09-11,2173.25,-0.02,3.42,-5.1635102101222925,,0.07,82
2006-09-12,2215.82,-0.03,3.39,-5.171581686293101,,0.07,82
2006-09-13,2227.67,-0.04,3.4,-5.171389989764822,,0.07,82
2006-09-14,2228.73,-0.03,3.38,-5.157072624375688,,0.07,82
2006-09-15,2235.59,-0.04,3.35,-5.170785927407596,,0.07,82
2006-09-18,2235.75,-0.07,3.33,-5.15682600456287,,0.07,82
2006-09-19,2222.37,-0.07,3.33,-5.15198671919466,,0.07,82
2006-09-20,2252.89,-0.05,3.4,-5.156969451543081,,0.07,82
2006-09-21,2237.75,-0.08,3.39,-5.144239538503858,,0.07,82
2006-09-22,2218.93,-0.06,3.48,-5.152745052579061,,0.07,82
2006-09-25,2249.07,-0.07,3.53,-5.152423537067613,,0.07,82
2006-09-26,2261.34,-0.07,3.55,-5.149083412259532,,0.07,82
2006-09-27,2263.39,-0.09,3.5,-5.153372817753202,,0.07,82
2006-09-28,2270.02,-0.06,3.46,-5.182956278920188,,0.07,82
2006-09-29,2258.43,-0.05,3.44,-5.162492181652791,,0.07,82
2006-10-02,2237.6,-0.07,3.44,-5.170000107489477,,0.07,85.4
2006-10-03,2243.65,-0.04,3.44,-5.177005644763905,,0.07,85.4
2006-10-04,2290.95,-0.05,3.43,-5.174961978730399,,0.07,85.4
2006-10-05,2306.34,-0.03,3.45,-5.161316759689503,,0.07,85.4
2006-10-06,2299.99,-0.04,3.39,-5.137108240376708,,0.07,85.4
2006-10-09,2311.77,-0.04,3.31,-5.14025240439648,,0.07,85.4
2006-10-10,2315.43,-0.04,3.31,-5.13917100426482,,0.07,85.4
2006-10-11,2308.27,-0.07,3.27,-5.130263048413688,,0.07,85.4
2006-10-12,2346.18,-0.07,3.23,-5.143748271523742,,0.07,85.4
2006-10-13,2357.29,-0.06,3.22,-5.156950210917595,,0.07,85.4
2006-10-16,2363.84,-0.06,3.19,-5.118784433981732,,0.07,85.4
2006-10-17,2344.95,-0.06,3.18,-5.1344177562564335,,0.07,85.4
2006-10-18,2337.15,-0.05,3.19,-5.132900177346176,,0.07,85.4
2006-10-19,2340.94,-0.08,3.18,-5.145614088176471,,0.07,85.4
2006-10-20,2342.3,-0.06,3.17,-5.149065126136565,,0.07,85.4
2006-10-23,2355.56,-0.08,3.17,-5.129351600935638,,0.07,85.4
2006-10-24,2344.84,-0.07,3.14,-5.146990859606323,,0.07,85.4
2006-10-25,2356.59,-0.08,3.15,-5.15637946471634,,0.07,85.4
2006-10-26,2379.1,-0.1,3.19,-5.172820834692793,,0.07,85.4
2006-10-27,2350.62,-0.08,3.21,-5.173349994933732,,0.07,85.4
2006-10-30,2363.77,-0.1,3.21,-5.197693106886867,,0.07,85.4
2006-10-31,2366.71,-0.1,3.29,-5.200583088233643,,-0.07,93.6
2006-11-01,2334.35,-0.09,3.3,-5.252707883784605,,-0.07,93.6
2006-11-02,2334.02,-0.07,3.24,-5.250878256482059,,-0.07,93.6
2006-11-03,2330.79,-0.1,3.12,-5.2437316595788594,,-0.07,93.6
2006-11-06,2365.95,-0.11,3.13,-5.2373087183508265,,-0.07,93.6
2006-11-07,2375.88,-0.11,3.14,-5.228804377651433,,-0.07,93.6
2006-11-08,2384.94,-0.11,3.15,-5.250012521485437,,-0.07,93.6
2006-11-09,2376.01,-0.13,3.13,-5.259809605590698,,-0.07,93.6
2006-11-10,2389.72,-0.14,3.15,-5.318193000794193,,-0.07,93.6
2006-11-13,2406.38,-0.15,3.12,-5.315725929976301,,-0.07,93.6
2006-11-14,2430.66,-0.17,3.13,-5.310384120636807,,-0.07,93.6
2006-11-15,2442.75,-0.19,3.05,-5.306203461976423,,-0.07,93.6
2006-11-16,2449.06,-0.19,2.99,-5.320271252580064,,-0.07,93.6
2006-11-17,2445.86,-0.15,3.06,-5.316146039759673,,-0.07,93.6
2006-11-20,2452.72,-0.16,3.07,-5.320750036742351,,-0.07,93.6
2006-11-21,2454.84,-0.17,3.13,-5.307264542386876,,-0.07,93.6
2006-11-22,2465.98,-0.17,3.14,-5.30918703878494,,-0.07,93.6
2006-11-24,2460.26,-0.18,3.15,-5.30918703878494,,-0.07,93.6
2006-11-27,2405.92,-0.17,3.17,-5.303168326690513,,-0.07,93.6
2006-11-28,2412.61,-0.16,3.22,-5.313654848009407,,-0.07,93.6
2006-11-29,2432.23,-0.17,3.15,-5.31528823268258,,-0.07,93.6
2006-11-30,2431.77,-0.16,3.2,-5.3196804080843885,,-0.07,92.1
2006-12-01,2413.21,-0.09,3.21,-5.323532710266649,,-0.07,92.1
2006-12-04,2448.39,-0.09,3.2,-5.322733477193452,,-0.07,92.1
2006-12-05,2452.38,-0.07,3.14,-5.296004870335203,,-0.07,92.1
2006-12-06,2445.86,-0.11,3.07,-5.304469290674541,,-0.07,92.1
2006-12-07,2427.69,-0.09,3.05,-5.324722590817816,,-0.07,92.1
2006-12-08,2437.36,-0.12,3,-5.312040256225068,,-0.07,92.1
2006-12-11,2442.86,-0.15,3.02,-5.311159397969661,,-0.07,92.1
2006-12-12,2431.6,-0.12,3.06,-5.318788255707376,,-0.07,92.1
2006-12-13,2432.41,-0.12,3,-5.339969876628873,,-0.07,92.1
2006-12-14,2453.85,-0.13,3,-5.3295497827975735,,-0.07,92.1
2006-12-15,2457.2,-0.13,2.98,-5.324169591626507,,-0.07,92.1
2006-12-18,2435.57,-0.11,2.99,-5.317929042664027,,-0.07,92.1
2006-12-19,2429.55,-0.11,2.98,-5.333962771034192,,-0.07,92.1
2006-12-20,2427.61,-0.11,2.97,-5.353301590264106,,-0.07,92.1
2006-12-21,2415.85,-0.11,2.99,-5.374332908863137,,-0.07,92.1
2006-12-22,2401.18,-0.08,2.93,-5.384700772520527,,-0.07,92.1
2006-12-26,2413.51,-0.1,2.93,-5.383691429814746,,-0.07,92.1
2006-12-27,2431.22,-0.11,2.87,-5.376669188746051,,-0.07,92.1
2006-12-28,2425.57,-0.12,2.83,-5.393627546352362,,-0.07,92.1
2006-12-29,2415.29,-0.11,2.82,-5.403677882205863,,-0.07,92.1
2007-01-03,2423.16,-0.09,2.91,-5.471220098376992,,-0.03,91.7
2007-01-04,2453.43,-0.09,2.95,-5.483389428801992,,-0.03,91.7
2007-01-05,2434.25,-0.11,2.93,-5.478170395798663,,-0.03,91.7
2007-01-08,2438.2,-0.12,2.92,-5.485046390266998,,-0.03,91.7
2007-01-09,2443.83,-0.13,2.89,-5.48317873129123,,-0.03,91.7
2007-01-10,2459.33,-0.12,2.87,-5.439188499002008,,-0.03,91.7
2007-01-11,2484.85,-0.12,2.82,-5.441881936172568,,-0.03,91.7
2007-01-12,2502.82,-0.11,2.8,-5.484122412267494,,-0.03,91.7
2007-01-16,2497.78,-0.11,2.78,-5.492370677021678,,-0.03,91.7
2007-01-17,2479.42,-0.12,2.72,-5.507232916072238,,-0.03,91.7
2007-01-18,2443.21,-0.14,2.73,-5.529613788535128,,-0.03,91.7
2007-01-19,2451.31,-0.15,2.7,-5.5327595803104535,,-0.03,91.7
2007-01-22,2431.07,-0.15,2.69,-5.5241850159561325,,-0.03,91.7
2007-01-23,2431.41,-0.13,2.65,-5.52304911133586,,-0.03,91.7
2007-01-24,2466.28,-0.12,2.63,-5.518111088959226,,-0.03,91.7
2007-01-25,2434.24,-0.11,2.57,-5.497788692392081,,-0.03,91.7
2007-01-26,2435.49,-0.11,2.59,-5.499143184945424,,-0.03,91.7
2007-01-29,2441.09,-0.09,2.58,-5.533504545097494,,-0.03,91.7
2007-01-30,2448.64,-0.1,2.62,-5.536686983472685,,-0.03,91.7
2007-01-31,2463.93,-0.11,2.72,-5.535659124266295,,0.07,96.9
2007-02-01,2468.38,-0.12,2.66,-5.568358078513866,,0.07,96.9
2007-02-02,2475.88,-0.11,2.67,-5.594270954730511,,0.07,96.9
2007-02-05,2470.6,-0.11,2.67,-5.6039930040478305,,0.07,96.9
2007-02-06,2471.49,-0.13,2.67,-5.575378444688121,,0.07,96.9
2007-02-07,2490.5,-0.13,2.65,-5.5900137740230464,,0.07,96.9
2007-02-08,2488.67,-0.14,2.65,-5.6001812001849425,,0.07,96.9
2007-02-09,2459.82,-0.13,2.59,-5.5874383238644105,,0.07,96.9
2007-02-12,2450.38,-0.14,2.59,-5.5959897326875545,,0.07,96.9
2007-02-13,2459.88,-0.13,2.58,-5.555504330888041,,0.07,96.9
2007-02-14,2488.38,-0.13,2.62,-5.563632408852921,,0.07,96.9
2007-02-15,2497.1,-0.13,2.59,-5.529536331867792,,0.07,96.9
2007-02-16,2496.31,-0.14,2.57,-5.538966097134841,,0.07,96.9
2007-02-20,2513.04,-0.13,2.57,-5.543641559502021,,0.07,96.9
2007-02-21,2518.42,-0.13,2.53,-5.551701604580961,,0.07,96.9
2007-02-22,2524.94,-0.14,2.49,-5.509092626328224,,0.07,96.9
2007-02-23,2515.1,-0.14,2.55,-5.488093463453517,,0.07,96.9
2007-02-26,2504.52,-0.14,2.58,-5.4871547413799595,,0.07,96.9
2007-02-27,2407.86,-0.09,2.79,-5.494117006071641,,0.07,96.9
2007-02-28,2416.15,-0.09,2.82,-5.498674191404897,,0.07,91.3
2007-03-01,2404.21,-0.07,2.83,-5.486701467359741,,0.07,91.3
2007-03-02,2368,-0.04,2.91,-5.472012982920681,,0.07,91.3
2007-03-05,2340.68,-0.02,2.99,-5.477951673654377,,0.07,91.3
2007-03-06,2385.14,-0.05,2.94,-5.4728697388690755,,0.07,91.3
2007-03-07,2374.64,-0.04,2.91,-5.458253884691336,,0.07,91.3
2007-03-08,2387.73,-0.05,2.85,-5.443885606576218,,0.07,91.3
2007-03-09,2387.55,-0.07,2.75,-5.45615581945448,,0.07,91.3
2007-03-12,2402.29,-0.07,2.75,-5.4304657393593345,,0.07,91.3
2007-03-13,2350.57,-0.06,2.8,-5.437717501885566,,0.07,91.3
2007-03-14,2371.74,-0.02,2.92,-5.426504532507039,,0.07,91.3
2007-03-15,2378.7,-0.01,2.94,-5.37789657479265,,0.07,91.3
2007-03-16,2372.66,-0.03,2.88,-5.380682185067633,,0.07,91.3
2007-03-19,2394.41,-0.03,2.88,-5.3778125650562165,,0.07,91.3
2007-03-20,2408.21,-0.03,2.85,-5.380841653576167,,0.07,91.3
2007-03-21,2455.92,-0.04,2.88,-5.38731418429577,,0.07,91.3
2007-03-22,2451.74,0.02,2.91,-5.375929025794298,,0.07,91.3
2007-03-23,2448.93,0.02,2.81,-5.366788759631931,,0.07,91.3
2007-03-26,2455.63,0.02,2.79,-5.354386556949664,,0.07,91.3
2007-03-27,2437.43,0.04,2.82,-5.3784229692811865,,0.07,91.3
2007-03-28,2417.1,0.04,2.81,-5.383258575005794,,0.07,91.3
2007-03-29,2417.88,0.09,2.84,-5.376651428935866,,0.07,91.3
2007-03-30,2421.64,0.06,2.82,-5.359652255492143,,0.07,91.3
2007-04-02,2422.26,0.07,2.85,-5.352947334034627,,0.03,88.4
2007-04-03,2450.33,0.05,2.86,-5.3085230682166955,,0.03,88.4
2007-04-04,2458.69,0.04,2.83,-5.298169754177852,,0.03,88.4
2007-04-05,2471.34,0.05,2.87,-5.304222314323053,,0.03,88.4
2007-04-09,2469.18,0.01,2.84,-5.26304776501552,,0.03,88.4
2007-04-10,2477.61,0.02,2.76,-5.264132167160909,,0.03,88.4
2007-04-11,2459.31,0.02,2.78,-5.24852879764855,,0.03,88.4
2007-04-12,2480.32,0.01,2.75,-5.268317290488932,,0.03,88.4
2007-04-13,2491.94,0.01,2.75,-5.2746823768103495,,0.03,88.4
2007-04-16,2518.33,0,2.71,-5.279206687962292,,0.03,88.4
2007-04-17,2516.95,0,2.7,-5.238211035742359,,0.03,88.4
2007-04-18,2510.5,0.01,2.72,-5.255265061366839,,0.03,88.4
2007-04-19,2505.35,0.02,2.73,-5.257047992819967,,0.03,88.4
2007-04-20,2526.39,0.04,2.71,-5.261215995808742,,0.03,88.4
2007-04-23,2523.67,0.04,2.68,-5.252838986965385,,0.03,88.4
2007-04-24,2524.54,0.04,2.68,-5.265701115336672,,0.03,88.4
2007-04-25,2547.89,0.05,2.7,-5.255878989232793,,0.03,88.4
2007-04-26,2554.46,0.03,2.67,-5.269818781893663,,0.03,88.4
2007-04-27,2557.21,0.02,2.63,-5.2627305241272575,,0.03,88.4
2007-04-30,2525.09,0.04,2.63,-5.258449740972572,,0.03,88.4
2007-05-01,2531.53,0.03,2.74,-5.227642756278305,,0,87.1
2007-05-02,2557.84,0.01,2.74,-5.221641646207694,,0,87.1
2007-05-03,2565.46,0,2.72,-5.213073086678427,,0,87.1
2007-05-04,2572.15,-0.03,2.67,-5.212236778801859,,0,87.1
2007-05-07,2570.95,-0.03,2.7,-5.224757881153831,,0,87.1
2007-05-08,2571.75,-0.04,2.69,-5.218520878839707,,0,87.1
2007-05-09,2576.34,-0.05,2.69,-5.223121550936478,,0,87.1
2007-05-10,2533.74,-0.06,2.64,-5.231205323179668,,0,87.1
2007-05-11,2562.22,-0.05,2.65,-5.2286603297289,,0,87.1
2007-05-14,2546.44,-0.04,2.63,-5.255521496897886,,0,87.1
2007-05-15,2525.29,-0.04,2.61,-5.250551412678455,,0,87.1
2007-05-16,2547.42,-0.04,2.57,-5.264138705374544,,0,87.1
2007-05-17,2539.38,-0.02,2.58,-5.292098158030533,,0,87.1
2007-05-18,2558.45,-0.02,2.55,-5.2942471114375085,,0,87.1
2007-05-21,2578.79,-0.01,2.51,-5.2740584196523175,,0,87.1
2007-05-22,2588.02,-0.02,2.5,-5.297408550975033,,0,87.1
2007-05-23,2577.05,0,2.46,-5.302097517719107,,0,87.1
2007-05-24,2537.92,0.01,2.44,-5.324998024709982,,0,87.1
2007-05-25,2557.19,0.01,2.45,-5.28497777204682,,0,87.1
2007-05-29,2572.06,0.01,2.45,-5.288023603234716,,0,87.1
2007-05-30,2592.59,0,2.42,-5.296196153631451,,0,87.1
2007-05-31,2604.52,-0.01,2.44,-5.279889144052305,,0,87.1
2007-06-01,2613.92,-0.02,2.46,-5.292278611913086,,0,88.3
2007-06-04,2618.29,-0.02,2.41,-5.273058705662598,,0,88.3
2007-06-05,2611.23,-0.04,2.44,-5.278953405191543,,0,88.3
2007-06-06,2587.18,-0.01,2.41,-5.289168711916422,,0,88.3
2007-06-07,2541.38,0,2.48,-5.283100005915342,,0,88.3
2007-06-08,2573.54,0.08,2.48,-5.296473764858243,,0,88.3
2007-06-11,2572.15,0.11,2.51,-5.279973745897547,,0,88.3
2007-06-12,2549.77,0.13,2.5,-5.291754962226529,,0,88.3
2007-06-13,2582.31,0.18,2.49,-5.283263482323413,,0,88.3
2007-06-14,2599.41,0.12,2.53,-5.264441225572803,,0,88.3
2007-06-15,2626.71,0.13,2.49,-5.260043020176646,,0,88.3
2007-06-18,2626.6,0.11,2.51,-5.263032723695977,,0,88.3
2007-06-19,2626.76,0.14,2.52,-5.277179336287972,,0,88.3
2007-06-20,2599.96,0.15,2.6,-5.256041883399798,,0,88.3
2007-06-21,2616.96,0.17,2.59,-5.258755719585515,,0,88.3
2007-06-22,2588.96,0.18,2.66,-5.269216768008222,,0,88.3
2007-06-25,2577.08,0.22,2.69,-5.261284426268599,,0,88.3
2007-06-26,2574.16,0.22,2.8,-5.27171029239565,,0,88.3
2007-06-27,2605.35,0.2,2.79,-5.257892473194521,,0,88.3
2007-06-28,2608.37,0.18,2.88,-5.245756425779268,,0,88.3
2007-06-29,2603.23,0.16,2.83,-5.239836872499822,,0,88.3
2007-07-02,2632.3,0.16,2.98,-5.2305793273413475,,0.03,85.3
2007-07-03,2644.95,0.14,3.03,-5.219707576280624,,0.03,85.3
2007-07-05,2656.65,0.16,2.99,-5.198768356112891,,0.03,85.3
2007-07-06,2666.51,0.17,2.92,-5.204924946055191,,0.03,85.3
2007-07-09,2670.02,0.2,2.9,-5.206925660117619,,0.03,85.3
2007-07-10,2639.16,0.19,2.93,-5.21517660539435,,0.03,85.3
2007-07-11,2651.79,0.18,3.12,-5.208528297277557,,0.03,85.3
2007-07-12,2701.73,0.2,3.16,-5.229095083500729,,0.03,85.3
2007-07-13,2707,0.19,3.08,-5.224252211778179,,0.03,85.3
2007-07-16,2697.33,0.17,3.06,-5.231417834701022,,0.03,85.3
2007-07-17,2712.29,0.16,3.07,-5.233487928127458,,0.03,85.3
2007-07-18,2699.49,0.17,3.05,-5.2421820213429156,,0.03,85.3
2007-07-19,2720.04,0.18,3.2,-5.221285323437478,,0.03,85.3
2007-07-20,2687.6,0.17,3.2,-5.219162583717741,,0.03,85.3
2007-07-23,2690.58,0.17,3.37,-5.2277898454077185,,0.03,85.3
2007-07-24,2639.86,0.17,3.44,-5.242790930076473,,0.03,85.3
2007-07-25,2648.17,0.17,3.61,-5.244437630631017,,0.03,85.3
2007-07-26,2599.34,0.18,3.71,-5.237302320761709,,0.03,85.3
2007-07-27,2562.24,0.23,4.13,-5.226289162903241,,0.03,85.3
2007-07-30,2583.28,0.24,4.28,-5.239345968458618,,0.03,85.3
2007-07-31,2546.27,0.23,4.24,-5.226746731973718,,0.03,85.3
2007-08-01,2553.87,0.22,4.19,-5.239286662054725,,0.07,90.4
2007-08-02,2575.98,0.2,4.28,-5.243674677305336,,0.07,90.4
2007-08-03,2511.25,0.18,4.18,-5.281797645848234,,0.07,90.4
2007-08-06,2547.33,0.25,4.24,-5.281771270635934,,0.07,90.4
2007-08-07,2561.6,0.26,4.28,-5.27085105482655,,0.07,90.4
2007-08-08,2612.98,0.21,4.2,-5.29613411846446,,0.07,90.4
2007-08-09,2556.49,0.2,3.93,-5.299209559915769,,0.07,90.4
2007-08-10,2544.89,0.3,4.04,-5.312650822137038,,0.07,90.4
2007-08-13,2542.24,0.34,4.12,-5.287653325673578,,0.07,90.4
2007-08-14,2499.12,0.32,4.08,-5.306738779988322,,0.07,90.4
2007-08-15,2458.83,0.34,4.16,-5.318078800047997,,0.07,90.4
2007-08-16,2451.07,0.42,4.27,-5.361033840415663,,0.07,90.4
2007-08-17,2505.03,0.52,4.59,-5.356199426891788,,0.07,90.4
2007-08-20,2508.59,0.5,4.48,-5.351626352387391,,0.07,90.4
2007-08-21,2521.3,0.53,4.5,-5.354187472922038,,0.07,90.4
2007-08-22,2552.8,0.55,4.53,-5.338441732975418,,0.07,90.4
2007-08-23,2541.7,0.48,4.42,-5.322239779110055,,0.07,90.4
2007-08-24,2576.69,0.42,4.34,-5.313187529027488,,0.07,90.4
2007-08-27,2561.25,0.33,4.29,-5.3076778093076005,,0.07,90.4
2007-08-28,2500.64,0.32,4.3,-5.315086736907522,,0.07,90.4
2007-08-29,2563.16,0.4,4.44,-5.306344762114493,,0.07,90.4
2007-08-30,2565.3,0.43,4.43,-5.304718579324942,,0.07,90.4
2007-08-31,2596.36,0.43,4.48,-5.30199033034816,,0.07,90.4
2007-09-04,2630.24,0.39,4.55,-5.343124151705981,,0.1,83.4
2007-09-05,2605.95,0.43,4.53,-5.355058558483743,,0.1,83.4
2007-09-06,2614.32,0.45,4.6,-5.362950508492794,,0.1,83.4
2007-09-07,2565.7,0.43,4.56,-5.385725917203867,,0.1,83.4
2007-09-10,2559.11,0.48,4.73,-5.387859322703384,,0.1,83.4
2007-09-11,2597.47,0.47,4.79,-5.3606856377168945,,0.1,83.4
2007-09-12,2592.07,0.42,4.74,-5.368430808552327,,0.1,83.4
2007-09-13,2601.06,0.46,4.69,-5.3535847939332175,,0.1,83.4
2007-09-14,2602.18,0.41,4.57,-5.354623865986619,,0.1,83.4
2007-09-17,2581.66,0.42,4.58,-5.354874560055128,,0.1,83.4
2007-09-18,2651.66,0.4,4.52,-5.3465825890706355,,0.1,83.4
2007-09-19,2666.48,0.5,4.46,-5.318254341456527,,0.1,83.4
2007-09-20,2654.29,0.53,4.3,-5.327110142489716,,0.1,83.4
2007-09-21,2671.22,0.59,4.21,-5.326314254823559,,0.1,83.4
2007-09-24,2667.95,0.58,4.16,-5.3123474271024325,,0.1,83.4
2007-09-25,2683.45,0.58,4.1,-5.316070120094151,,0.1,83.4
2007-09-26,2699.03,0.63,4.17,-5.315735347871455,,0.1,83.4
2007-09-27,2709.59,0.66,4.14,-5.31233596971942,,0.1,83.4
2007-09-28,2701.5,0.63,4.15,-5.328089524881706,,0.1,83.4
2007-10-01,2740.99,0.62,4.2,-5.319492105691518,,0.17,83.4
2007-10-02,2747.11,0.54,4.19,-5.2903362622962105,,0.17,83.4
2007-10-03,2729.43,0.56,4.2,-5.275473051445769,,0.17,83.4
2007-10-04,2733.57,0.53,4.16,-5.293221472457598,,0.17,83.4
2007-10-05,2780.32,0.54,4.15,-5.301131815902988,,0.17,83.4
2007-10-08,2787.37,0.57,4.02,-5.320353432369189,,0.17,83.4
2007-10-09,2803.91,0.57,4.02,-5.325047445639922,,0.17,83.4
2007-10-10,2811.61,0.52,3.95,-5.308015718426713,,0.17,83.4
2007-10-11,2772.2,0.5,3.91,-5.329047728327331,,0.17,83.4
2007-10-12,2805.68,0.53,3.86,-5.329715216190317,,0.17,83.4
2007-10-15,2780.05,0.47,3.83,-5.3316671291921285,,0.17,83.4
2007-10-16,2763.91,0.47,3.81,-5.34368818649335,,0.17,83.4
2007-10-17,2792.67,0.54,3.91,-5.356518062384854,,0.17,83.4
2007-10-18,2799.31,0.57,4.07,-5.380150410143546,,0.17,83.4
2007-10-19,2725.16,0.59,4.2,-5.376940381438674,,0.17,83.4
2007-10-22,2753.93,0.61,4.36,-5.384420065601448,,0.17,83.4
2007-10-23,2799.26,0.57,4.39,-5.380776392645473,,0.17,83.4
2007-10-24,2774.76,0.6,4.34,-5.401561233837435,,0.17,83.4
2007-10-25,2750.86,0.62,4.42,-5.398933426465501,,0.17,83.4
2007-10-26,2804.19,0.63,4.4,-5.405443107730432,,0.17,83.4
2007-10-29,2817.44,0.64,4.39,-5.41657364058342,,0.17,83.4
2007-10-30,2816.71,0.6,4.38,-5.421781015136341,,0.17,83.4
2007-10-31,2859.12,0.58,4.38,-5.433700628201152,,0.17,83.4
2007-11-01,2794.83,0.54,4.36,-5.464020811168872,,0.2,80.9
2007-11-02,2810.38,0.59,4.53,-5.493711004909344,,0.2,80.9
2007-11-05,2795.18,0.66,4.69,-5.503493069079909,,0.2,80.9
2007-11-06,2825.18,0.68,4.66,-5.507022301366817,,0.2,80.9
2007-11-07,2748.76,0.73,4.76,-5.544213302335424,,0.2,80.9
2007-11-08,2696,0.81,4.91,-5.566021234493109,,0.2,80.9
2007-11-09,2627.94,0.81,5.02,-5.5810995188287436,,0.2,80.9
2007-11-12,2584.13,0.81,5.02,-5.559889571371634,,0.2,80.9
2007-11-13,2673.65,0.72,5.07,-5.549703315355364,,0.2,80.9
2007-11-14,2644.32,0.71,5.04,-5.509958647745379,,0.2,80.9
2007-11-15,2618.51,0.82,5.25,-5.5433551505758905,,0.2,80.9
2007-11-16,2637.24,0.82,5.37,-5.517181649900873,,0.2,80.9
2007-11-19,2593.38,0.89,5.61,-5.563629416198392,,0.2,80.9
2007-11-20,2596.81,0.92,5.71,-5.566231498911742,,0.2,80.9
2007-11-21,2562.15,1.01,5.87,-5.622295973598542,,0.2,80.9
2007-11-23,2596.6,0.94,5.8,-5.619411904191499,,0.2,80.9
2007-11-26,2540.99,0.91,5.92,-5.610950201463758,,0.2,80.9
2007-11-27,2580.8,0.9,5.88,-5.615926859541291,,0.2,80.9
2007-11-28,2662.91,0.86,5.73,-5.584376366042218,,0.2,80.9
2007-11-29,2668.13,0.88,5.73,-5.558017850608736,,0.2,80.9
2007-11-30,2660.96,0.93,5.75,-5.512597764697706,,0.23,76.1
2007-12-03,2637.13,0.99,5.82,-5.5535222195770055,,0.23,76.1
2007-12-04,2619.83,0.99,5.89,-5.588810055051904,,0.23,76.1
2007-12-05,2666.36,1.02,5.86,-5.577368549800543,,0.23,76.1
2007-12-06,2709.03,0.99,5.78,-5.578797909964593,,0.23,76.1
2007-12-07,2706.16,1,5.63,-5.54510746442385,,0.23,76.1
2007-12-10,2718.95,0.98,5.55,-5.57220443295616,,0.23,76.1
2007-12-11,2652.35,1.04,5.68,-5.577590395481008,,0.23,76.1
2007-12-12,2671.14,0.98,5.61,-5.597298994253751,,0.23,76.1
2007-12-13,2668.49,0.97,5.58,-5.604072220059512,,0.23,76.1
2007-12-14,2635.74,0.93,5.54,-5.598102461171061,,0.23,76.1
2007-12-17,2574.46,0.96,5.58,-5.622825923147875,,0.23,76.1
2007-12-18,2596.03,0.95,5.66,-5.634467633704033,,0.23,76.1
2007-12-19,2601.01,0.94,5.71,-5.606825684128745,,0.23,76.1
2007-12-20,2640.86,0.95,5.79,-5.6015580966408205,,0.23,76.1
2007-12-21,2691.99,0.99,5.68,-5.573083455863992,,0.23,76.1
2007-12-24,2713.5,0.99,5.65,-5.556513965288951,,0.23,76.1
2007-12-26,2724.41,0.99,5.59,-5.56709152174131,,0.23,76.1
2007-12-27,2676.79,0.97,5.64,-5.581920249180254,,0.23,76.1
2007-12-28,2674.46,0.99,5.73,-5.614282207492882,,0.23,76.1
2007-12-31,2652.28,0.99,5.92,-5.6188316917868555,,0.4,75.5
2008-01-02,2609.63,1.03,6.1,-5.637211137369208,,0.4,75.5
2008-01-03,2602.68,1.08,6.17,-5.608064432515445,,0.4,75.5
2008-01-04,2504.65,1.14,6.36,-5.613757852979219,,0.4,75.5
2008-01-07,2499.46,1.1,6.45,-5.6147140501071835,1.95,0.4,75.5
2008-01-08,2440.51,1.1,6.51,-5.586794938786072,1.95,0.4,75.5
2008-01-09,2474.55,1.13,6.73,-5.592941935444091,1.95,0.4,75.5
2008-01-10,2488.52,1.2,6.63,-5.606957612823351,1.95,0.4,75.5
2008-01-11,2439.94,1.23,6.68,-5.604702081103912,1.95,0.4,75.5
2008-01-14,2478.3,1.23,6.66,-5.600494062258987,1.94,0.4,75.5
2008-01-15,2417.59,1.19,6.74,-5.629243301759987,1.94,0.4,75.5
2008-01-16,2394.59,1.23,6.83,-5.627672135400386,1.94,0.4,75.5
2008-01-17,2346.9,1.22,6.99,-5.622979998020666,1.94,0.4,75.5
2008-01-18,2340.02,1.3,7.04,-5.607977505591078,1.94,0.4,75.5
2008-01-22,2292.27,1.44,7.39,-5.629502023354981,1.91,0.4,75.5
2008-01-23,2316.41,1.42,7.48,-5.661109629189331,1.91,0.4,75.5
2008-01-24,2360.92,1.43,7.12,-5.654613869030299,1.91,0.4,75.5
2008-01-25,2326.2,1.38,6.99,-5.656075266591636,1.91,0.4,75.5
2008-01-28,2349.91,1.41,7.03,-5.672197269913064,1.42,0.4,75.5
2008-01-29,2358.06,1.4,6.85,-5.636282447530829,1.42,0.4,75.5
2008-01-30,2349,1.48,6.78,-5.6598001978662245,1.42,0.4,75.5
2008-01-31,2389.86,1.5,6.95,-5.639715508648793,1.42,0.4,78.4
2008-02-01,2413.36,1.53,6.96,-5.631576380299018,1.42,0.4,78.4
2008-02-04,2382.85,1.6,6.92,-5.619317221710122,1.15,0.4,78.4
2008-02-05,2309.57,1.68,7.06,-5.62466468849511,1.15,0.4,78.4
2008-02-06,2278.75,1.65,7.09,-5.6112889147604506,1.15,0.4,78.4
2008-02-07,2293.03,1.75,7.1,-5.573911619786409,1.15,0.4,78.4
2008-02-08,2304.85,1.71,7.25,-5.562885076009566,1.15,0.4,78.4
2008-02-11,2320.06,1.69,7.37,-5.562290780835457,1.12,0.4,78.4
2008-02-12,2320.04,1.72,7.37,-5.544892115855874,1.12,0.4,78.4
2008-02-13,2373.93,1.79,7.38,-5.552224851608277,1.12,0.4,78.4
2008-02-14,2332.54,1.92,7.25,-5.564994828142852,1.12,0.4,78.4
2008-02-15,2321.8,1.85,7.3,-5.549836775868914,1.12,0.4,78.4
2008-02-19,2306.2,1.83,7.25,-5.520305423087921,1.62,0.4,78.4
2008-02-20,2327.1,1.79,7.25,-5.53290922446101,1.62,0.4,78.4
2008-02-21,2299.78,1.79,7.35,-5.517859110437573,1.62,0.4,78.4
2008-02-22,2303.35,1.81,7.35,-5.521909425263541,1.62,0.4,78.4
2008-02-25,2327.48,1.78,7.21,-5.5274597360915,1.42,0.4,78.4
2008-02-26,2344.99,1.84,7.17,-5.5258439946123605,1.42,0.4,78.4
2008-02-27,2353.78,1.84,7.18,-5.523023011384784,1.42,0.4,78.4
2008-02-28,2331.57,1.84,7.37,-5.5193958680834765,1.42,0.4,78.4
2008-02-29,2271.48,1.88,7.67,-5.533066463982554,1.42,0.43,70.8
2008-03-03,2258.6,1.93,7.75,-5.523571454798138,1.44,0.43,70.8
2008-03-04,2260.28,1.98,7.76,-5.532831329304461,1.44,0.43,70.8
2008-03-05,2272.81,2.04,7.68,-5.514404436968667,1.44,0.43,70.8
2008-03-06,2220.5,2.09,7.79,-5.5227154143720885,1.44,0.43,70.8
2008-03-07,2212.49,2.03,7.92,-5.515142387701858,1.44,0.43,70.8
2008-03-10,2169.34,2.03,7.92,-5.545465611124209,0.97,0.43,70.8
2008-03-11,2255.76,1.99,8.08,-5.552284607851869,0.97,0.43,70.8
2008-03-12,2243.87,1.86,7.95,-5.543371834371586,0.97,0.43,70.8
2008-03-13,2263.61,1.86,8.13,-5.559977511889721,0.97,0.43,70.8
2008-03-14,2212.49,1.93,8.27,-5.564912680349747,0.97,0.43,70.8
2008-03-17,2177.01,1.97,8.38,-5.606081379188103,1.2,0.43,70.8
2008-03-18,2268.26,1.99,8.62,-5.591223989577065,1.2,0.43,70.8
2008-03-19,2209.96,1.9,8.39,-5.561305966356785,1.2,0.43,70.8
2008-03-20,2258.11,1.84,8.37,-5.55082816236519,1.2,0.43,70.8
2008-03-24,2326.75,1.75,8.4,-5.535795232064721,1.26,0.43,70.8
2008-03-25,2341.05,1.72,8.07,-5.538041468898505,1.26,0.43,70.8
2008-03-26,2324.36,1.72,7.97,-5.540552672730086,1.26,0.43,70.8
2008-03-27,2280.83,1.8,7.99,-5.501168627710846,1.26,0.43,70.8
2008-03-28,2261.18,1.83,7.94,-5.498893150455821,1.26,0.43,70.8
2008-03-31,2279.1,1.8,7.99,-5.482876911391366,1.67,0.43,70.8
2008-04-01,2362.75,1.83,8.21,-5.452036360635804,1.67,0.47,69.5
2008-04-02,2361.4,1.77,8.02,-5.4474263447902755,1.67,0.47,69.5
2008-04-03,2363.3,1.72,7.86,-5.451643847861647,1.67,0.47,69.5
2008-04-04,2370.98,1.7,7.78,-5.4421007436783055,1.67,0.47,69.5
2008-04-07,2364.83,1.67,7.76,-5.450581609294454,1.62,0.47,69.5
2008-04-08,2348.76,1.62,7.54,-5.463659706545643,1.62,0.47,69.5
2008-04-09,2322.12,1.71,7.58,-5.456922396724675,1.62,0.47,69.5
2008-04-10,2351.7,1.72,7.71,-5.47000665767958,1.62,0.47,69.5
2008-04-11,2290.24,1.71,7.7,-5.459631362012848,1.62,0.47,69.5
2008-04-14,2275.82,1.73,7.76,-5.473707044480484,1.38,0.47,69.5
2008-04-15,2286.04,1.75,7.74,-5.48692473213011,1.38,0.47,69.5
2008-04-16,2350.11,1.76,7.65,-5.478932060709308,1.38,0.47,69.5
2008-04-17,2341.83,1.74,7.46,-5.48491148029906,1.38,0.47,69.5
2008-04-18,2402.97,1.62,7.36,-5.461247734027341,1.38,0.47,69.5
2008-04-21,2408.04,1.58,7.15,-5.469541185029022,1.49,0.47,69.5
2008-04-22,2376.94,1.55,7.13,-5.452377979816047,1.49,0.47,69.5
2008-04-23,2405.21,1.5,7.07,-5.450343425626633,1.49,0.47,69.5
2008-04-24,2428.92,1.55,7.05,-5.436001415271286,1.49,0.47,69.5
2008-04-25,2422.93,1.46,6.92,-5.425941292041866,1.49,0.47,69.5
2008-04-28,2424.4,1.47,6.84,-5.427344282900399,1.07,0.47,69.5
2008-04-29,2426.1,1.5,6.85,-5.420186063806982,1.07,0.47,69.5
2008-04-30,2412.8,1.5,6.86,-5.400715373065736,1.07,0.47,69.5
2008-05-01,2480.71,1.48,6.86,-5.439449385608946,1.07,0.5,62.6
2008-05-02,2476.99,1.41,6.81,-5.414222795382478,1.07,0.5,62.6
2008-05-05,2464.12,1.42,6.64,-5.400112318438782,1.05,0.5,62.6
2008-05-06,2483.31,1.46,6.65,-5.421856368649283,1.05,0.5,62.6
2008-05-07,2438.49,1.55,6.7,-5.4259629269952985,1.05,0.5,62.6
2008-05-08,2451.24,1.56,6.72,-5.450599257429234,1.05,0.5,62.6
2008-05-09,2445.52,1.54,6.83,-5.473708826305887,1.05,0.5,62.6
2008-05-12,2488.49,1.52,6.9,-5.4638521465139975,1.07,0.5,62.6
2008-05-13,2495.12,1.48,6.9,-5.4512230382176945,1.07,0.5,62.6
2008-05-14,2496.7,1.43,6.76,-5.461277654758777,1.07,0.5,62.6
2008-05-15,2533.73,1.39,6.65,-5.461237446014419,1.07,0.5,62.6
2008-05-16,2528.85,1.38,6.69,-5.460333098772064,1.07,0.5,62.6
2008-05-19,2516.09,1.38,6.63,-5.48028570686077,0.96,0.5,62.6
2008-05-20,2492.26,1.41,6.6,-5.495793382950002,0.96,0.5,62.6
2008-05-21,2448.27,1.44,6.68,-5.5133899788785365,0.96,0.5,62.6
2008-05-22,2464.58,1.4,6.64,-5.510818630490658,0.96,0.5,62.6
2008-05-23,2444.67,1.36,6.59,-5.512642708230574,0.96,0.5,62.6
2008-05-27,2481.24,1.39,6.7,-5.498486419426119,0.9,0.5,62.6
2008-05-28,2486.7,1.38,6.72,-5.4959696102158455,0.9,0.5,62.6
2008-05-29,2508.32,1.41,6.61,-5.512512754335792,0.9,0.5,62.6
2008-05-30,2522.66,1.41,6.55,-5.5103063125220695,0.9,0.5,62.6
2008-06-02,2491.53,1.4,6.53,-5.519094711733523,0.86,0.73,59.8
2008-06-03,2480.48,1.47,6.67,-5.511348472136361,0.86,0.73,59.8
2008-06-04,2503.14,1.47,6.78,-5.518692632712549,0.86,0.73,59.8
2008-06-05,2549.94,1.51,6.79,-5.509821325842571,0.86,0.73,59.8
2008-06-06,2474.56,1.54,6.63,-5.51398062255868,0.86,0.73,59.8
2008-06-09,2459.46,1.54,6.68,-5.515742968511401,1.07,0.73,59.8
2008-06-10,2448.94,1.29,6.58,-5.500111026754811,1.07,0.73,59.8
2008-06-11,2394.01,1.2,6.49,-5.507988818053434,1.07,0.73,59.8
2008-06-12,2404.35,1.27,6.56,-5.507227828171386,1.07,0.73,59.8
2008-06-13,2454.5,1.2,6.43,-5.494176484651292,1.07,0.73,59.8
2008-06-16,2474.78,1.22,6.39,-5.488090742062848,0.91,0.73,59.8
2008-06-17,2457.73,1.23,6.37,-5.493142064472857,0.91,0.73,59.8
2008-06-18,2429.71,1.29,6.4,-5.474057383604867,0.91,0.73,59.8
2008-06-19,2462.06,1.27,6.53,-5.477458849110411,0.91,0.73,59.8
2008-06-20,2406.09,1.23,6.53,-5.463110586799296,0.91,0.73,59.8
2008-06-23,2385.74,1.28,6.7,-5.45057248910523,0.57,0.73,59.8
2008-06-24,2368.28,1.21,6.76,-5.461179426187882,0.57,0.73,59.8
2008-06-25,2401.26,1.23,7.01,-5.453602090497739,0.57,0.73,59.8
2008-06-26,2321.37,1.3,7.02,-5.476168545728778,0.57,0.73,59.8
2008-06-27,2315.63,1.39,7.27,-5.481261902707152,0.57,0.73,59.8
2008-06-30,2292.98,1.34,7.41,-5.476875680365182,1.02,0.73,59.8
2008-07-01,2304.97,1.36,7.35,-5.486990443882036,1.02,0.8,56.4
2008-07-02,2251.46,1.38,7.48,-5.450726299438255,1.02,0.8,56.4
2008-07-03,2245.38,1.39,7.53,-5.465585698667834,1.02,0.8,56.4
2008-07-07,2243.32,1.45,7.63,-5.486080056082073,1.2,0.8,56.4
2008-07-08,2294.44,1.48,7.76,-5.520567782763565,1.2,0.8,56.4
2008-07-09,2234.89,1.44,7.87,-5.514859879590845,1.2,0.8,56.4
2008-07-10,2257.85,1.44,7.82,-5.534684913415145,1.2,0.8,56.4
2008-07-11,2239.08,1.39,7.9,-5.5484724778042835,1.2,0.8,56.4
2008-07-14,2212.87,1.37,7.88,-5.558814216840733,0.81,0.8,56.4
2008-07-15,2215.71,1.43,7.89,-5.577892340781595,0.81,0.8,56.4
2008-07-16,2284.85,1.48,8.06,-5.574877692269918,0.81,0.8,56.4
2008-07-17,2312.3,1.53,8.01,-5.565638782548458,0.81,0.8,56.4
2008-07-18,2282.78,1.49,7.79,-5.564928632597716,0.81,0.8,56.4
2008-07-21,2279.53,1.45,7.67,-5.567595588460358,0.75,0.8,56.4
2008-07-22,2303.96,1.43,7.58,-5.549119839147099,0.75,0.8,56.4
2008-07-23,2325.88,1.4,7.6,-5.530632672387456,0.75,0.8,56.4
2008-07-24,2280.11,1.35,7.46,-5.552346089964792,0.75,0.8,56.4
2008-07-25,2310.53,1.42,7.64,-5.549416021821309,0.75,0.8,56.4
2008-07-28,2264.22,1.43,7.6,-5.548446769104487,0.87,0.8,56.4
2008-07-29,2319.62,1.47,7.79,-5.542270598711524,0.87,0.8,56.4
2008-07-30,2329.72,1.44,7.82,-5.522338207094958,0.87,0.8,56.4
2008-07-31,2325.55,1.43,7.81,-5.529431255065523,0.87,0.8,56.4
2008-08-01,2310.96,1.47,8,-5.54670886173221,0.87,0.97,61.2
2008-08-04,2285.56,1.46,8.13,-5.575662768992404,0.9,0.97,61.2
2008-08-05,2349.83,1.45,8.14,-5.558066837920102,0.9,0.97,61.2
2008-08-06,2378.37,1.5,8.11,-5.552661781024979,0.9,0.97,61.2
2008-08-07,2355.73,1.5,8.05,-5.548477107238764,0.9,0.97,61.2
2008-08-08,2414.1,1.49,8.16,-5.558625466999396,0.9,0.97,61.2
2008-08-11,2439.95,1.43,8.14,-5.528032019678424,0.74,0.97,61.2
2008-08-12,2430.61,1.43,8.07,-5.530989351475652,0.74,0.97,61.2
2008-08-13,2428.62,1.46,8.11,-5.513674116013146,0.74,0.97,61.2
2008-08-14,2453.67,1.44,8.09,-5.50713795473845,0.74,0.97,61.2
2008-08-15,2452.52,1.44,8.11,-5.47397013486497,0.74,0.97,61.2
2008-08-18,2416.98,1.44,8.12,-5.493253841145324,0.49,0.97,61.2
2008-08-19,2384.36,1.47,8.17,-5.4732714191081735,0.49,0.97,61.2
2008-08-20,2389.08,1.51,8.23,-5.481889245278864,0.49,0.97,61.2
2008-08-21,2380.38,1.54,8.3,-5.46639049881519,0.49,0.97,61.2
2008-08-22,2414.71,1.51,8.29,-5.480758906544487,0.49,0.97,61.2
2008-08-25,2365.59,1.45,8.25,-5.468768276022919,0.53,0.97,61.2
2008-08-26,2361.97,1.46,8.32,-5.484098590261901,0.53,0.97,61.2
2008-08-27,2382.46,1.44,8.32,-5.4816466251475555,0.53,0.97,61.2
2008-08-28,2411.64,1.46,8.34,-5.506140510938288,0.53,0.97,61.2
2008-08-29,2367.52,1.42,8.29,-5.50772664329274,0.53,0.97,61.2
2008-09-02,2349.24,1.47,8.36,-5.511944345656687,0.72,1.1,63
2008-09-03,2333.73,1.48,8.42,-5.4972573161213605,0.72,1.1,63
2008-09-04,2259.04,1.45,8.48,-5.505037754389192,0.72,1.1,63
2008-09-05,2255.88,1.44,8.55,-5.557187493502158,0.72,1.1,63
2008-09-08,2269.76,1.43,8.55,-5.558590361301238,0.58,1.1,63
2008-09-09,2209.81,1.36,8.46,-5.547361646294403,0.58,1.1,63
2008-09-10,2228.7,1.39,8.53,-5.50069443506976,0.58,1.1,63
2008-09-11,2258.22,1.43,8.55,-5.475421171187198,0.58,1.1,63
2008-09-12,2261.27,1.46,8.62,-5.4779479755762965,0.58,1.1,63
2008-09-15,2179.91,1.51,8.54,-5.525120719862742,0.24,1.1,63
2008-09-16,2207.9,1.69,9.05,-5.532087326019042,0.24,1.1,63
2008-09-17,2098.85,1.59,9.29,-5.633144865956371,0.24,1.1,63
2008-09-18,2199.1,1.77,9.64,-5.678682081609174,0.24,1.1,63
2008-09-19,2273.9,1.76,9.83,-5.606602664241934,0.24,1.1,63
2008-09-22,2178.98,1.62,9.21,-5.632152818516946,-0.05,1.1,63
2008-09-23,2153.33,1.7,9.21,-5.644531697177387,-0.05,1.1,63
2008-09-24,2155.68,1.74,9.39,-5.663327027753244,-0.05,1.1,63
2008-09-25,2186.57,1.77,9.67,-5.639722384274905,-0.05,1.1,63
2008-09-26,2183.34,1.72,9.87,-5.666392361183319,-0.05,1.1,63
2008-09-29,1983.73,1.74,10.25,-5.729203494241567,-0.2,1.1,63
2008-09-30,2082.33,1.91,10.75,-5.723387573778432,-0.2,1.1,63
2008-10-01,2069.4,1.85,10.96,-5.762320775537846,-0.2,1.27,70.3
2008-10-02,1976.72,1.95,11.24,-5.772475057906485,-0.2,1.27,70.3
2008-10-03,1947.39,2.04,12,-5.735732515773069,-0.2,1.27,70.3
2008-10-06,1862.96,2.03,12.24,-5.8506290242391055,-0.27,1.27,70.3
2008-10-07,1754.88,2.05,13.07,-5.852195677076525,-0.27,1.27,70.3
2008-10-08,1740.33,2.03,13.18,-5.953050302726525,-0.27,1.27,70.3
2008-10-09,1645.12,2.07,13.51,-5.909315507961775,-0.27,1.27,70.3
2008-10-10,1649.51,2.19,13.91,-5.992862497009457,-0.27,1.27,70.3
2008-10-13,1844.25,2.27,15.36,-5.8980444718220735,-0.34,1.27,70.3
2008-10-14,1779.01,2.27,15.38,-5.859632035717069,-0.34,1.27,70.3
2008-10-15,1628.33,2.26,14.5,-5.938991972183045,-0.34,1.27,70.3
2008-10-16,1717.71,2.4,15.14,-5.955212331777575,-0.34,1.27,70.3
2008-10-17,1711.29,2.38,15.72,-5.890021814012968,-0.34,1.27,70.3
2008-10-20,1770.03,2.34,15.95,-5.922269164482226,-0.4,1.27,70.3
2008-10-21,1696.68,2.2,15.76,-5.947148663333471,-0.4,1.27,70.3
2008-10-22,1615.75,2.18,15.87,-5.976613457362402,-0.4,1.27,70.3
2008-10-23,1603.91,2.12,16.05,-5.9815793291252275,-0.4,1.27,70.3
2008-10-24,1552.03,2.09,16.34,-6.070800033106496,-0.4,1.27,70.3
2008-10-27,1505.9,2.19,16.69,-6.020000854372916,-0.4,1.27,70.3
2008-10-28,1649.47,2.2,16.81,-5.987555922952684,-0.4,1.27,70.3
2008-10-29,1657.21,2.24,16.67,-5.889185697987564,-0.4,1.27,70.3
2008-10-30,1698.52,2.35,16.21,-5.967779757622584,-0.4,1.27,70.3
2008-10-31,1720.95,2.41,15.91,-5.972978712383254,-0.4,1.27,70.3
2008-11-03,1726.33,2.51,16.29,-5.978885764901122,-0.48,1.5,57.6
2008-11-04,1780.12,2.42,16.18,-5.9578359320114584,-0.48,1.5,57.6
2008-11-05,1681.64,2.37,16.08,-6.011601281936006,-0.48,1.5,57.6
2008-11-06,1608.7,2.47,16.19,-6.050536837130215,-0.48,1.5,57.6
2008-11-07,1647.4,2.5,16.31,-6.069919484810645,-0.48,1.5,57.6
2008-11-10,1616.74,2.55,16.35,-6.0546376244650455,-1.1,1.5,57.6
2008-11-11,1580.9,2.55,16.36,-6.09731038187264,-1.1,1.5,57.6
2008-11-12,1499.21,2.56,16.84,-6.072784231075592,-1.1,1.5,57.6
2008-11-13,1596.7,2.6,17.06,-6.073305561072782,-1.1,1.5,57.6
2008-11-14,1516.85,2.5,17.16,-6.074699775310477,-1.1,1.5,57.6
2008-11-17,1482.05,2.46,17.43,-6.104642300409567,-1.44,1.5,57.6
2008-11-18,1483.27,2.38,17.96,-6.088714644732662,-1.44,1.5,57.6
2008-11-19,1386.42,2.29,18.61,-6.130289428661801,-1.44,1.5,57.6
2008-11-20,1316.12,2.1,19.48,-6.1637656870214474,-1.44,1.5,57.6
2008-11-21,1384.35,2.11,19.92,-6.217517099398525,-1.44,1.5,57.6
2008-11-24,1472.02,2.04,19.87,-6.19377715651464,-0.46,1.5,57.6
2008-11-25,1464.73,1.96,19.86,-6.204881577972302,-0.46,1.5,57.6
2008-11-26,1532.1,1.9,19.76,-6.183555375080607,-0.46,1.5,57.6
2008-11-28,1535.57,1.93,19.78,-6.20761187216657,-0.46,1.5,57.6
2008-12-01,1398.07,1.82,20.2,-6.165989593338239,-2.32,1.7,55.3
2008-12-02,1449.8,1.78,20.19,-6.193199683945412,-2.32,1.7,55.3
2008-12-03,1492.38,1.8,20.39,-6.205885704243499,-2.32,1.7,55.3
2008-12-04,1445.56,1.73,20.54,-6.255607008220903,-2.32,1.7,55.3
2008-12-05,1509.31,1.74,20.74,-6.305640019483045,-2.32,1.7,55.3
2008-12-08,1571.74,1.8,20.62,-6.241350125369861,-1.92,1.7,55.3
2008-12-09,1547.34,1.83,20.59,-6.284759518022695,-1.92,1.7,55.3
2008-12-10,1565.48,1.83,20.66,-6.293091068618396,-1.92,1.7,55.3
2008-12-11,1507.88,1.85,20.92,-6.303887624320291,-1.92,1.7,55.3
2008-12-12,1540.72,1.82,21.3,-6.353288967841455,-1.92,1.7,55.3
2008-12-15,1508.34,1.78,21.82,-6.389189217641169,-1.85,1.7,55.3
2008-12-16,1589.89,1.72,21.44,-6.415615071296593,-1.85,1.7,55.3
2008-12-17,1579.31,1.47,21.06,-6.449769458895326,-1.85,1.7,55.3
2008-12-18,1552.37,1.4,20.72,-6.494112374952016,-1.85,1.7,55.3
2008-12-19,1564.32,1.39,20.43,-6.447757958989386,-1.85,1.7,55.3
2008-12-22,1532.35,1.29,20.18,-6.445171103102373,-2.59,1.7,55.3
2008-12-23,1521.54,1.28,19.82,-6.483496402190263,-2.59,1.7,55.3
2008-12-24,1524.9,1.3,19.79,-6.500719078641931,-2.59,1.7,55.3
2008-12-26,1530.24,1.27,19.55,-6.504818617227332,-2.59,1.7,55.3
2008-12-29,1510.32,1.35,19.25,-6.503395164413601,-2.66,1.7,55.3
2008-12-30,1550.7,1.36,18.48,-6.490482758893579,-2.66,1.7,55.3
2008-12-31,1577.03,1.49,18.12,-6.441206667191612,-2.66,2.07,60.1
2009-01-02,1632.21,1.58,17.84,-6.400232431409051,-2.66,2.07,60.1
2009-01-05,1628.03,1.71,17.44,-6.376619702542131,-3,2.07,60.1
2009-01-06,1652.38,1.71,16.68,-6.3045631276635605,-3,2.07,60.1
2009-01-07,1599.06,1.7,16.42,-6.322321120980154,-3,2.07,60.1
2009-01-08,1617.01,1.64,16.67,-6.359150318826983,-3,2.07,60.1
2009-01-09,1571.59,1.68,16.65,-6.306736211871039,-3,2.07,60.1
2009-01-12,1538.79,1.6,16.67,-6.312754207978735,-2.77,2.07,60.1
2009-01-13,1546.46,1.57,16.82,-6.273840063044737,-2.77,2.07,60.1
2009-01-14,1489.64,1.51,16.86,-6.2984548092686135,-2.77,2.07,60.1
2009-01-15,1511.84,1.5,16.97,-6.319720905384176,-2.77,2.07,60.1
2009-01-16,1529.33,1.63,16.79,-6.309650425067968,-2.77,2.07,60.1
2009-01-20,1440.86,1.67,16.79,-6.342874742622873,-2.72,2.07,60.1
2009-01-21,1507.07,1.78,16.71,-6.385234983282026,-2.72,2.07,60.1
2009-01-22,1465.49,1.87,16.69,-6.421925061664445,-2.72,2.07,60.1
2009-01-23,1477.29,1.82,16.73,-6.4110951534665155,-2.72,2.07,60.1
2009-01-26,1489.46,1.85,16.74,-6.350594715925774,-2.48,2.07,60.1
2009-01-27,1504.9,1.72,16.76,-6.40676103816891,-2.48,2.07,60.1
2009-01-28,1558.34,1.82,16.4,-6.386402063305717,-2.48,2.07,60.1
2009-01-29,1507.84,1.92,16.22,-6.432868390952395,-2.48,2.07,60.1
2009-01-30,1476.42,1.93,16.22,-6.449221202743744,-2.48,2.07,60.1
2009-02-02,1494.43,1.87,16.4,-6.4519894323991736,-2.74,2.37,61.2
2009-02-03,1516.3,1.93,16.3,-6.3740012542143,-2.74,2.37,61.2
2009-02-04,1515.05,1.97,16.15,-6.378915108298749,-2.74,2.37,61.2
2009-02-05,1546.24,1.97,16.13,-6.412584257789479,-2.74,2.37,61.2
2009-02-06,1591.71,2.06,16.05,-6.3304993994362295,-2.74,2.37,61.2
2009-02-09,1591.56,2.02,15.98,-6.316266792483975,-2.65,2.37,61.2
2009-02-10,1524.73,1.98,16.07,-6.363159374461956,-2.65,2.37,61.2
2009-02-11,1530.5,1.85,16.17,-6.418873270516026,-2.65,2.37,61.2
2009-02-12,1541.71,1.86,16.27,-6.427414929483954,-2.65,2.37,61.2
2009-02-13,1534.36,1.92,16.21,-6.417409650485982,-2.65,2.37,61.2
2009-02-17,1470.66,1.77,16.45,-6.521948105796222,-3.12,2.37,61.2
2009-02-18,1467.97,1.77,16.59,-6.5238526774792245,-3.12,2.37,61.2
2009-02-19,1442.82,1.84,16.48,-6.498032308697433,-3.12,2.37,61.2
2009-02-20,1441.23,1.82,16.76,-6.562116867254097,-3.12,2.37,61.2
2009-02-23,1387.72,1.82,16.85,-6.540185130061705,-3.27,2.37,61.2
2009-02-24,1441.83,1.77,17.22,-6.480019807204688,-3.27,2.37,61.2
2009-02-25,1425.43,1.86,17.17,-6.451704364674134,-3.27,2.37,61.2
2009-02-26,1391.47,1.9,17.18,-6.391850279216126,-3.27,2.37,61.2
2009-02-27,1377.84,2.02,17.39,-6.417728003542206,-3.27,2.37,61.2
2009-03-02,1322.85,2.02,17.84,-6.4298045880438695,-3.48,2.77,56.3
2009-03-03,1321.01,2.02,18.09,-6.344580657333971,-3.48,2.77,56.3
2009-03-04,1353.74,2.04,18.28,-6.282719038422148,-3.48,2.77,56.3
2009-03-05,1299.59,1.93,18.59,-6.329921938877933,-3.48,2.77,56.3
2009-03-06,1293.85,1.92,18.66,-6.324611460576442,-3.48,2.77,56.3
2009-03-09,1268.64,1.92,18.66,-6.327806073317925,-3,2.77,56.3
2009-03-10,1358.28,1.93,18.86,-6.276360015739062,-3,2.77,56.3
2009-03-11,1371.64,1.98,18.71,-6.32839807381195,-3,2.77,56.3
2009-03-12,1426.1,1.92,18.38,-6.343511995514667,-3,2.77,56.3
2009-03-13,1431.5,1.86,18.29,-6.325767329215479,-3,2.77,56.3
2009-03-16,1404.02,1.91,18.04,-6.268645192404675,-3.01,2.77,56.3
2009-03-17,1462.11,1.97,17.63,-6.276242173718973,-3.01,2.77,56.3
2009-03-18,1491.22,1.97,17.58,-6.2499223812114835,-3.01,2.77,56.3
2009-03-19,1483.48,1.69,17.97,-6.273737827509446,-3.01,2.77,56.3
2009-03-20,1457.27,1.74,17.74,-6.277405126311995,-3.01,2.77,56.3
2009-03-23,1555.77,1.76,17.74,-6.248781204749915,-2.67,2.77,56.3
2009-03-24,1518.05,1.75,17.56,-6.237381143001711,-2.67,2.77,56.3
2009-03-25,1528.95,1.75,17.45,-6.251949834210936,-2.67,2.77,56.3
2009-03-26,1587,1.85,17.26,-6.227995179204651,-2.67,2.77,56.3
2009-03-27,1545.2,1.86,17.09,-6.220256603555536,-2.67,2.77,56.3
2009-03-30,1501.8,1.88,16.75,-6.253153437643199,-3.22,2.77,56.3
2009-03-31,1528.59,1.89,16.89,-6.217585499457832,-3.22,2.77,56.3
2009-04-01,1551.6,1.9,17.03,-6.218063452254238,-3.22,3.13,57.3
2009-04-02,1602.63,1.85,17.12,-6.175658248053174,-3.22,3.13,57.3
2009-04-03,1621.87,1.89,16.78,-6.105993104988859,-3.22,3.13,57.3
2009-04-06,1606.71,1.95,16.53,-6.099272295556458,-3,3.13,57.3
2009-04-07,1561.61,2.01,16.43,-6.095530255014685,-3,3.13,57.3
2009-04-08,1590.66,2.02,16.44,-6.0942071782487455,-3,3.13,57.3
2009-04-09,1652.54,1.93,16.36,-6.0556333113376395,-3,3.13,57.3
2009-04-13,1653.31,2,16.19,-6.043710104956491,-3.08,3.13,57.3
2009-04-14,1625.72,1.99,16.16,-6.0444113200817675,-3.08,3.13,57.3
2009-04-15,1626.8,1.94,15.85,-6.007143623026859,-3.08,3.13,57.3
2009-04-16,1670.44,1.96,15.74,-6.005197882658351,-3.08,3.13,57.3
2009-04-17,1673.07,1.95,15.44,-5.980350138797161,-3.08,3.13,57.3
2009-04-20,1608.21,1.99,15.05,-6.044805897301132,-3.3,3.13,57.3
2009-04-21,1643.85,1.95,15.17,-6.047257763931124,-3.3,3.13,57.3
2009-04-22,1646.12,1.98,15.35,-6.071563278759796,-3.3,3.13,57.3
2009-04-23,1652.21,1.98,15.27,-6.1205621793443425,-3.3,3.13,57.3
2009-04-24,1694.29,1.99,15.17,-6.099856308809796,-3.3,3.13,57.3
2009-04-27,1679.41,2.04,14.87,-6.125090322391334,-3.02,3.13,57.3
2009-04-28,1673.81,2.05,14.91,-6.145018568206322,-3.02,3.13,57.3
2009-04-29,1711.94,2.1,14.79,-6.1073061038574785,-3.02,3.13,57.3
2009-04-30,1717.3,2.18,14.46,-6.075949332427933,-3.02,3.13,57.3
2009-05-01,1719.2,2.25,13.45,-6.046783520995138,-3.02,3.53,65.1
2009-05-04,1763.56,2.29,13.34,-6.04216298176574,-2.97,3.53,65.1
2009-05-05,1754.12,2.25,13.23,-6.0735920686875735,-2.97,3.53,65.1
2009-05-06,1759.1,2.22,13.08,-6.032012155565328,-2.97,3.53,65.1
2009-05-07,1716.24,2.22,12.94,-6.047280976214667,-2.97,3.53,65.1
2009-05-08,1739,2.29,12.54,-6.055442144236047,-2.97,3.53,65.1
2009-05-11,1731.24,2.29,12.41,-6.080837270862968,-3.11,3.53,65.1
2009-05-12,1715.92,2.25,12.58,-6.093355484098119,-3.11,3.53,65.1
2009-05-13,1664.19,2.27,12.64,-6.122237954855754,-3.11,3.53,65.1
2009-05-14,1689.21,2.22,12.85,-6.126905806930419,-3.11,3.53,65.1
2009-05-15,1680.14,2.23,12.91,-6.134722338365645,-3.11,3.53,65.1
2009-05-18,1732.36,2.26,12.91,-6.097705466602382,-3.02,3.53,65.1
2009-05-19,1734.54,2.29,12.82,-6.104322856385996,-3.02,3.53,65.1
2009-05-20,1727.84,2.34,12.67,-6.098082283051672,-3.02,3.53,65.1
2009-05-21,1695.25,2.32,12.45,-6.1393968662863285,-3.02,3.53,65.1
2009-05-22,1692.01,2.46,12.32,-6.125040634800412,-3.02,3.53,65.1
2009-05-26,1750.43,2.53,12.15,-6.098656639891987,-2.93,3.53,65.1
2009-05-27,1731.08,2.54,12.09,-6.108041973916987,-2.93,3.53,65.1
2009-05-28,1751.79,2.75,11.87,-6.110858098217546,-2.93,3.53,65.1
2009-05-29,1774.33,2.7,11.74,-6.100538296690486,-2.93,3.53,65.1
2009-06-01,1828.68,2.55,11.7,-6.046416513391223,-3.09,3.73,68.7
2009-06-02,1836.8,2.74,11.36,-6.060210743269196,-3.09,3.73,68.7
2009-06-03,1825.92,2.69,11.19,-6.078852586123233,-3.09,3.73,68.7
2009-06-04,1850.02,2.65,11.17,-6.056552949627595,-3.09,3.73,68.7
2009-06-05,1849.42,2.76,11.01,-6.043709665075245,-3.09,3.73,68.7
2009-06-08,1842.4,2.52,10.7,-6.046827445550749,-3.37,3.73,68.7
2009-06-09,1860.13,2.49,10.6,-6.000407738914922,-3.37,3.73,68.7
2009-06-10,1853.08,2.53,10.59,-5.999773824472141,-3.37,3.73,68.7
2009-06-11,1862.37,2.6,10.42,-5.974969327738871,-3.37,3.73,68.7
2009-06-12,1858.8,2.53,10.43,-5.98225861996867,-3.37,3.73,68.7
2009-06-15,1816.38,2.51,10.41,-6.006126770135422,-3.28,3.73,68.7
2009-06-16,1796.18,2.5,10.4,-6.024175706072327,-3.28,3.73,68.7
2009-06-17,1808.06,2.44,10.48,-6.026471926608394,-3.28,3.73,68.7
2009-06-18,1807.72,2.49,10.73,-6.019458129407421,-3.28,3.73,68.7
2009-06-19,1827.47,2.58,10.74,-6.03067671511512,-3.28,3.73,68.7
2009-06-22,1766.19,2.54,10.75,-6.068399529951709,-3.01,3.73,68.7
2009-06-23,1764.92,2.55,10.93,-6.041261384632004,-3.01,3.73,68.7
2009-06-24,1792.34,2.51,11.03,-6.0212267090668075,-3.01,3.73,68.7
2009-06-25,1829.54,2.53,11.01,-6.011786734578361,-3.01,3.73,68.7
2009-06-26,1838.22,2.43,11.09,-6.01686410453029,-3.01,3.73,68.7
2009-06-29,1844.06,2.42,11.09,-6.002474224881433,-3.23,3.73,68.7
2009-06-30,1835.04,2.4,11.05,-6.011724471098455,-3.23,3.73,68.7
2009-07-01,1845.72,2.42,10.55,-6.001179061722516,-3.23,3.9,70.8
2009-07-02,1796.52,2.5,10.5,-6.000961704612444,-3.23,3.9,70.8
2009-07-06,1787.4,2.53,10.52,-6.012566297678788,-2.89,3.9,70.8
2009-07-07,1746.17,2.56,10.61,-6.034234766173495,-2.89,3.9,70.8
2009-07-08,1747.17,2.49,10.63,-6.043029921199197,-2.89,3.9,70.8
2009-07-09,1752.55,2.42,10.84,-6.014875510285768,-2.89,3.9,70.8
2009-07-10,1756.03,2.5,10.79,-6.022517067130402,-2.89,3.9,70.8
2009-07-13,1793.21,2.41,10.89,-6.028229740932622,-3.22,3.9,70.8
2009-07-14,1799.73,2.46,10.92,-5.9949382805185545,-3.22,3.9,70.8
2009-07-15,1862.9,2.53,10.76,-5.97311153750451,-3.22,3.9,70.8
2009-07-16,1885.03,2.6,10.52,-5.96989010625571,-3.22,3.9,70.8
2009-07-17,1886.61,2.59,10.57,-5.958210316010177,-3.22,3.9,70.8
2009-07-20,1909.29,2.65,10.41,-5.9513848178804185,-2.99,3.9,70.8
2009-07-21,1916.2,2.62,10.37,-5.956697386443479,-2.99,3.9,70.8
2009-07-22,1926.38,2.54,10.29,-5.933490586573562,-2.99,3.9,70.8
2009-07-23,1973.6,2.6,10.18,-5.935656949785709,-2.99,3.9,70.8
2009-07-24,1965.96,2.64,9.88,-5.934667592400852,-2.99,3.9,70.8
2009-07-27,1967.89,2.65,9.8,-5.926008775037988,-3.12,3.9,70.8
2009-07-28,1975.51,2.67,9.66,-5.920464675270019,-3.12,3.9,70.8
2009-07-29,1967.76,2.6,9.56,-5.924919304803536,-3.12,3.9,70.8
2009-07-30,1984.3,2.52,9.44,-5.901434862694017,-3.12,3.9,70.8
2009-07-31,1978.5,2.48,9.33,-5.898039381999428,-3.12,3.9,70.8
2009-08-03,2008.61,2.39,9.22,-5.85827217731859,-2.89,3.8,66
2009-08-04,2011.31,2.48,8.99,-5.848975763825938,-2.89,3.8,66
2009-08-05,1993.05,2.5,8.88,-5.839578371056844,-2.89,3.8,66
2009-08-06,1973.16,2.57,8.77,-5.857621644175141,-2.89,3.8,66
2009-08-07,2000.25,2.57,8.73,-5.841984924969021,-2.89,3.8,66
2009-08-10,1992.24,2.57,8.57,-5.834165681664187,-2.8,3.8,66
2009-08-11,1969.73,2.56,8.58,-5.847252740682794,-2.8,3.8,66
2009-08-12,1998.72,2.5,8.64,-5.821112856870101,-2.8,3.8,66
2009-08-13,2009.35,2.54,8.78,-5.793754081107294,-2.8,3.8,66
2009-08-14,1985.52,2.47,8.91,-5.81269801772895,-2.8,3.8,66
2009-08-17,1930.84,2.48,8.94,-5.822373969106849,-2.34,3.8,66
2009-08-18,1955.92,2.44,9.17,-5.8292544387147265,-2.34,3.8,66
2009-08-19,1969.24,2.45,9.19,-5.8355614421411905,-2.34,3.8,66
2009-08-20,1989.22,2.44,9.25,-5.839181536654052,-2.34,3.8,66
2009-08-21,2020.9,2.39,9.27,-5.803433264813687,-2.34,3.8,66
2009-08-24,2017.98,2.43,9.13,-5.779938499224832,-2.28,3.8,66
2009-08-25,2024.23,2.43,9.14,-5.802820524574541,-2.28,3.8,66
2009-08-26,2024.43,2.4,9.12,-5.8022590069611395,-2.28,3.8,66
2009-08-27,2027.73,2.38,9.11,-5.806823292943175,-2.28,3.8,66
2009-08-28,2028.77,2.43,9.07,-5.783707855045143,-2.28,3.8,66
2009-08-31,2009.06,2.45,9.04,-5.821100227907265,-2.27,3.8,66
2009-09-01,1968.89,2.43,9.12,-5.827075960340815,-2.27,3.67,65.7
2009-09-02,1967.07,2.46,9.18,-5.847158502573795,-2.27,3.67,65.7
2009-09-03,1983.2,2.4,9.23,-5.852884279752758,-2.27,3.67,65.7
2009-09-04,2018.78,2.42,9.19,-5.851358048607111,-2.27,3.67,65.7
2009-09-08,2037.77,2.51,9.1,-5.823718255893515,-1.68,3.67,65.7
2009-09-09,2060.39,2.54,9.03,-5.831898523947215,-1.68,3.67,65.7
2009-09-10,2084.02,2.55,8.98,-5.847975870711977,-1.68,3.67,65.7
2009-09-11,2080.9,2.46,8.93,-5.8680447165371765,-1.68,3.67,65.7
2009-09-14,2091.78,2.44,8.78,-5.877629404459183,-2.15,3.67,65.7
2009-09-15,2102.64,2.48,8.57,-5.868472449360993,-2.15,3.67,65.7
2009-09-16,2133.15,2.51,8.35,-5.850535569508389,-2.15,3.67,65.7
2009-09-17,2126.75,2.47,8.09,-5.8578344913685845,-2.15,3.67,65.7
2009-09-18,2132.86,2.44,8.09,-5.893754722054439,-2.15,3.67,65.7
2009-09-21,2138.04,2.46,7.98,-5.8810615368460235,-1.44,3.67,65.7
2009-09-22,2146.3,2.47,8,-5.870742566153944,-1.44,3.67,65.7
2009-09-23,2131.42,2.44,7.93,-5.889580097519397,-1.44,3.67,65.7
2009-09-24,2107.61,2.48,7.88,-5.909890557514072,-1.44,3.67,65.7
2009-09-25,2090.92,2.47,7.87,-5.891179414657001,-1.44,3.67,65.7
2009-09-28,2130.74,2.36,7.89,-5.898635701354648,-1.36,3.67,65.7
2009-09-29,2124.04,2.33,7.95,-5.8982042984703,-1.36,3.67,65.7
2009-09-30,2122.42,2.31,7.91,-5.880630088112838,-1.36,3.67,65.7
2009-10-01,2057.48,2.36,7.93,-5.901592604037869,-1.36,3.57,73.5
2009-10-02,2048.11,2.34,8.11,-5.92566972095845,-1.36,3.57,73.5
2009-10-05,2068.15,2.36,8.2,-5.922196610291281,-1.17,3.57,73.5
2009-10-06,2103.57,2.36,8.15,-5.922619164936338,-1.17,3.57,73.5
2009-10-07,2110.33,2.36,8.05,-5.928926781413587,-1.17,3.57,73.5
2009-10-08,2123.93,2.34,8.11,-5.898334153031466,-1.17,3.57,73.5
2009-10-09,2139.28,2.37,8,-5.912111641400581,-1.17,3.57,73.5
2009-10-12,2139.14,2.42,7.87,-5.9138907876717965,-0.88,3.57,73.5
2009-10-13,2139.89,2.42,7.88,-5.943076878415909,-0.88,3.57,73.5
2009-10-14,2172.23,2.43,7.93,-5.925061043111995,-0.88,3.57,73.5
2009-10-15,2173.29,2.49,7.76,-5.9066447951796865,-0.88,3.57,73.5
2009-10-16,2156.8,2.52,7.69,-5.912234196081713,-0.88,3.57,73.5
2009-10-19,2176.32,2.46,7.69,-5.876847319193555,-0.75,3.57,73.5
2009-10-20,2163.47,2.42,7.67,-5.889017775399482,-0.75,3.57,73.5
2009-10-21,2150.73,2.4,7.66,-5.85971962480015,-0.75,3.57,73.5
2009-10-22,2165.29,2.42,7.58,-5.866757159743481,-0.75,3.57,73.5
2009-10-23,2154.47,2.47,7.52,-5.852575514129205,-0.75,3.57,73.5
2009-10-26,2141.85,2.47,7.45,-5.84739243255975,-0.51,3.57,73.5
2009-10-27,2116.09,2.53,7.35,-5.844264204700929,-0.51,3.57,73.5
2009-10-28,2059.61,2.5,7.47,-5.862626343396167,-0.51,3.57,73.5
2009-10-29,2097.55,2.49,7.59,-5.84538212789051,-0.51,3.57,73.5
2009-10-30,2045.11,2.55,7.56,-5.86369269229221,-0.51,3.57,73.5
2009-11-02,2049.2,2.53,7.6,-5.880238911997758,-0.22,3.57,70.6
2009-11-03,2057.32,2.58,7.61,-5.905406092742449,-0.22,3.57,70.6
2009-11-04,2055.52,2.66,7.55,-5.8951766091331415,-0.22,3.57,70.6
2009-11-05,2105.32,2.67,7.56,-5.90911532621806,-0.22,3.57,70.6
2009-11-06,2112.44,2.68,7.6,-5.916496438321968,-0.22,3.57,70.6
2009-11-09,2154.06,2.65,7.57,-5.916617529326695,0.13,3.57,70.6
2009-11-10,2151.08,2.65,7.52,-5.919639710586118,0.13,3.57,70.6
2009-11-11,2166.9,2.65,7.52,-5.929036631419695,0.13,3.57,70.6
2009-11-12,2149.02,2.63,7.54,-5.928090177034621,0.13,3.57,70.6
2009-11-13,2167.88,2.61,7.52,-5.928729836868946,0.13,3.57,70.6
2009-11-16,2197.85,2.55,7.55,-5.905551033786141,0.58,3.57,70.6
2009-11-17,2203.78,2.55,7.55,-5.90411679231904,0.58,3.57,70.6
2009-11-18,2193.14,2.59,7.51,-5.905052134366407,0.58,3.57,70.6
2009-11-19,2156.82,2.62,7.55,-5.915194601093072,0.58,3.57,70.6
2009-11-20,2146.04,2.61,7.54,-5.910751301503813,0.58,3.57,70.6
2009-11-23,2176.01,2.6,7.52,-5.917430171107668,0.87,3.57,70.6
2009-11-24,2169.18,2.59,7.56,-5.92541533028108,0.87,3.57,70.6
2009-11-25,2176.05,2.55,7.57,-5.927031339013529,0.87,3.57,70.6
2009-11-27,2138.44,2.53,7.64,-5.929854597590394,0.87,3.57,70.6
2009-11-30,2144.6,2.54,7.65,-5.919279617581688,1.37,3.47,67.4
2009-12-01,2175.81,2.61,7.58,-5.917451801713051,1.37,3.47,67.4
2009-12-02,2185.03,2.6,7.49,-5.919584942153752,1.37,3.47,67.4
2009-12-03,2173.14,2.65,7.4,-5.928096373204308,1.37,3.47,67.4
2009-12-04,2194.35,2.64,7.24,-5.889530158998578,1.37,3.47,67.4
2009-12-07,2189.61,2.66,7.26,-5.893658266163663,1.19,3.47,67.4
2009-12-08,2172.99,2.67,7.31,-5.889608503233731,1.19,3.47,67.4
2009-12-09,2183.73,2.69,7.26,-5.882933045075562,1.19,3.47,67.4
2009-12-10,2190.86,2.71,7.18,-5.8942350273542745,1.19,3.47,67.4
2009-12-11,2190.31,2.72,7.09,-5.879003662618593,1.19,3.47,67.4
2009-12-14,2212.1,2.69,6.97,-5.876433906682465,1.39,3.47,67.4
2009-12-15,2201.05,2.72,6.86,-5.879058561877579,1.39,3.47,67.4
2009-12-16,2206.91,2.76,6.82,-5.870576555677852,1.39,3.47,67.4
2009-12-17,2180.05,2.73,6.91,-5.869376381705802,1.39,3.47,67.4
2009-12-18,2211.69,2.73,6.84,-5.869720754628802,1.39,3.47,67.4
2009-12-21,2237.66,2.8,6.72,-5.849325236151343,2.29,3.47,67.4
2009-12-22,2252.67,2.81,6.65,-5.847315205757965,2.29,3.47,67.4
2009-12-23,2269.64,2.81,6.6,-5.833352020884988,2.29,3.47,67.4
2009-12-24,2285.69,2.82,6.54,-5.815772447459783,2.29,3.47,67.4
2009-12-28,2291.08,2.76,6.5,-5.805299257165103,2.52,3.47,67.4
2009-12-29,2288.4,2.73,6.49,-5.803331660057523,2.52,3.47,67.4
2009-12-30,2291.28,2.72,6.5,-5.788757233389553,2.52,3.47,67.4
2009-12-31,2269.15,2.71,6.39,-5.791689909053456,2.52,3.07,72.5
2010-01-04,2308.42,2.76,6.34,-5.794026371793646,2.12,3.07,72.5
2010-01-05,2308.71,2.76,6.3,-5.792184417976687,2.12,3.07,72.5
2010-01-06,2301.09,2.84,6.17,-5.784518339357551,2.12,3.07,72.5
2010-01-07,2300.05,2.82,6.03,-5.801556656131082,2.12,3.07,72.5
2010-01-08,2317.17,2.87,6.02,-5.8138956836467495,2.12,3.07,72.5
2010-01-11,2312.41,2.9,5.99,-5.812971745426366,2.04,3.07,72.5
2010-01-12,2282.31,2.82,6.07,-5.820630716272551,2.04,3.07,72.5
2010-01-13,2307.9,2.83,6.03,-5.812197145160775,2.04,3.07,72.5
2010-01-14,2316.74,2.82,6.04,-5.821319477588991,2.04,3.07,72.5
2010-01-15,2287.99,2.81,6.1,-5.81669019594941,2.04,3.07,72.5
2010-01-19,2320.4,2.8,6.11,-5.801279253853813,2.1,3.07,72.5
2010-01-20,2291.25,2.76,6.16,-5.804003127217547,2.1,3.07,72.5
2010-01-21,2265.7,2.75,6.24,-5.813564158524621,2.1,3.07,72.5
2010-01-22,2205.29,2.78,6.36,-5.7855932857536505,2.1,3.07,72.5
2010-01-25,2210.8,2.8,6.42,-5.777434221609255,1.93,3.07,72.5
2010-01-26,2203.73,2.78,6.44,-5.795697713610746,1.93,3.07,72.5
2010-01-27,2221.41,2.76,6.41,-5.818716874435724,1.93,3.07,72.5
2010-01-28,2179,2.81,6.41,-5.858394175191454,1.93,3.07,72.5
2010-01-29,2147.35,2.81,6.46,-5.872267736129291,1.93,3.07,72.5
2010-02-01,2171.2,2.82,6.54,-5.881535298502443,2.37,2.57,74.4
2010-02-02,2190.06,2.81,6.54,-5.891287388196147,2.37,2.57,74.4
2010-02-03,2190.91,2.85,6.46,-5.924175764646017,2.37,2.57,74.4
2010-02-04,2125.43,2.82,6.59,-5.911407366711909,2.37,2.57,74.4
2010-02-05,2141.12,2.82,6.81,-5.909261443884224,2.37,2.57,74.4
2010-02-08,2126.05,2.83,6.85,-5.902672726411363,2.63,2.57,74.4
2010-02-09,2150.87,2.83,6.88,-5.887850821703471,2.63,2.57,74.4
2010-02-10,2147.87,2.81,6.93,-5.886345628968452,2.63,2.57,74.4
2010-02-11,2177.41,2.82,6.98,-5.856085041427918,2.63,2.57,74.4
2010-02-12,2183.53,2.85,7.03,-5.868192019166827,2.63,2.57,74.4
2010-02-16,2214.19,2.84,7.02,-5.851058287318232,2.77,2.57,74.4
2010-02-17,2226.29,2.87,6.8,-5.8457542491098184,2.77,2.57,74.4
2010-02-18,2241.71,2.89,6.65,-5.8304037284970995,2.77,2.57,74.4
2010-02-19,2243.87,2.83,6.56,-5.811909490672923,2.77,2.57,74.4
2010-02-22,2242.03,2.89,6.5,-5.8190139663666,3.37,2.57,74.4
2010-02-23,2213.44,2.82,6.6,-5.837831975162372,3.37,2.57,74.4
2010-02-24,2235.9,2.83,6.58,-5.826178759867203,3.37,2.57,74.4
2010-02-25,2234.22,2.82,6.65,-5.844492091914442,3.37,2.57,74.4
2010-02-26,2238.26,2.8,6.66,-5.8310391472234935,3.37,2.57,74.4
2010-03-01,2273.57,2.81,6.66,-5.810604608197168,3.63,2.03,73.6
2010-03-02,2280.79,2.82,6.58,-5.809348157599358,3.63,2.03,73.6
2010-03-03,2280.68,2.81,6.54,-5.807657170873611,3.63,2.03,73.6
2010-03-04,2292.31,2.75,6.49,-5.816169056886733,3.63,2.03,73.6
2010-03-05,2326.35,2.78,6.37,-5.8056548362298654,3.63,2.03,73.6
2010-03-08,2332.21,2.82,6.27,-5.7977901223409996,3.65,2.03,73.6
2010-03-09,2340.68,2.82,6.23,-5.795983352748869,3.65,2.03,73.6
2010-03-10,2358.95,2.81,6.16,-5.796083019562199,3.65,2.03,73.6
2010-03-11,2368.46,2.76,6.15,-5.793504615029819,3.65,2.03,73.6
2010-03-12,2367.66,2.74,6.11,-5.786734010851092,3.65,2.03,73.6
2010-03-15,2362.21,2.74,6.11,-5.8095049157613365,3.62,2.03,73.6
2010-03-16,2378.01,2.75,6.12,-5.809885656519718,3.62,2.03,73.6
2010-03-17,2389.09,2.73,6.16,-5.795771365874575,3.62,2.03,73.6
2010-03-18,2391.28,2.7,6.11,-5.805307045805124,3.62,2.03,73.6
2010-03-19,2374.41,2.7,6.02,-5.794296482197033,3.62,2.03,73.6
2010-03-22,2395.4,2.68,5.98,-5.78458718244622,3.5,2.03,73.6
2010-03-23,2415.24,2.66,6.02,-5.788843643046685,3.5,2.03,73.6
2010-03-24,2398.76,2.67,6,-5.785215292096522,3.5,2.03,73.6
2010-03-25,2397.41,2.76,5.85,-5.778566365134032,3.5,2.03,73.6
2010-03-26,2395.13,2.81,5.78,-5.782309533534317,3.5,2.03,73.6
2010-03-29,2404.36,2.82,5.8,-5.749530795998061,4.05,2.03,73.6
2010-03-30,2410.69,2.84,5.79,-5.737490689588568,4.05,2.03,73.6
2010-03-31,2397.96,2.82,5.77,-5.7482281195411105,4.05,2.03,73.6
2010-04-01,2402.58,2.82,5.84,-5.750036119590296,4.05,1.53,73.6
2010-04-05,2429.53,2.85,5.82,-5.743684315826117,3.7,1.53,73.6
2010-04-06,2436.81,2.83,5.65,-5.749623646311136,3.7,1.53,73.6
2010-04-07,2431.16,2.84,5.65,-5.769883360489673,3.7,1.53,73.6
2010-04-08,2436.81,2.83,5.72,-5.772858989654556,3.7,1.53,73.6
2010-04-09,2454.05,2.82,5.7,-5.779659672688629,3.7,1.53,73.6
2010-04-12,2457.87,2.82,5.68,-5.787046248065459,3.96,1.53,73.6
2010-04-13,2465.99,2.8,5.68,-5.769396656474528,3.96,1.53,73.6
2010-04-14,2504.86,2.77,5.66,-5.771984130138401,3.96,1.53,73.6
2010-04-15,2515.69,2.81,5.57,-5.775361146646715,3.96,1.53,73.6
2010-04-16,2481.26,2.82,5.52,-5.779163271501238,3.96,1.53,73.6
2010-04-19,2480.11,2.81,5.57,-5.783187069362094,4.05,1.53,73.6
2010-04-20,2500.31,2.82,5.59,-5.781468849007596,4.05,1.53,73.6
2010-04-21,2504.61,2.77,5.54,-5.783759898945424,4.05,1.53,73.6
2010-04-22,2519.07,2.74,5.55,-5.792425803224624,4.05,1.53,73.6
2010-04-23,2530.15,2.73,5.5,-5.794259074649554,4.05,1.53,73.6
2010-04-26,2522.95,2.74,5.44,-5.7902583089235,4.09,1.53,73.6
2010-04-27,2471.47,2.74,5.42,-5.845087941157482,4.09,1.53,73.6
2010-04-28,2471.73,2.68,5.55,-5.851828765692111,4.09,1.53,73.6
2010-04-29,2511.92,2.77,5.51,-5.8546232720054014,4.09,1.53,73.6
2010-04-30,2461.19,2.75,5.54,-5.863858185355409,4.09,1.53,73.6
2010-05-03,2498.74,2.72,5.61,-5.884111595291903,4.36,1.2,72.2
2010-05-04,2424.25,2.72,5.57,-5.907665645842765,4.36,1.2,72.2
2010-05-05,2402.29,2.67,5.68,-5.921144896607231,4.36,1.2,72.2
2010-05-06,2319.64,2.7,5.91,-5.950953299937598,4.36,1.2,72.2
2010-05-07,2265.64,2.66,6.26,-5.953051267472725,4.36,1.2,72.2
2010-05-10,2374.67,2.62,6.47,-5.91888052991155,4.51,1.2,72.2
2010-05-11,2375.31,2.7,6.25,-5.941672009531013,4.51,1.2,72.2
2010-05-12,2425.02,2.71,6.34,-5.965969777869701,4.51,1.2,72.2
2010-05-13,2394.36,2.67,6.18,-5.941172404535516,4.51,1.2,72.2
2010-05-14,2346.85,2.68,6.14,-5.970669085059567,4.51,1.2,72.2
2010-05-17,2354.23,2.65,6.33,-6.0375387545919335,4.4,1.2,72.2
2010-05-18,2317.26,2.66,6.36,-5.993277485387809,4.4,1.2,72.2
2010-05-19,2298.37,2.62,6.46,-5.999289905733112,4.4,1.2,72.2
2010-05-20,2204.01,2.56,6.59,-6.000592399530071,4.4,1.2,72.2
2010-05-21,2229.04,2.49,6.92,-5.951217498893715,4.4,1.2,72.2
2010-05-24,2213.55,2.44,7.02,-5.938455807016182,4.08,1.2,72.2
2010-05-25,2210.95,2.46,6.97,-5.9758935848382935,4.08,1.2,72.2
2010-05-26,2195.88,2.37,7.24,-5.976089694035709,4.08,1.2,72.2
2010-05-27,2277.68,2.39,7.07,-5.951908175284747,4.08,1.2,72.2
2010-05-28,2257.04,2.47,6.88,-5.969646683951838,4.08,1.2,72.2
2010-06-01,2222.33,2.55,6.98,-5.992851113946499,5.02,0.8,73.6
2010-06-02,2281.07,2.51,7.04,-5.996713042016597,5.02,0.8,73.6
2010-06-03,2303.03,2.53,7.04,-6.017757613294956,5.02,0.8,73.6
2010-06-04,2219.17,2.57,6.93,-6.068159548247862,5.02,0.8,73.6
2010-06-07,2173.9,2.48,7.14,-6.106109378619762,4.25,0.8,73.6
2010-06-08,2170.57,2.43,7.18,-6.105101565108401,4.25,0.8,73.6
2010-06-09,2158.85,2.44,7.27,-6.0673691499678055,4.25,0.8,73.6
2010-06-10,2218.71,2.46,7.26,-6.056712423580457,4.25,0.8,73.6
2010-06-11,2243.6,2.54,7.19,-6.048842939811719,4.25,0.8,73.6
2010-06-14,2243.96,2.49,7.27,-6.014345816279992,4.29,0.8,73.6
2010-06-15,2305.88,2.51,7.16,-6.018229136257106,4.29,0.8,73.6
2010-06-16,2305.93,2.53,7.03,-6.018064707289268,4.29,0.8,73.6
2010-06-17,2307.16,2.52,6.97,-6.063252796588077,4.29,0.8,73.6
2010-06-18,2309.8,2.49,6.91,-6.078338663175219,4.29,0.8,73.6
2010-06-21,2289.09,2.5,6.82,-6.04434139326958,4.41,0.8,73.6
2010-06-22,2261.8,2.52,6.68,-6.027569551750099,4.41,0.8,73.6
2010-06-23,2254.23,2.47,6.75,-6.0417864961059005,4.41,0.8,73.6
2010-06-24,2217.42,2.47,6.82,-6.027169495807738,4.41,0.8,73.6
2010-06-25,2223.48,2.47,6.89,-6.005897126043131,4.41,0.8,73.6
2010-06-28,2220.65,2.47,6.9,-5.999570946882115,4.33,0.8,73.6
2010-06-29,2135.18,2.43,6.93,-6.049627214900131,4.33,0.8,73.6
2010-06-30,2109.24,2.36,7.06,-6.045638791789731,4.33,0.8,73.6
2010-07-01,2101.36,2.36,7.13,-6.038896555510145,4.33,0.43,76
2010-07-02,2091.79,2.33,7.17,-6.026260189134918,4.33,0.43,76
2010-07-06,2093.88,2.37,7.13,-5.997086546392365,4.74,0.43,76
2010-07-07,2159.47,2.33,7.14,-5.9855599185344595,4.74,0.43,76
2010-07-08,2175.4,2.37,7.1,-5.983055889146515,4.74,0.43,76
2010-07-09,2196.45,2.41,6.98,-5.981921861991761,4.74,0.43,76
2010-07-12,2198.36,2.44,6.88,-5.987385117565146,3.75,0.43,76
2010-07-13,2242.03,2.43,6.85,-5.996835351177107,3.75,0.43,76
2010-07-14,2249.84,2.48,6.7,-5.994451605419262,3.75,0.43,76
2010-07-15,2249.08,2.45,6.68,-5.994365382095616,3.75,0.43,76
2010-07-16,2179.05,2.39,6.73,-6.005363075918935,3.75,0.43,76
2010-07-19,2198.23,2.35,6.77,-5.99714951426651,3.99,0.43,76
2010-07-20,2222.49,2.38,6.77,-5.984023974387,3.99,0.43,76
2010-07-21,2187.33,2.37,6.79,-5.954078554609946,3.99,0.43,76
2010-07-22,2245.89,2.32,6.75,-5.93440836517656,3.99,0.43,76
2010-07-23,2269.47,2.36,6.67,-5.921405846557633,3.99,0.43,76
2010-07-26,2296.43,2.42,6.59,-5.905580788426316,4.37,0.43,76
2010-07-27,2288.25,2.41,6.54,-5.88926965852616,4.37,0.43,76
2010-07-28,2264.56,2.43,6.43,-5.8792506307558625,4.37,0.43,76
2010-07-29,2251.69,2.42,6.47,-5.874896578429767,4.37,0.43,76
2010-07-30,2254.7,2.44,6.48,-5.879168093474694,4.37,0.43,76
2010-08-02,2295.36,2.39,6.59,-5.857153131464854,4.05,0.13,67.8
2010-08-03,2283.52,2.43,6.54,-5.868111090184014,4.05,0.13,67.8
2010-08-04,2303.57,2.41,6.55,-5.861556233033878,4.05,0.13,67.8
2010-08-05,2293.06,2.42,6.49,-5.87948875568002,4.05,0.13,67.8
2010-08-06,2288.47,2.41,6.51,-5.887615170156336,4.05,0.13,67.8
2010-08-09,2305.69,2.36,6.57,-5.882087495204451,3.97,0.13,67.8
2010-08-10,2277.17,2.32,6.54,-5.890705587363054,3.97,0.13,67.8
2010-08-11,2208.63,2.27,6.6,-5.9095249379915415,3.97,0.13,67.8
2010-08-12,2190.27,2.18,6.78,-5.914835363203221,3.97,0.13,67.8
2010-08-13,2173.48,2.19,6.83,-5.924545170201041,3.97,0.13,67.8
2010-08-16,2181.87,2.14,6.87,-5.923984263576934,3.91,0.13,67.8
2010-08-17,2209.44,2.07,6.91,-5.907864774229262,3.91,0.13,67.8
2010-08-18,2215.7,2.12,6.82,-5.907095931510924,3.91,0.13,67.8
2010-08-19,2178.95,2.13,6.78,-5.919637209657957,3.91,0.13,67.8
2010-08-20,2179.76,2.09,6.82,-5.922601892432205,3.91,0.13,67.8
2010-08-23,2159.63,2.13,6.8,-5.922205804035439,3.95,0.13,67.8
2010-08-24,2123.76,2.11,6.82,-5.941647938397982,3.95,0.13,67.8
2010-08-25,2141.54,2,6.93,-5.957332081414525,3.95,0.13,67.8
2010-08-26,2118.69,2.01,6.92,-5.925724921617606,3.95,0.13,67.8
2010-08-27,2153.63,1.99,6.93,-5.908338241779632,3.95,0.13,67.8
2010-08-30,2119.97,2.1,6.81,-5.88980681114542,3.81,0.13,67.8
2010-08-31,2114.03,2.04,6.89,-5.916226057136684,3.81,0.13,67.8
2010-09-01,2176.84,2,6.92,-5.883064029108947,3.81,0,68.9
2010-09-02,2200.01,2.08,6.8,-5.882138710820673,3.81,0,68.9
2010-09-03,2233.75,2.13,6.72,-5.879015474827987,3.81,0,68.9
2010-09-07,2208.89,2.2,6.62,-5.894012614214299,4.07,0,68.9
2010-09-08,2228.87,2.12,6.68,-5.883975086538779,4.07,0,68.9
2010-09-09,2236.2,2.14,6.59,-5.89513017521808,4.07,0,68.9
2010-09-10,2242.48,2.2,6.47,-5.902409531732027,4.07,0,68.9
2010-09-13,2285.71,2.23,6.37,-5.881831238756896,3.78,0,68.9
2010-09-14,2289.77,2.21,6.36,-5.904387643183482,3.78,0,68.9
2010-09-15,2301.32,2.18,6.36,-5.902602593746145,3.78,0,68.9
2010-09-16,2303.25,2.24,6.31,-5.898855738926897,3.78,0,68.9
2010-09-17,2315.61,2.29,6.25,-5.893631312003845,3.78,0,68.9
2010-09-20,2355.83,2.27,6.24,-5.901192304724263,3.62,0,68.9
2010-09-21,2349.35,2.25,6.25,-5.902832678388932,3.62,0,68.9
2010-09-22,2334.55,2.18,6.32,-5.892860026861915,3.62,0,68.9
2010-09-23,2327.08,2.12,6.35,-5.888977863037762,3.62,0,68.9
2010-09-24,2381.22,2.11,6.37,-5.8827355489258455,3.62,0,68.9
2010-09-27,2369.77,2.17,6.32,-5.888941875360899,3.82,0,68.9
2010-09-28,2379.59,2.1,6.36,-5.885324697511979,3.82,0,68.9
2010-09-29,2376.56,2.11,6.36,-5.8801384980915525,3.82,0,68.9
2010-09-30,2368.62,2.08,6.29,-5.882338983978897,3.82,0,68.9
2010-10-01,2370.75,2.11,6.26,-5.87795700825175,3.82,0.03,68.2
2010-10-04,2344.52,2.12,6.22,-5.884404383110922,3.47,0.03,68.2
2010-10-05,2399.83,2.09,6.23,-5.885179293144839,3.47,0.03,68.2
2010-10-06,2380.66,2.09,6.18,-5.88359919462223,3.47,0.03,68.2
2010-10-07,2383.67,2.03,6.15,-5.893909697449833,3.47,0.03,68.2
2010-10-08,2401.91,2.05,6.13,-5.876104391893954,3.47,0.03,68.2
2010-10-11,2402.33,2.06,6.12,-5.878879746548979,3.17,0.03,68.2
2010-10-12,2417.92,2.06,6.11,-5.873178350186049,3.17,0.03,68.2
2010-10-13,2441.23,2.07,6.08,-5.882549611637356,3.17,0.03,68.2
2010-10-14,2435.38,2.09,6.02,-5.889026415925915,3.17,0.03,68.2
2010-10-15,2468.77,2.14,5.97,-5.87881289226717,3.17,0.03,68.2
2010-10-18,2480.66,2.22,5.95,-5.8747266849118365,3.41,0.03,68.2
2010-10-19,2436.95,2.14,6.02,-5.873681511451599,3.41,0.03,68.2
2010-10-20,2457.39,2.13,6.04,-5.8702652437398735,3.41,0.03,68.2
2010-10-21,2459.67,2.16,6.06,-5.859499709798406,3.41,0.03,68.2
2010-10-22,2479.39,2.2,6,-5.855031926020925,3.41,0.03,68.2
2010-10-25,2490.85,2.24,5.96,-5.84815957661919,3.63,0.03,68.2
2010-10-26,2497.29,2.22,5.9,-5.8463834949481654,3.63,0.03,68.2
2010-10-27,2503.26,2.27,5.79,-5.858821950979219,3.63,0.03,68.2
2010-10-28,2507.37,2.35,5.73,-5.8705826555475324,3.63,0.03,68.2
2010-10-29,2507.41,2.32,5.77,-5.896127582426397,3.63,0.03,68.2
2010-11-01,2504.84,2.29,5.93,-5.87725833025133,3.45,0.07,67.7
2010-11-02,2533.52,2.32,5.96,-5.867746049133246,3.45,0.07,67.7
2010-11-03,2540.27,2.29,5.94,-5.867586355441025,3.45,0.07,67.7
2010-11-04,2577.34,2.33,5.92,-5.868033883458091,3.45,0.07,67.7
2010-11-05,2578.98,2.2,5.89,-5.8692475475353625,3.45,0.07,67.7
2010-11-08,2580.05,2.19,5.76,-5.871150825550807,3.44,0.07,67.7
2010-11-09,2562.98,2.26,5.64,-5.8544289121845505,3.44,0.07,67.7
2010-11-10,2578.78,2.21,5.75,-5.86521321676074,3.44,0.07,67.7
2010-11-11,2555.52,2.21,5.75,-5.854678284872689,3.44,0.07,67.7
2010-11-12,2518.21,2.25,5.75,-5.859967444878856,3.44,0.07,67.7
2010-11-15,2513.82,2.39,5.67,-5.854104177246362,3.32,0.07,67.7
2010-11-16,2469.84,2.34,5.89,-5.883492382015858,3.32,0.07,67.7
2010-11-17,2476.01,2.39,5.89,-5.881834603575996,3.32,0.07,67.7
2010-11-18,2514.4,2.38,5.8,-5.866953762452276,3.32,0.07,67.7
2010-11-19,2518.12,2.36,5.81,-5.865783901462502,3.32,0.07,67.7
2010-11-22,2532.02,2.31,5.9,-5.8914652618639005,3.21,0.07,67.7
2010-11-23,2494.95,2.32,6.04,-5.91908986651365,3.21,0.07,67.7
2010-11-24,2543.12,2.4,5.93,-5.901531973624041,3.21,0.07,67.7
2010-11-26,2534.56,2.36,5.94,-5.894980658248729,3.21,0.07,67.7
2010-11-29,2525.22,2.32,6.03,-5.894327882777623,3.42,0.07,67.7
2010-11-30,2498.23,2.36,6.22,-5.892560149529538,3.42,0.13,71.6
2010-12-01,2549.43,2.44,6.02,-5.862752788893096,3.42,0.13,71.6
2010-12-02,2579.35,2.46,5.93,-5.855524770710025,3.42,0.13,71.6
2010-12-03,2591.46,2.54,5.92,-5.862601979900379,3.42,0.13,71.6
2010-12-06,2594.92,2.53,5.95,-5.867369529446449,3.64,0.13,71.6
2010-12-07,2598.49,2.61,5.69,-5.852042095191773,3.64,0.13,71.6
2010-12-08,2609.16,2.63,5.62,-5.821046016874752,3.64,0.13,71.6
2010-12-09,2616.67,2.59,5.6,-5.831260183871839,3.64,0.13,71.6
2010-12-10,2637.54,2.68,5.54,-5.819473685695808,3.64,0.13,71.6
2010-12-13,2624.91,2.68,5.58,-5.806048118185371,3.37,0.13,71.6
2010-12-14,2627.72,2.83,5.42,-5.810069147185701,3.37,0.13,71.6
2010-12-15,2617.22,2.85,5.4,-5.815438918770842,3.37,0.13,71.6
2010-12-16,2637.31,2.81,5.45,-5.808413861590512,3.37,0.13,71.6
2010-12-17,2642.97,2.72,5.54,-5.8039842391486545,3.37,0.13,71.6
2010-12-20,2649.56,2.74,5.52,-5.797737249938799,3.23,0.13,71.6
2010-12-21,2667.61,2.72,5.5,-5.783177350743287,3.23,0.13,71.6
2010-12-22,2671.48,2.71,5.45,-5.782402668562478,3.23,0.13,71.6
2010-12-23,2665.6,2.74,5.37,-5.781284045771211,3.23,0.13,71.6
2010-12-27,2667.27,2.65,5.4,-5.777985012876908,4.26,0.13,71.6
2010-12-28,2662.88,2.75,5.28,-5.783113995328707,4.26,0.13,71.6
2010-12-29,2666.93,2.71,5.4,-5.7925383057234034,4.26,0.13,71.6
2010-12-30,2662.98,2.72,5.32,-5.7753876585573165,4.26,0.13,71.6
2010-12-31,2652.87,2.69,5.41,-5.767167868864235,4.26,0.1,74.5
2011-01-03,2691.52,2.75,5.32,-5.765864250796487,3.6,0.1,74.5
2011-01-04,2681.25,2.73,5.27,-5.754434684673411,3.6,0.1,74.5
2011-01-05,2702.2,2.79,5.11,-5.741842036480546,3.6,0.1,74.5
2011-01-06,2709.89,2.76,5.13,-5.7583540635786425,3.6,0.1,74.5
2011-01-07,2703.17,2.74,5.23,-5.767225825385329,3.6,0.1,74.5
2011-01-10,2707.8,2.73,5.28,-5.775229309560702,3.26,0.1,74.5
2011-01-11,2716.83,2.77,5.22,-5.763003942078188,3.26,0.1,74.5
2011-01-12,2737.33,2.79,5.17,-5.749818101513259,3.26,0.1,74.5
2011-01-13,2735.29,2.75,5.18,-5.758534862106074,3.26,0.1,74.5
2011-01-14,2755.3,2.76,5.12,-5.731279456832045,3.26,0.1,74.5
2011-01-18,2765.85,2.79,5.1,-5.733303271480508,3.21,0.1,74.5
2011-01-19,2725.36,2.77,5.11,-5.7479489844613,3.21,0.1,74.5
2011-01-20,2704.29,2.82,5.03,-5.75318181059376,3.21,0.1,74.5
2011-01-21,2689.54,2.81,5.05,-5.740465024647977,3.21,0.1,74.5
2011-01-24,2717.55,2.78,5.03,-5.733946517661237,3.29,0.1,74.5
2011-01-25,2719.25,2.73,5.06,-5.7534061317723015,3.29,0.1,74.5
2011-01-26,2739.5,2.83,4.98,-5.744276315972845,3.29,0.1,74.5
2011-01-27,2755.28,2.83,4.99,-5.7166454929038,3.29,0.1,74.5
2011-01-28,2686.89,2.82,5.03,-5.726243473165642,3.29,0.1,74.5
2011-01-31,2700.08,2.84,5.08,-5.701499582251782,3.28,-0.13,74.2
2011-02-01,2751.19,2.87,4.99,-5.686181073641578,3.28,-0.13,74.2
2011-02-02,2749.56,2.85,4.89,-5.680704241938567,3.28,-0.13,74.2
2011-02-03,2753.88,2.87,4.83,-5.6961619175941,3.28,-0.13,74.2
2011-02-04,2769.3,2.91,4.68,-5.6855290343468505,3.28,-0.13,74.2
2011-02-07,2783.99,2.9,4.64,-5.685918949691854,2.9,-0.13,74.2
2011-02-08,2797.05,2.89,4.53,-5.697862053898485,2.9,-0.13,74.2
2011-02-09,2789.07,2.84,4.6,-5.709879382659886,2.9,-0.13,74.2
2011-02-10,2790.45,2.85,4.55,-5.703378886384135,2.9,-0.13,74.2
2011-02-11,2809.44,2.79,4.59,-5.70348848670759,2.9,-0.13,74.2
2011-02-14,2817.18,2.75,4.58,-5.686750123483803,3.36,-0.13,74.2
2011-02-15,2804.35,2.77,4.57,-5.713508683912278,3.36,-0.13,74.2
2011-02-16,2825.56,2.76,4.54,-5.728893326103422,3.36,-0.13,74.2
2011-02-17,2831.58,2.78,4.56,-5.7330121129711396,3.36,-0.13,74.2
2011-02-18,2833.95,2.81,4.53,-5.735981948940438,3.36,-0.13,74.2
2011-02-22,2756.42,2.72,4.66,-5.775526969370531,3.01,-0.13,74.2
2011-02-23,2722.99,2.75,4.66,-5.801276791842645,3.01,-0.13,74.2
2011-02-24,2737.9,2.73,4.73,-5.790691120275432,3.01,-0.13,74.2
2011-02-25,2781.05,2.7,4.72,-5.756821345274693,3.01,-0.13,74.2
2011-02-28,2782.27,2.73,4.78,-5.747974742498882,2.8,-0.3,77.5
2011-03-01,2737.41,2.75,4.76,-5.760082249570884,2.8,-0.3,77.5
2011-03-02,2748.07,2.77,4.72,-5.767167039891423,2.8,-0.3,77.5
2011-03-03,2798.74,2.79,4.6,-5.754021018483586,2.8,-0.3,77.5
2011-03-04,2784.67,2.81,4.69,-5.7636002507036705,2.8,-0.3,77.5
2011-03-07,2745.63,2.81,4.69,-5.803697174178672,2.9,-0.3,77.5
2011-03-08,2765.77,2.83,4.64,-5.795941095574338,2.9,-0.3,77.5
2011-03-09,2751.72,2.78,4.71,-5.827093668166738,2.9,-0.3,77.5
2011-03-10,2701.02,2.72,4.85,-5.8186273530510375,2.9,-0.3,77.5
2011-03-11,2715.61,2.76,4.88,-5.822810306412559,2.9,-0.3,77.5
2011-03-14,2700.97,2.76,4.88,-5.829991852139393,2.99,-0.3,77.5
2011-03-15,2667.33,2.75,4.93,-5.819100500974705,2.99,-0.3,77.5
2011-03-16,2616.82,2.7,5.09,-5.806948804025043,2.99,-0.3,77.5
2011-03-17,2636.05,2.64,5.16,-5.778427441951514,2.99,-0.3,77.5
2011-03-18,2643.67,2.65,5.1,-5.788017986412799,2.99,-0.3,77.5
2011-03-21,2692.09,2.67,5.02,-5.807555169497546,3.01,-0.3,77.5
2011-03-22,2683.87,2.67,4.93,-5.8021162739503,3.01,-0.3,77.5
2011-03-23,2698.3,2.66,4.91,-5.7829476120134915,3.01,-0.3,77.5
2011-03-24,2736.42,2.67,4.91,-5.781693161629093,3.01,-0.3,77.5
2011-03-25,2743.06,2.7,4.84,-5.7768554174456,3.01,-0.3,77.5
2011-03-28,2730.68,2.67,4.79,-5.78816588047972,2.74,-0.3,77.5
2011-03-29,2756.89,2.66,4.76,-5.786361583680692,2.74,-0.3,77.5
2011-03-30,2776.79,2.69,4.73,-5.809306757904787,2.74,-0.3,77.5
2011-03-31,2781.07,2.67,4.76,-5.811971256294277,2.74,-0.3,77.5
2011-04-01,2789.6,2.67,4.77,-5.815743210875926,2.74,-0.2,67.5
2011-04-04,2789.19,2.66,4.72,-5.819430665802835,2.98,-0.2,67.5
2011-04-05,2791.19,2.68,4.72,-5.830716547949039,2.98,-0.2,67.5
2011-04-06,2799.82,2.66,4.65,-5.810400780200277,2.98,-0.2,67.5
2011-04-07,2796.14,2.71,4.57,-5.80036462047065,2.98,-0.2,67.5
2011-04-08,2780.42,2.77,4.56,-5.791392238486838,2.98,-0.2,67.5
2011-04-11,2771.51,2.76,4.53,-5.796575560713442,3,-0.2,67.5
2011-04-12,2744.79,2.74,4.53,-5.803951025035458,3,-0.2,67.5
2011-04-13,2761.52,2.75,4.63,-5.825838331513862,3,-0.2,67.5
2011-04-14,2760.22,2.74,4.65,-5.8397618489193635,3,-0.2,67.5
2011-04-15,2764.65,2.74,4.6,-5.855161091722998,3,-0.2,67.5
2011-04-18,2735.38,2.72,4.68,-5.873867594661103,2.9,-0.2,67.5
2011-04-19,2744.97,2.71,4.74,-5.86786459045795,2.9,-0.2,67.5
2011-04-20,2802.51,2.71,4.75,-5.844727650634388,2.9,-0.2,67.5
2011-04-21,2820.16,2.74,4.66,-5.834145976019711,2.9,-0.2,67.5
2011-04-25,2825.88,2.74,4.65,-5.859956271768042,2.83,-0.2,67.5
2011-04-26,2847.54,2.72,4.69,-5.85252710845002,2.83,-0.2,67.5
2011-04-27,2869.88,2.69,4.71,-5.8828268287460554,2.83,-0.2,67.5
2011-04-28,2872.53,2.74,4.67,-5.884185809718475,2.83,-0.2,67.5
2011-04-29,2873.54,2.72,4.73,-5.92005875764462,2.83,-0.2,67.5
2011-05-02,2864.08,2.71,4.76,-5.916448705313329,2.45,0,69.8
2011-05-03,2841.62,2.7,4.74,-5.892172785669257,2.45,0,69.8
2011-05-04,2828.23,2.67,4.76,-5.90412325688254,2.45,0,69.8
2011-05-05,2814.72,2.65,4.76,-5.91494862950098,2.45,0,69.8
2011-05-06,2827.56,2.6,4.8,-5.9274541219452646,2.45,0,69.8
2011-05-09,2843.25,2.62,4.81,-5.924940571467525,2.12,0,69.8
2011-05-10,2871.89,2.6,4.82,-5.927684438616198,2.12,0,69.8
2011-05-11,2845.06,2.64,4.76,-5.949721170876146,2.12,0,69.8
2011-05-12,2863.04,2.63,4.79,-5.938851444464757,2.12,0,69.8
2011-05-13,2828.47,2.65,4.77,-5.926783762389229,2.12,0,69.8
2011-05-16,2782.31,2.61,4.8,-5.9230174661136665,2.52,0,69.8
2011-05-17,2783.21,2.61,4.79,-5.913878075968353,2.52,0,69.8
2011-05-18,2815,2.57,4.82,-5.898210716853176,2.52,0,69.8
2011-05-19,2823.31,2.6,4.79,-5.908806866719309,2.52,0,69.8
2011-05-20,2803.32,2.62,4.8,-5.902919012748461,2.52,0,69.8
2011-05-23,2758.9,2.6,4.82,-5.939267609393557,2.43,0,69.8
2011-05-24,2746.16,2.58,4.87,-5.939095221857876,2.43,0,69.8
2011-05-25,2761.38,2.56,4.89,-5.918170987288475,2.43,0,69.8
2011-05-26,2782.92,2.59,4.92,-5.914639716592601,2.43,0,69.8
2011-05-27,2796.86,2.59,5.01,-5.906037285894746,2.43,0,69.8
2011-05-31,2835.3,2.59,5.01,-5.907744629966935,2.25,0,69.8
2011-06-01,2769.19,2.6,5.09,-5.92904237739341,2.25,0.07,74.3
2011-06-02,2773.31,2.52,5.15,-5.927586843205075,2.25,0.07,74.3
2011-06-03,2732.78,2.59,5.15,-5.921728521676197,2.25,0.07,74.3
2011-06-06,2702.56,2.57,5.24,-5.923023361725638,2.45,0.07,74.3
2011-06-07,2701.56,2.58,5.25,-5.919143885528356,2.45,0.07,74.3
2011-06-08,2675.38,2.62,5.28,-5.925635184674227,2.45,0.07,74.3
2011-06-09,2684.87,2.59,5.38,-5.928474836088608,2.45,0.07,74.3
2011-06-10,2643.73,2.58,5.38,-5.9323027355333755,2.45,0.07,74.3
2011-06-13,2639.69,2.58,5.43,-5.928684300838022,2.4,0.07,74.3
2011-06-14,2678.72,2.6,5.47,-5.905043740692293,2.4,0.07,74.3
2011-06-15,2631.46,2.66,5.37,-5.914197782387266,2.4,0.07,74.3
2011-06-16,2623.7,2.6,5.52,-5.917711469703675,2.4,0.07,74.3
2011-06-17,2616.48,2.55,5.65,-5.9274784493357195,2.4,0.07,74.3
2011-06-20,2629.66,2.56,5.64,-5.936332973354715,2.34,0.07,74.3
2011-06-21,2687.26,2.59,5.67,-5.935506773274226,2.34,0.07,74.3
2011-06-22,2669.19,2.59,5.65,-5.9401455030841435,2.34,0.07,74.3
2011-06-23,2686.75,2.62,5.62,-5.930797370536144,2.34,0.07,74.3
2011-06-24,2652.89,2.58,5.75,-5.903199154051321,2.34,0.07,74.3
2011-06-27,2688.28,2.53,5.8,-5.911730319555348,2.07,0.07,74.3
2011-06-28,2729.31,2.54,5.78,-5.9043198634461564,2.07,0.07,74.3
2011-06-29,2740.49,2.57,5.65,-5.879347248987276,2.07,0.07,74.3
2011-06-30,2773.52,2.67,5.53,-5.860548362483676,2.07,0.07,74.3
2011-07-01,2816.03,2.73,5.42,-5.842356333119062,2.07,0.2,71.5
2011-07-05,2825.77,2.72,5.34,-5.8520504453218525,2.48,0.2,71.5
2011-07-06,2834.02,2.72,5.37,-5.865778391589752,2.48,0.2,71.5
2011-07-07,2872.66,2.69,5.41,-5.842310368903585,2.48,0.2,71.5
2011-07-08,2859.81,2.68,5.27,-5.856248015708901,2.48,0.2,71.5
2011-07-11,2802.62,2.63,5.39,-5.871188709197993,2.28,0.2,71.5
2011-07-12,2781.91,2.57,5.56,-5.874243519042823,2.28,0.2,71.5
2011-07-13,2796.92,2.55,5.6,-5.886255414715025,2.28,0.2,71.5
2011-07-14,2762.67,2.55,5.57,-5.8940002223144194,2.28,0.2,71.5
2011-07-15,2789.8,2.6,5.49,-5.886997456030941,2.28,0.2,71.5
2011-07-18,2765.11,2.57,5.51,-5.896971657577992,2.24,0.2,71.5
2011-07-19,2826.52,2.57,5.54,-5.881505290801054,2.24,0.2,71.5
2011-07-20,2814.23,2.52,5.54,-5.886066459358701,2.24,0.2,71.5
2011-07-21,2834.43,2.56,5.46,-5.891753228479906,2.24,0.2,71.5
2011-07-22,2858.83,2.63,5.36,-5.894821279590458,2.24,0.2,71.5
2011-07-25,2842.8,2.59,5.35,-5.902274261291923,2.23,0.2,71.5
2011-07-26,2839.96,2.61,5.33,-5.889027647912848,2.23,0.2,71.5
2011-07-27,2764.79,2.58,5.35,-5.895034883386909,2.23,0.2,71.5
2011-07-28,2766.25,2.57,5.32,-5.890556448253577,2.23,0.2,71.5
2011-07-29,2756.38,2.56,5.37,-5.8975597862047495,2.23,0.2,71.5
2011-08-01,2744.61,2.46,5.58,-5.907355571266574,2.57,0.23,63.7
2011-08-02,2669.24,2.39,5.63,-5.924724134491972,2.57,0.23,63.7
2011-08-03,2693.07,2.33,5.8,-5.95371755101371,2.57,0.23,63.7
2011-08-04,2556.39,2.31,5.87,-5.970468905300976,2.57,0.23,63.7
2011-08-05,2532.41,2.2,6.16,-5.994496138588849,2.57,0.23,63.7
2011-08-08,2357.69,2.3,6.24,-6.0694955043180565,2.6,0.23,63.7
2011-08-09,2482.52,2.13,6.84,-6.084596950820922,2.6,0.23,63.7
2011-08-10,2381.05,2.01,7.19,-6.128757981284522,2.6,0.23,63.7
2011-08-11,2492.68,1.98,7.3,-6.079810736136673,2.6,0.23,63.7
2011-08-12,2507.98,2.15,7.39,-6.073843659697498,2.6,0.23,63.7
2011-08-15,2555.2,2.04,7.3,-6.077669547476055,2.05,0.23,63.7
2011-08-16,2523.45,2.1,7.1,-6.102380459220116,2.05,0.23,63.7
2011-08-17,2511.48,2.03,7.11,-6.097829022914835,2.05,0.23,63.7
2011-08-18,2380.43,1.98,7.08,-6.129932047722299,2.05,0.23,63.7
2011-08-19,2341.84,1.88,7.23,-6.141968570897885,2.05,0.23,63.7
2011-08-22,2345.38,1.87,7.3,-6.17022987861306,2.04,0.23,63.7
2011-08-23,2446.06,1.88,7.32,-6.1437365865179805,2.04,0.23,63.7
2011-08-24,2467.69,1.93,7.46,-6.085739583122592,2.04,0.23,63.7
2011-08-25,2419.63,2.06,7.45,-6.069033758623174,2.04,0.23,63.7
2011-08-26,2479.85,2.01,7.43,-6.0832977762357885,2.04,0.23,63.7
2011-08-29,2562.11,1.99,7.5,-6.08256391295064,2.29,0.23,63.7
2011-08-30,2576.11,2.08,7.39,-6.090903909189253,2.29,0.23,63.7
2011-08-31,2579.46,1.99,7.39,-6.076844396075356,2.29,0.23,63.7
2011-09-01,2546.04,2.03,7.3,-6.085944062223533,2.29,0.23,55.8
2011-09-02,2480.33,1.96,7.26,-6.120431958343555,2.29,0.23,55.8
2011-09-06,2473.83,1.82,7.34,-6.135259594178131,2.14,0.23,55.8
2011-09-07,2548.94,1.77,7.54,-6.08651067726944,2.14,0.23,55.8
2011-09-08,2529.14,1.84,7.41,-6.105445935284954,2.14,0.23,55.8
2011-09-09,2467.99,1.81,7.42,-6.1411437474763915,2.14,0.23,55.8
2011-09-12,2495.09,1.76,7.51,-6.125271718118743,2.11,0.23,55.8
2011-09-13,2532.15,1.73,7.64,-6.133359794452137,2.11,0.23,55.8
2011-09-14,2572.55,1.79,7.62,-6.149693245149968,2.11,0.23,55.8
2011-09-15,2607.07,1.84,7.55,-6.109668688594482,2.11,0.23,55.8
2011-09-16,2622.31,1.88,7.49,-6.134654411331544,2.11,0.23,55.8
2011-09-19,2612.83,1.9,7.46,-6.153365308050851,2.14,0.23,55.8
2011-09-20,2590.24,1.81,7.61,-6.18538369201557,2.14,0.23,55.8
2011-09-21,2538.19,1.77,7.59,-6.174549627433975,2.14,0.23,55.8
2011-09-22,2455.67,1.67,7.61,-6.213145082340585,2.14,0.23,55.8
2011-09-23,2483.23,1.52,7.95,-6.214486139766025,2.14,0.23,55.8
2011-09-26,2516.69,1.61,8.01,-6.185745976987745,1.97,0.23,55.8
2011-09-27,2546.83,1.66,8,-6.17471845974191,1.97,0.23,55.8
2011-09-28,2491.58,1.75,7.92,-6.211430407439358,1.97,0.23,55.8
2011-09-29,2480.76,1.76,8.03,-6.211089902033334,1.97,0.23,55.8
2011-09-30,2415.4,1.72,8.16,-6.2435630024207205,1.97,0.23,55.8
2011-10-03,2335.83,1.67,8.41,-6.265625208030848,2.39,0.2,59.5
2011-10-04,2404.82,1.56,8.72,-6.255178732209471,2.39,0.2,59.5
2011-10-05,2460.51,1.56,9.1,-6.270090930249955,2.39,0.2,59.5
2011-10-06,2506.82,1.67,8.98,-6.232890589671173,2.39,0.2,59.5
2011-10-07,2479.35,1.72,8.72,-6.214027511401865,2.39,0.2,59.5
2011-10-10,2566.05,1.8,8.55,-6.20673873624294,2.45,0.2,59.5
2011-10-11,2583.03,1.8,8.56,-6.224135580699258,2.45,0.2,59.5
2011-10-12,2604.73,1.86,8.34,-6.206233657955037,2.45,0.2,59.5
2011-10-13,2620.24,1.95,8.07,-6.223638864191773,2.45,0.2,59.5
2011-10-14,2667.85,1.9,8.05,-6.202060882370103,2.45,0.2,59.5
2011-10-17,2614.92,1.98,7.89,-6.207239393818148,2.28,0.2,59.5
2011-10-18,2657.43,1.9,7.88,-6.198285124390261,2.28,0.2,59.5
2011-10-19,2604.04,1.91,7.87,-6.225597219997787,2.28,0.2,59.5
2011-10-20,2598.62,1.9,7.7,-6.268191491343947,2.28,0.2,59.5
2011-10-21,2637.46,1.92,7.64,-6.22975803715573,2.28,0.2,59.5
2011-10-24,2699.44,1.93,7.46,-6.171839201702241,1.95,0.2,59.5
2011-10-25,2638.42,1.95,7.31,-6.208832057265719,1.95,0.2,59.5
2011-10-26,2650.67,1.88,7.29,-6.202210649742584,1.95,0.2,59.5
2011-10-27,2738.63,1.95,7.2,-6.15988760013171,1.95,0.2,59.5
2011-10-28,2737.15,2.11,6.83,-6.155816657687418,1.95,0.2,59.5
2011-10-31,2684.41,2.06,6.85,-6.163314804034641,2.32,0.2,59.5
2011-11-01,2606.96,1.92,7.07,-6.191823728218484,2.32,0.17,60.8
2011-11-02,2639.98,1.78,7.42,-6.1800033558686485,2.32,0.17,60.8
2011-11-03,2697.97,1.8,7.35,-6.198228337098244,2.32,0.17,60.8
2011-11-04,2686.15,1.85,7.25,-6.199826928606263,2.32,0.17,60.8
2011-11-07,2695.25,1.79,7.29,-6.227730503169054,2.23,0.17,60.8
2011-11-08,2727.49,1.85,7.23,-6.232950032268098,2.23,0.17,60.8
2011-11-09,2621.65,1.76,7.48,-6.255102227517802,2.23,0.17,60.8
2011-11-10,2625.15,1.8,7.46,-6.256742805350788,2.23,0.17,60.8
2011-11-11,2678.75,1.8,7.46,-6.246629244100634,2.23,0.17,60.8
2011-11-14,2657.22,1.8,7.44,-6.234140856603253,2.32,0.17,60.8
2011-11-15,2686.2,1.8,7.49,-6.232412387065184,2.32,0.17,60.8
2011-11-16,2639.61,1.75,7.54,-6.232836696033098,2.32,0.17,60.8
2011-11-17,2587.99,1.69,7.62,-6.231580761054573,2.32,0.17,60.8
2011-11-18,2572.5,1.72,7.61,-6.228676804826028,2.32,0.17,60.8
2011-11-21,2523.14,1.7,7.79,-6.230884245240074,2.23,0.17,60.8
2011-11-22,2521.28,1.68,7.9,-6.235921499821723,2.23,0.17,60.8
2011-11-23,2460.08,1.63,8.03,-6.248430354486843,2.23,0.17,60.8
2011-11-25,2441.51,1.69,8,-6.2451462018771,2.23,0.17,60.8
2011-11-28,2527.34,1.71,7.95,-6.23262660392487,2.15,0.17,60.8
2011-11-29,2515.51,1.73,7.95,-6.228462427192351,2.15,0.17,60.8
2011-11-30,2620.34,1.83,7.79,-6.193437454290477,2.15,0,63.7
2011-12-01,2626.2,1.84,7.69,-6.199095069175936,2.15,0,63.7
2011-12-02,2626.93,1.8,7.65,-6.191494653967829,2.15,0,63.7
2011-12-05,2655.76,1.77,7.56,-6.173244307776935,2.01,0,63.7
2011-12-06,2649.56,1.83,7.5,-6.182811582507387,2.01,0,63.7
2011-12-07,2649.21,1.78,7.54,-6.195758897235761,2.01,0,63.7
2011-12-08,2596.38,1.77,7.56,-6.193472011034576,2.01,0,63.7
2011-12-09,2646.85,1.85,7.53,-6.179159320894564,2.01,0,63.7
2011-12-12,2612.26,1.79,7.6,-6.177076489107323,1.76,0,63.7
2011-12-13,2579.27,1.72,7.6,-6.180531186819812,1.76,0,63.7
2011-12-14,2539.31,1.67,7.63,-6.18215170584726,1.76,0,63.7
2011-12-15,2541.01,1.66,7.62,-6.179534269384539,1.76,0,63.7
2011-12-16,2555.33,1.62,7.65,-6.173172986933801,1.76,0,63.7
2011-12-19,2523.14,1.58,7.65,-6.179199363875679,2.34,0,63.7
2011-12-20,2603.73,1.68,7.54,-6.173934482862072,2.34,0,63.7
2011-12-21,2577.97,1.7,7.49,-6.164066511880438,2.34,0,63.7
2011-12-22,2599.45,1.69,7.45,-6.156038164171678,2.34,0,63.7
2011-12-23,2618.64,1.75,7.37,-6.137491403149241,2.34,0,63.7
2011-12-27,2625.2,1.72,7.37,-6.148523452562532,2.43,0,63.7
2011-12-28,2589.98,1.65,7.4,-6.141489317211565,2.43,0,63.7
2011-12-29,2613.74,1.63,7.36,-6.125209195923538,2.43,0,63.7
2011-12-30,2605.15,1.64,7.38,-6.122482597669667,2.43,0,63.7
2012-01-03,2648.72,1.7,7.06,-6.11719850795117,1.86,-0.17,69.9
2012-01-04,2648.36,1.75,7,-6.15179371731467,1.86,-0.17,69.9
2012-01-05,2669.86,1.75,7,-6.158703822672631,1.86,-0.17,69.9
2012-01-06,2674.22,1.73,7,-6.154187240415099,1.86,-0.17,69.9
2012-01-09,2676.56,1.72,6.99,-6.1543383609336555,1.56,-0.17,69.9
2012-01-10,2702.5,1.76,6.92,-6.140784742749686,1.56,-0.17,69.9
2012-01-11,2710.76,1.69,6.98,-6.136387380978166,1.56,-0.17,69.9
2012-01-12,2724.7,1.72,6.93,-6.112682497609075,1.56,-0.17,69.9
2012-01-13,2710.67,1.65,7.02,-6.105666804940246,1.56,-0.17,69.9
2012-01-17,2728.08,1.66,6.99,-6.095644583461497,1.7,-0.17,69.9
2012-01-18,2769.71,1.68,6.93,-6.092090354046694,1.7,-0.17,69.9
2012-01-19,2788.33,1.75,6.77,-6.076121490337709,1.7,-0.17,69.9
2012-01-20,2786.7,1.79,6.69,-6.096558004411971,1.7,-0.17,69.9
2012-01-23,2784.17,1.83,6.62,-6.090930403352994,2.05,-0.17,69.9
2012-01-24,2786.64,1.84,6.62,-6.0803072512279,2.05,-0.17,69.9
2012-01-25,2818.31,1.79,6.63,-6.095708105476172,2.05,-0.17,69.9
2012-01-26,2805.28,1.74,6.58,-6.092606256843705,2.05,-0.17,69.9
2012-01-27,2816.55,1.71,6.57,-6.098995500723334,2.05,-0.17,69.9
2012-01-30,2811.94,1.65,6.65,-6.116466263977489,1.5,-0.17,69.9
2012-01-31,2813.84,1.61,6.61,-6.12950423175219,1.5,-0.2,75
2012-02-01,2848.27,1.64,6.54,-6.121092247461378,1.5,-0.2,75
2012-02-02,2859.68,1.63,6.55,-6.142682756736204,1.5,-0.2,75
2012-02-03,2905.66,1.74,6.42,-6.100451696565449,1.5,-0.2,75
2012-02-06,2901.99,1.69,6.44,-6.1010920492057945,1.71,-0.2,75
2012-02-07,2904.08,1.75,6.36,-6.11165266896064,1.71,-0.2,75
2012-02-08,2915.86,1.74,6.29,-6.093218361802599,1.71,-0.2,75
2012-02-09,2927.23,1.77,6.26,-6.08142494584269,1.71,-0.2,75
2012-02-10,2903.88,1.69,6.35,-6.1019710433814955,1.71,-0.2,75
2012-02-13,2931.39,1.7,6.27,-6.107582206982122,1.75,-0.2,75
2012-02-14,2931.83,1.63,6.27,-6.109931871094833,1.75,-0.2,75
2012-02-15,2915.83,1.64,6.27,-6.119382092373591,1.75,-0.2,75
2012-02-16,2959.85,1.7,6.26,-6.1223215675235805,1.75,-0.2,75
2012-02-17,2951.78,1.72,6.2,-6.143011284833749,1.75,-0.2,75
2012-02-21,2948.57,1.74,6.14,-6.127655959278454,1.77,-0.2,75
2012-02-22,2933.17,1.72,6.15,-6.135690795241739,1.77,-0.2,75
2012-02-23,2956.98,1.68,6.11,-6.151322951580881,1.77,-0.2,75
2012-02-24,2963.75,1.67,6.01,-6.130900039733803,1.77,-0.2,75
2012-02-27,2966.16,1.62,6.05,-6.125535350982244,1.96,-0.2,75
2012-02-28,2986.76,1.64,6.01,-6.122602410689241,1.96,-0.2,75
2012-02-29,2966.89,1.68,5.98,-6.0893023152315395,1.96,-0.13,75.3
2012-03-01,2988.97,1.73,5.94,-6.082336789812631,1.96,-0.13,75.3
2012-03-02,2976.19,1.71,5.97,-6.0823861953936555,1.96,-0.13,75.3
2012-03-05,2950.48,1.69,6.01,-6.090137378813422,1.92,-0.13,75.3
2012-03-06,2910.32,1.66,6.25,-6.103418661751818,1.92,-0.13,75.3
2012-03-07,2935.69,1.68,6.18,-6.102588881906359,1.92,-0.13,75.3
2012-03-08,2970.42,1.71,6.11,-6.104856812466412,1.92,-0.13,75.3
2012-03-09,2988.34,1.71,6.09,-6.09484695105472,1.92,-0.13,75.3
2012-03-12,2983.66,1.71,6.09,-6.0934447631512105,2.02,-0.13,75.3
2012-03-13,3039.88,1.71,6.06,-6.07334855859,2.02,-0.13,75.3
2012-03-14,3040.73,1.79,5.97,-6.056664719108832,2.02,-0.13,75.3
2012-03-15,3056.37,1.89,5.83,-6.0539363092102345,2.02,-0.13,75.3
2012-03-16,3055.26,1.92,5.87,-6.056719997884246,2.02,-0.13,75.3
2012-03-19,3078.32,1.94,5.86,-6.055679243755596,1.66,-0.13,75.3
2012-03-20,3074.15,2,5.79,-6.063715387202902,1.66,-0.13,75.3
2012-03-21,3075.32,1.97,5.8,-6.061808735034551,1.66,-0.13,75.3
2012-03-22,3063.32,1.92,5.85,-6.078094095799496,1.66,-0.13,75.3
2012-03-23,3067.92,1.92,5.91,-6.078782209514257,1.66,-0.13,75.3
2012-03-26,3122.57,1.88,5.93,-6.072110584984626,2.09,-0.13,75.3
2012-03-27,3120.35,1.9,5.91,-6.073626340209158,2.09,-0.13,75.3
2012-03-28,3104.96,1.87,5.93,-6.080281588004869,2.09,-0.13,75.3
2012-03-29,3095.36,1.87,5.93,-6.077416273353746,2.09,-0.13,75.3
2012-03-30,3091.57,1.85,6.02,-6.080157515965102,2.09,-0.13,75.3
2012-04-02,3119.7,1.9,5.99,-6.060023761712763,2.24,-0.1,76.2
2012-04-03,3113.57,1.89,5.99,-6.0559392744271525,2.24,-0.1,76.2
2012-04-04,3068.09,1.94,5.91,-6.0540348682650125,2.24,-0.1,76.2
2012-04-05,3080.5,1.9,5.99,-6.062580487137558,2.24,-0.1,76.2
2012-04-09,3047.08,1.75,6.05,-6.091103078230409,2.3,-0.1,76.2
2012-04-10,2991.22,1.74,6.24,-6.120267311618307,2.3,-0.1,76.2
2012-04-11,3016.46,1.73,6.32,-6.122907278337565,2.3,-0.1,76.2
2012-04-12,3055.55,1.75,6.3,-6.113048083638939,2.3,-0.1,76.2
2012-04-13,3011.33,1.79,6.24,-6.12628749572017,2.3,-0.1,76.2
2012-04-16,2988.4,1.75,6.26,-6.119667199928989,2.26,-0.1,76.2
2012-04-17,3042.82,1.73,6.23,-6.115292099611244,2.26,-0.1,76.2
2012-04-18,3031.45,1.76,6.16,-6.112699496197984,2.26,-0.1,76.2
2012-04-19,3007.56,1.73,6.16,-6.114761109419406,2.26,-0.1,76.2
2012-04-20,3000.45,1.71,6.17,-6.09636524911747,2.26,-0.1,76.2
2012-04-23,2970.45,1.7,6.14,-6.109799002684596,2.2,-0.1,76.2
2012-04-24,2961.6,1.69,6.2,-6.103893284648504,2.2,-0.1,76.2
2012-04-25,3029.63,1.73,6.14,-6.095520157693336,2.2,-0.1,76.2
2012-04-26,3050.61,1.75,6.05,-6.088595112106898,2.2,-0.1,76.2
2012-04-27,3069.2,1.72,6.06,-6.075901807800926,2.2,-0.1,76.2
2012-04-30,3046.36,1.7,6.02,-6.074365560098818,2.5,-0.1,76.2
2012-05-01,3050.44,1.68,6.04,-6.069634210537913,2.5,-0.07,76.4
2012-05-02,3059.85,1.71,5.96,-6.079377726663979,2.5,-0.07,76.4
2012-05-03,3024.3,1.69,5.96,-6.081260231323526,2.5,-0.07,76.4
2012-05-04,2956.34,1.68,5.92,-6.091624786991783,2.5,-0.07,76.4
2012-05-07,2957.76,1.64,5.94,-6.073899636952528,2.8,-0.07,76.4
2012-05-08,2946.27,1.65,5.95,-6.078334287056456,2.8,-0.07,76.4
2012-05-09,2934.71,1.61,6,-6.076800795934678,2.8,-0.07,76.4
2012-05-10,2933.64,1.6,6.04,-6.069180495490328,2.8,-0.07,76.4
2012-05-11,2933.82,1.62,6,-6.073529500162286,2.8,-0.07,76.4
2012-05-14,2902.58,1.57,6.02,-6.085008190782973,2.31,-0.07,76.4
2012-05-15,2893.76,1.49,6.11,-6.092829885840972,2.31,-0.07,76.4
2012-05-16,2874.04,1.47,6.15,-6.090870046501443,2.31,-0.07,76.4
2012-05-17,2813.69,1.46,6.22,-6.11520216101073,2.31,-0.07,76.4
2012-05-18,2778.79,1.38,6.44,-6.128961326517872,2.31,-0.07,76.4
2012-05-21,2847.21,1.39,6.52,-6.117337116862318,2.28,-0.07,76.4
2012-05-22,2839.08,1.45,6.63,-6.113984140932294,2.28,-0.07,76.4
2012-05-23,2850.12,1.49,6.55,-6.1223791502543925,2.28,-0.07,76.4
2012-05-24,2839.38,1.45,6.66,-6.118714402919326,2.28,-0.07,76.4
2012-05-25,2837.53,1.48,6.62,-6.120335663037463,2.28,-0.07,76.4
2012-05-29,2870.99,1.45,6.63,-6.103324691568111,2.55,-0.07,76.4
2012-05-30,2837.36,1.44,6.59,-6.135258365925118,2.55,-0.07,76.4
2012-05-31,2827.34,1.36,6.71,-6.14155324969888,2.55,-0.07,76.4
2012-06-01,2747.48,1.32,6.96,-6.193471852509925,2.55,-0.03,79.3
2012-06-04,2760.01,1.22,7.16,-6.190367455042121,2.16,-0.03,79.3
2012-06-05,2778.11,1.28,7.17,-6.197682447538849,2.16,-0.03,79.3
2012-06-06,2844.72,1.32,7.23,-6.181328859218454,2.16,-0.03,79.3
2012-06-07,2831.02,1.4,7.06,-6.1551695404957245,2.16,-0.03,79.3
2012-06-08,2858.42,1.39,6.95,-6.18300275900686,2.16,-0.03,79.3
2012-06-11,2809.73,1.37,6.95,-6.168888298119238,2.15,-0.03,79.3
2012-06-12,2843.07,1.33,6.9,-6.181724332246973,2.15,-0.03,79.3
2012-06-13,2818.61,1.37,6.9,-6.183989894068461,2.15,-0.03,79.3
2012-06-14,2836.33,1.31,6.91,-6.1796317561372005,2.15,-0.03,79.3
2012-06-15,2872.8,1.34,6.85,-6.176258293047326,2.15,-0.03,79.3
2012-06-18,2895.33,1.31,6.84,-6.172042081647328,2.15,-0.03,79.3
2012-06-19,2929.76,1.3,6.81,-6.158574639433011,2.15,-0.03,79.3
2012-06-20,2930.45,1.34,6.65,-6.167493282839789,2.15,-0.03,79.3
2012-06-21,2859.09,1.33,6.54,-6.162644316629053,2.15,-0.03,79.3
2012-06-22,2892.42,1.31,6.52,-6.1611154247115305,2.15,-0.03,79.3
2012-06-25,2836.16,1.38,6.52,-6.171723261984048,2.32,-0.03,79.3
2012-06-26,2854.06,1.32,6.6,-6.164092933862777,2.32,-0.03,79.3
2012-06-27,2875.32,1.35,6.57,-6.15535587374222,2.32,-0.03,79.3
2012-06-28,2849.49,1.34,6.52,-6.142845588116047,2.32,-0.03,79.3
2012-06-29,2935.05,1.29,6.52,-6.12861800077104,2.32,-0.03,79.3
2012-07-02,2951.23,1.34,6.44,-6.132454006045913,2.41,0,73.2
2012-07-03,2976.08,1.31,6.45,-6.127165195364774,2.41,0,73.2
2012-07-05,2976.12,1.35,6.38,-6.1328557518873374,2.41,0,73.2
2012-07-06,2937.33,1.34,6.4,-6.137918028049272,2.41,0,73.2
2012-07-09,2931.77,1.3,6.44,-6.137925613852039,2.41,0,73.2
2012-07-10,2902.33,1.26,6.44,-6.141866512480578,2.41,0,73.2
2012-07-11,2887.98,1.26,6.4,-6.124805566282681,2.41,0,73.2
2012-07-12,2866.19,1.27,6.37,-6.127655284871424,2.41,0,73.2
2012-07-13,2908.47,1.25,6.41,-6.118841193330184,2.41,0,73.2
2012-07-16,2896.94,1.27,6.41,-6.124027034340286,2.13,0,73.2
2012-07-17,2910.04,1.26,6.39,-6.131207615801546,2.13,0,73.2
2012-07-18,2942.6,1.28,6.36,-6.114033654884941,2.13,0,73.2
2012-07-19,2965.9,1.3,6.33,-6.102861411908364,2.13,0,73.2
2012-07-20,2925.3,1.32,6.25,-6.129156356709823,2.13,0,73.2
2012-07-23,2890.15,1.27,6.28,-6.145657491468963,1.93,0,73.2
2012-07-24,2862.99,1.25,6.38,-6.152916698435458,1.93,0,73.2
2012-07-25,2854.24,1.22,6.4,-6.166561471658655,1.93,0,73.2
2012-07-26,2893.25,1.21,6.4,-6.165290316082792,1.93,0,73.2
2012-07-27,2958.09,1.22,6.35,-6.1575526977165085,1.93,0,73.2
2012-07-30,2945.84,1.33,6.22,-6.1641772447953,2.05,0,73.2
2012-07-31,2939.52,1.3,6.2,-6.157933237344947,2.05,0,73.2
2012-08-01,2920.21,1.28,6.16,-6.165915707250602,2.05,0.07,72.3
2012-08-02,2909.77,1.32,6.1,-6.180889920990278,2.05,0.07,72.3
2012-08-03,2967.9,1.27,6.13,-6.169383951522067,2.05,0.07,72.3
2012-08-06,2989.91,1.36,6.01,-6.167298101174433,2.25,0.07,72.3
2012-08-07,3015.86,1.35,6,-6.150110268216652,2.25,0.07,72.3
2012-08-08,3011.25,1.39,5.91,-6.157630187670625,2.25,0.07,72.3
2012-08-09,3018.64,1.39,5.89,-6.159203405682202,2.25,0.07,72.3
2012-08-10,3020.86,1.4,5.91,-6.1703412186054045,2.25,0.07,72.3
2012-08-13,3022.52,1.38,5.98,-6.175598485693267,2.42,0.07,72.3
2012-08-14,3016.98,1.38,5.96,-6.167614473721453,2.42,0.07,72.3
2012-08-15,3030.93,1.46,5.92,-6.173064342773527,2.42,0.07,72.3
2012-08-16,3062.39,1.53,5.88,-6.171072398030341,2.42,0.07,72.3
2012-08-17,3076.59,1.54,5.89,-6.160316647696001,2.42,0.07,72.3
2012-08-20,3076.21,1.52,5.89,-6.176822131262668,2.11,0.07,72.3
2012-08-21,3067.26,1.53,5.86,-6.164974833504436,2.11,0.07,72.3
2012-08-22,3073.67,1.49,5.83,-6.163078623454444,2.11,0.07,72.3
2012-08-23,3053.4,1.45,5.88,-6.171636335965444,2.11,0.07,72.3
2012-08-24,3069.79,1.42,5.89,-6.174276390849199,2.11,0.07,72.3
2012-08-27,3073.19,1.4,5.87,-6.177900548515944,1.91,0.07,72.3
2012-08-28,3077.14,1.37,5.87,-6.178408377041455,1.91,0.07,72.3
2012-08-29,3081.19,1.37,5.88,-6.180180527572255,1.91,0.07,72.3
2012-08-30,3048.71,1.39,5.84,-6.17532007810102,1.91,0.07,72.3
2012-08-31,3066.96,1.36,5.86,-6.190661519310696,1.91,0.07,72.3
2012-09-04,3075.06,1.35,5.98,-6.192161448364236,2.38,0.03,74.3
2012-09-05,3069.27,1.36,5.94,-6.173833330518867,2.38,0.03,74.3
2012-09-06,3135.81,1.35,5.91,-6.184206057205589,2.38,0.03,74.3
2012-09-07,3136.42,1.41,5.8,-6.168571341790872,2.38,0.03,74.3
2012-09-10,3104.02,1.42,5.74,-6.151696737671481,2.53,0.03,74.3
2012-09-11,3104.53,1.43,5.68,-6.151183373877787,2.53,0.03,74.3
2012-09-12,3114.31,1.45,5.64,-6.151709396568444,2.53,0.03,74.3
2012-09-13,3155.83,1.52,5.51,-6.168888686361956,2.53,0.03,74.3
2012-09-14,3183.95,1.51,5.5,-6.1367417552559065,2.53,0.03,74.3
2012-09-17,3178.67,1.61,5.3,-6.146180166784173,2.24,0.03,74.3
2012-09-18,3177.8,1.6,5.32,-6.147838413034715,2.24,0.03,74.3
2012-09-19,3182.62,1.57,5.33,-6.1410163094281645,2.24,0.03,74.3
2012-09-20,3175.96,1.52,5.34,-6.154694848952736,2.24,0.03,74.3
2012-09-21,3179.96,1.53,5.38,-6.151142284037386,2.24,0.03,74.3
2012-09-24,3160.78,1.5,5.42,-6.1588690171986995,2.17,0.03,74.3
2012-09-25,3117.73,1.47,5.5,-6.15267891444739,2.17,0.03,74.3
2012-09-26,3093.7,1.43,5.56,-6.158394220134353,2.17,0.03,74.3
2012-09-27,3136.6,1.38,5.8,-6.164494944102487,2.17,0.03,74.3
2012-09-28,3116.23,1.41,5.73,-6.157048890503621,2.17,0.03,74.3
2012-10-01,3113.53,1.42,5.74,-6.155042880897243,2.28,-0.1,78.3
2012-10-02,3120.04,1.39,5.71,-6.146629482952768,2.28,-0.1,78.3
2012-10-03,3135.23,1.41,5.72,-6.15347462623313,2.28,-0.1,78.3
2012-10-04,3149.46,1.41,5.68,-6.162285553766442,2.28,-0.1,78.3
2012-10-05,3136.19,1.47,5.62,-6.155623211441963,2.28,-0.1,78.3
2012-10-08,3112.35,1.48,5.55,-6.168764101065537,2.2,-0.1,78.3
2012-10-09,3065.02,1.48,5.54,-6.162720080068145,2.2,-0.1,78.3
2012-10-10,3051.78,1.49,5.56,-6.162776735686981,2.2,-0.1,78.3
2012-10-11,3049.41,1.45,5.61,-6.1569179911733025,2.2,-0.1,78.3
2012-10-12,3044.11,1.42,5.57,-6.16375531702624,2.2,-0.1,78.3
2012-10-15,3064.18,1.42,5.56,-6.151521986838601,2.32,-0.1,78.3
2012-10-16,3101.17,1.43,5.48,-6.15692172329562,2.32,-0.1,78.3
2012-10-17,3104.12,1.48,5.4,-6.147861520545058,2.32,-0.1,78.3
2012-10-18,3072.87,1.53,5.27,-6.144450471163564,2.32,-0.1,78.3
2012-10-19,3005.62,1.57,5.24,-6.1611058187260275,2.32,-0.1,78.3
2012-10-22,3016.96,1.49,5.31,-6.1667093093612815,2.16,-0.1,78.3
2012-10-23,2990.46,1.51,5.28,-6.17147218077154,2.16,-0.1,78.3
2012-10-24,2981.7,1.5,5.41,-6.167319049168264,2.16,-0.1,78.3
2012-10-25,2986.12,1.51,5.39,-6.178913059684109,2.16,-0.1,78.3
2012-10-26,2987.95,1.55,5.33,-6.178411540293409,2.16,-0.1,78.3
2012-10-31,2977.23,1.44,5.46,-6.191805667041041,2.05,-0.1,78.3
2012-11-01,3020.06,1.42,5.63,-6.179949037168581,2.05,-0.13,82.6
2012-11-02,2982.13,1.45,5.57,-6.1762246047158085,2.05,-0.13,82.6
2012-11-05,2999.66,1.44,5.57,-6.184297428584623,1.52,-0.13,82.6
2012-11-06,3011.93,1.48,5.49,-6.192692573100998,1.52,-0.13,82.6
2012-11-07,2937.29,1.41,5.63,-6.210677676301443,1.52,-0.13,82.6
2012-11-08,2895.58,1.35,5.67,-6.209551380285907,1.52,-0.13,82.6
2012-11-09,2904.87,1.34,5.77,-6.219327751617228,1.52,-0.13,82.6
2012-11-12,2904.26,1.34,5.77,-6.212818724514058,1.93,-0.13,82.6
2012-11-13,2883.89,1.32,5.82,-6.208423643835029,1.93,-0.13,82.6
2012-11-14,2846.81,1.34,5.84,-6.216546279742586,1.93,-0.13,82.6
2012-11-15,2836.94,1.34,5.94,-6.204477534721561,1.93,-0.13,82.6
2012-11-16,2853.13,1.34,5.98,-6.208184498023413,1.93,-0.13,82.6
2012-11-19,2916.07,1.36,5.85,-6.197827406500495,2.15,-0.13,82.6
2012-11-20,2916.68,1.39,5.79,-6.1947042289757475,2.15,-0.13,82.6
2012-11-21,2926.55,1.42,5.72,-6.2032162256140095,2.15,-0.13,82.6
2012-11-23,2966.85,1.41,5.71,-6.207439608943579,2.15,-0.13,82.6
2012-11-26,2976.78,1.39,5.68,-6.20400493186865,2.44,-0.13,82.6
2012-11-27,2967.79,1.37,5.65,-6.199823820934951,2.44,-0.13,82.6
2012-11-28,2991.78,1.36,5.66,-6.188304030665954,2.44,-0.13,82.6
2012-11-29,3012.03,1.37,5.58,-6.173127171002546,2.44,-0.13,82.6
2012-11-30,3010.24,1.37,5.65,-6.1510991840439235,2.44,-0.13,82.7
2012-12-03,3002.2,1.38,5.6,-6.153665672933988,2.19,-0.13,82.7
2012-12-04,2996.69,1.37,5.58,-6.1396770021186695,2.19,-0.13,82.7
2012-12-05,2973.7,1.35,5.51,-6.13005230603993,2.19,-0.13,82.7
2012-12-06,2989.27,1.34,5.48,-6.146222611575326,2.19,-0.13,82.7
2012-12-07,2978.04,1.39,5.42,-6.143331118062023,2.19,-0.13,82.7
2012-12-10,2986.96,1.39,5.41,-6.136865316296199,1.75,-0.13,82.7
2012-12-11,3022.3,1.42,5.35,-6.13933720555737,1.75,-0.13,82.7
2012-12-12,3013.81,1.47,5.29,-6.136210072680807,1.75,-0.13,82.7
2012-12-13,2992.16,1.47,5.27,-6.139036255837198,1.75,-0.13,82.7
2012-12-14,2971.33,1.48,5.28,-6.132889627771298,1.75,-0.13,82.7
2012-12-17,3010.6,1.53,5.31,-6.13822299614775,2.19,-0.13,82.7
2012-12-18,3054.53,1.56,5.19,-6.1253123670145975,2.19,-0.13,82.7
2012-12-19,3044.36,1.54,5.19,-6.1367402532528565,2.19,-0.13,82.7
2012-12-20,3050.39,1.53,5.19,-6.1430464812746255,2.19,-0.13,82.7
2012-12-21,3021.01,1.51,5.26,-6.142908214123276,2.19,-0.13,82.7
2012-12-24,3012.6,1.53,5.24,-6.148451423508013,2.42,-0.13,82.7
2012-12-26,2990.16,1.51,5.24,-6.134755319433322,2.42,-0.13,82.7
2012-12-27,2985.91,1.48,5.28,-6.135587731998959,2.42,-0.13,82.7
2012-12-28,2960.31,1.46,5.3,-6.1340870296140375,2.42,-0.13,82.7
2012-12-31,3019.51,1.53,5.34,-6.128634077536469,2.3,0,72.9
2013-01-02,3112.26,1.59,5.16,-6.1137579761675145,2.3,0,72.9
2013-01-03,3100.57,1.65,5.06,-6.110412718455216,2.3,0,72.9
2013-01-04,3101.66,1.66,5.04,-6.101289159920268,2.3,0,72.9
2013-01-07,3098.81,1.65,5.02,-6.103916498471847,2.51,0,72.9
2013-01-08,3091.81,1.64,5.02,-6.115160832360682,2.51,0,72.9
2013-01-09,3105.81,1.64,4.99,-6.111530464418602,2.51,0,72.9
2013-01-10,3121.76,1.65,4.94,-6.114595588519697,2.51,0,72.9
2013-01-11,3125.63,1.63,4.93,-6.119111803872116,2.51,0,72.9
2013-01-14,3117.5,1.63,4.91,-6.129885589442657,2.8,0,72.9
2013-01-15,3110.78,1.6,4.96,-6.137571178118653,2.8,0,72.9
2013-01-16,3117.54,1.58,4.95,-6.1457142495818005,2.8,0,72.9
2013-01-17,3136,1.61,4.88,-6.134947622440316,2.8,0,72.9
2013-01-18,3134.71,1.61,4.89,-6.128066106423331,2.8,0,72.9
2013-01-22,3143.18,1.6,4.88,-6.124692249898718,2.59,0,72.9
2013-01-23,3153.67,1.6,4.85,-6.126394405039052,2.59,0,72.9
2013-01-24,3130.38,1.65,4.82,-6.118557810724247,2.59,0,72.9
2013-01-25,3149.71,1.7,4.73,-6.117247625431442,2.59,0,72.9
2013-01-28,3154.3,1.71,4.72,-6.11241370040432,2.65,0,72.9
2013-01-29,3153.66,1.73,4.78,-6.109021813454486,2.65,0,72.9
2013-01-30,3142.31,1.76,4.84,-6.105745160140367,2.65,0,72.9
2013-01-31,3142.13,1.75,4.95,-6.098832692430296,2.65,0,73.8
2013-02-01,3179.1,1.77,4.94,-6.09002434455472,2.65,0,73.8
2013-02-04,3131.17,1.75,5.01,-6.097726871749529,2.52,0,73.8
2013-02-05,3171.58,1.77,5.01,-6.095597519191462,2.52,0,73.8
2013-02-06,3168.48,1.73,5.04,-6.1066152391291135,2.52,0,73.8
2013-02-07,3165.13,1.74,5.08,-6.105753425197758,2.52,0,73.8
2013-02-08,3193.87,1.74,5.08,-6.094434923113098,2.52,0,73.8
2013-02-11,3192,1.72,5.06,-6.093589477958697,2.16,0,73.8
2013-02-12,3186.49,1.73,5.04,-6.088133554647349,2.16,0,73.8
2013-02-13,3196.88,1.76,4.97,-6.085802614313728,2.16,0,73.8
2013-02-14,3198.66,1.73,4.97,-6.081286908261634,2.16,0,73.8
2013-02-15,3192.03,1.72,4.96,-6.065395700235516,2.16,0,73.8
2013-02-19,3213.59,1.74,4.92,-6.085790297023274,2.31,0,73.8
2013-02-20,3164.41,1.75,4.92,-6.080759899205442,2.31,0,73.8
2013-02-21,3131.49,1.73,4.99,-6.096501340235412,2.31,0,73.8
2013-02-22,3161.82,1.7,4.97,-6.098465381015894,2.31,0,73.8
2013-02-25,3116.25,1.63,4.97,-6.104374814984568,2.2,0,73.8
2013-02-26,3129.65,1.63,5.02,-6.115815062528597,2.2,0,73.8
2013-02-27,3162.26,1.64,4.98,-6.103342884039627,2.2,0,73.8
2013-02-28,3160.19,1.64,4.98,-6.097733740702027,2.2,-0.03,77.6
2013-03-01,3169.74,1.61,5,-6.107246152503702,2.2,-0.03,77.6
2013-03-04,3182.03,1.64,4.98,-6.10716694543427,2.2,-0.03,77.6
2013-03-05,3224.13,1.65,4.92,-6.104907531917907,2.2,-0.03,77.6
2013-03-06,3222.37,1.7,4.88,-6.11118609135584,2.2,-0.03,77.6
2013-03-07,3232.09,1.75,4.81,-6.103471016330639,2.2,-0.03,77.6
2013-03-08,3244.37,1.79,4.76,-6.107885076810463,2.2,-0.03,77.6
2013-03-11,3252.87,1.79,4.76,-6.106305147913974,1.96,-0.03,77.6
2013-03-12,3242.32,1.8,4.75,-6.104343500048408,1.96,-0.03,77.6
2013-03-13,3245.12,1.76,4.76,-6.110602062992864,1.96,-0.03,77.6
2013-03-14,3258.93,1.77,4.75,-6.108791912410407,1.96,-0.03,77.6
2013-03-15,3249.07,1.77,4.71,-6.114520154846294,1.96,-0.03,77.6
2013-03-18,3237.59,1.76,4.72,-6.148652782584022,2.06,-0.03,77.6
2013-03-19,3229.1,1.7,4.77,-6.159404813880287,2.06,-0.03,77.6
2013-03-20,3254.19,1.68,4.78,-6.145076232768205,2.06,-0.03,77.6
2013-03-21,3222.6,1.7,4.76,-6.152329999740093,2.06,-0.03,77.6
2013-03-22,3245,1.68,4.76,-6.138562967775437,2.06,-0.03,77.6
2013-03-25,3235.3,1.67,4.78,-6.14364355608429,2.08,-0.03,77.6
2013-03-26,3252.48,1.69,4.75,-6.138869838795709,2.08,-0.03,77.6
2013-03-27,3256.52,1.67,4.78,-6.145760417498109,2.08,-0.03,77.6
2013-03-28,3267.52,1.62,4.81,-6.150704296442711,2.08,-0.03,77.6
2013-04-01,3239.17,1.62,4.86,-6.1620740848827245,1.83,-0.07,78.6
2013-04-02,3254.86,1.63,4.87,-6.145149992617934,1.83,-0.07,78.6
2013-04-03,3218.6,1.63,4.84,-6.144392929507499,1.83,-0.07,78.6
2013-04-04,3224.98,1.59,4.87,-6.138149392678876,1.83,-0.07,78.6
2013-04-05,3203.86,1.56,4.89,-6.15541412140557,1.83,-0.07,78.6
2013-04-08,3222.25,1.48,4.95,-6.145212552322672,1.83,-0.07,78.6
2013-04-09,3237.86,1.52,4.9,-6.133504243883762,1.83,-0.07,78.6
2013-04-10,3297.25,1.54,4.87,-6.122615988771155,1.83,-0.07,78.6
2013-04-11,3300.16,1.6,4.78,-6.121997054090532,1.83,-0.07,78.6
2013-04-12,3294.95,1.58,4.73,-6.105192939301927,1.83,-0.07,78.6
2013-04-15,3216.49,1.53,4.75,-6.0303414798189845,1.7,-0.07,78.6
2013-04-16,3264.63,1.5,4.79,-6.039599023159705,1.7,-0.07,78.6
2013-04-17,3204.67,1.51,4.78,-6.072556477910028,1.7,-0.07,78.6
2013-04-18,3166.36,1.49,4.8,-6.0742998998392945,1.7,-0.07,78.6
2013-04-19,3206.06,1.48,4.8,-6.0941535603659585,1.7,-0.07,78.6
2013-04-22,3233.55,1.49,4.78,-6.117904421802604,1.95,-0.07,78.6
2013-04-23,3269.33,1.48,4.75,-6.121352063479064,1.95,-0.07,78.6
2013-04-24,3269.65,1.51,4.71,-6.111392186043846,1.95,-0.07,78.6
2013-04-25,3289.99,1.5,4.66,-6.112913665365617,1.95,-0.07,78.6
2013-04-26,3279.26,1.51,4.61,-6.123503226252678,1.95,-0.07,78.6
2013-04-29,3307.02,1.48,4.6,-6.1198494478861365,1.66,-0.07,78.6
2013-04-30,3328.79,1.5,4.53,-6.135208321279423,1.66,-0.07,78.6
2013-05-01,3299.13,1.48,4.55,-6.151765108755368,1.66,-0.13,76.4
2013-05-02,3340.62,1.46,4.5,-6.158531020658317,1.66,-0.13,76.4
2013-05-03,3378.63,1.46,4.45,-6.090757514513233,1.66,-0.13,76.4
2013-05-06,3392.97,1.56,4.33,-6.094556973791697,1.49,-0.13,76.4
2013-05-07,3396.63,1.58,4.3,-6.08381114915486,1.49,-0.13,76.4
2013-05-08,3413.27,1.6,4.24,-6.080470422907861,1.49,-0.13,76.4
2013-05-09,3409.17,1.59,4.24,-6.085944348634115,1.49,-0.13,76.4
2013-05-10,3436.58,1.59,4.23,-6.06017902215661,1.49,-0.13,76.4
2013-05-13,3438.79,1.64,4.23,-6.0566400509221,1.73,-0.13,76.4
2013-05-14,3462.61,1.68,4.35,-6.07129667674403,1.73,-0.13,76.4
2013-05-15,3471.62,1.7,4.35,-6.058249776807907,1.73,-0.13,76.4
2013-05-16,3465.24,1.68,4.36,-6.042571908290552,1.73,-0.13,76.4
2013-05-17,3498.97,1.64,4.42,-6.017821913871611,1.73,-0.13,76.4
2013-05-20,3496.43,1.69,4.37,-6.020864413927543,2.07,-0.13,76.4
2013-05-21,3502.12,1.71,4.34,-6.02107997116157,2.07,-0.13,76.4
2013-05-22,3463.3,1.68,4.35,-6.002642777931098,2.07,-0.13,76.4
2013-05-23,3459.42,1.77,4.27,-6.043219296752018,2.07,-0.13,76.4
2013-05-24,3459.14,1.76,4.42,-6.042052084997753,2.07,-0.13,76.4
2013-05-28,3488.89,1.75,4.44,-6.03058373520987,1.69,-0.13,76.4
2013-05-29,3467.52,1.86,4.35,-6.044980876758237,1.69,-0.13,76.4
2013-05-30,3491.3,1.83,4.55,-6.054153976226402,1.69,-0.13,76.4
2013-05-31,3455.91,1.82,4.54,-6.047567819144507,1.69,-0.13,76.4
2013-06-03,3465.37,1.86,4.62,-6.049569151144382,2.12,-0.03,84.5
2013-06-04,3445.26,1.83,4.76,-6.027609548508261,2.12,-0.03,84.5
2013-06-05,3401.48,1.82,4.79,-6.027797763449515,2.12,-0.03,84.5
2013-06-06,3424.05,1.8,5.03,-6.055786488602251,2.12,-0.03,84.5
2013-06-07,3469.22,1.78,5.08,-6.0476791675941115,2.12,-0.03,84.5
2013-06-10,3473.77,1.85,4.89,-6.058295255590438,1.8,-0.03,84.5
2013-06-11,3436.95,1.9,4.86,-6.066075410899157,1.8,-0.03,84.5
2013-06-12,3400.43,1.86,5.08,-6.067408863904205,1.8,-0.03,84.5
2013-06-13,3445.37,1.91,5.02,-6.069791014134969,1.8,-0.03,84.5
2013-06-14,3423.56,1.87,5.11,-6.071711465118875,1.8,-0.03,84.5
2013-06-17,3452.13,1.85,5.04,-6.069713381159802,2.28,-0.03,84.5
2013-06-18,3482.18,1.92,4.97,-6.071312185165431,2.28,-0.03,84.5
2013-06-19,3443.2,1.93,4.96,-6.080940252225785,2.28,-0.03,84.5
2013-06-20,3364.63,2.02,4.85,-6.040379116465271,2.28,-0.03,84.5
2013-06-21,3357.25,2.08,5.12,-6.033997240365397,2.28,-0.03,84.5
2013-06-24,3320.76,2.14,5.09,-6.0456013729373845,2.16,-0.03,84.5
2013-06-25,3347.89,2.15,5.34,-6.028288323431443,2.16,-0.03,84.5
2013-06-26,3376.22,2.17,5.34,-6.002420424824142,2.16,-0.03,84.5
2013-06-27,3401.86,2.16,5.29,-5.981445575232624,2.16,-0.03,84.5
2013-06-28,3403.25,2.13,5.23,-5.992036746412432,2.16,-0.03,84.5
2013-07-01,3434.49,2.16,5.21,-5.985826255419064,2.38,0,84.1
2013-07-02,3433.4,2.16,5.17,-5.980427084019807,2.38,0,84.1
2013-07-03,3443.67,2.14,5.15,-5.977267536637249,2.38,0,84.1
2013-07-05,3479.38,2.16,5.15,-5.9805569882745715,2.38,0,84.1
2013-07-08,3484.83,2.33,5.04,-5.98750446596394,2.22,0,84.1
2013-07-09,3504.26,2.28,5.11,-6.007729015361169,2.22,0,84.1
2013-07-10,3520.76,2.28,5.04,-6.0003220009420435,2.22,0,84.1
2013-07-11,3578.3,2.32,4.98,-5.998442504780274,2.22,0,84.1
2013-07-12,3600.08,2.26,4.9,-6.003750100907626,2.22,0,84.1
2013-07-15,3607.49,2.24,4.8,-6.011691105309774,2.23,0,84.1
2013-07-16,3598.5,2.23,4.77,-6.003784391038788,2.23,0,84.1
2013-07-17,3610,2.21,4.72,-6.0121066656215785,2.23,0,84.1
2013-07-18,3611.28,2.2,4.68,-6.016379112376618,2.23,0,84.1
2013-07-19,3587.61,2.24,4.57,-6.020420236340345,2.23,0,84.1
2013-07-22,3600.39,2.18,4.56,-6.038983065072464,2.52,0,84.1
2013-07-23,3579.27,2.18,4.53,-6.033936212068343,2.52,0,84.1
2013-07-24,3579.6,2.2,4.5,-6.028441474014713,2.52,0,84.1
2013-07-25,3605.19,2.27,4.55,-6.033422295724679,2.52,0,84.1
2013-07-26,3613.16,2.29,4.65,-6.053348001027123,2.52,0,84.1
2013-07-29,3599.14,2.27,4.71,-6.057911945099862,2.12,0,84.1
2013-07-30,3616.47,2.28,4.69,-6.076501589793894,2.12,0,84.1
2013-07-31,3626.37,2.3,4.66,-6.042717757318756,2.12,0,84.1
2013-08-01,3675.74,2.29,4.71,-6.026229065970799,2.12,-0.03,85.1
2013-08-02,3689.59,2.39,4.63,-6.023644102157055,2.12,-0.03,85.1
2013-08-05,3692.95,2.33,4.74,-6.018863521296097,2.08,-0.03,85.1
2013-08-06,3665.77,2.35,4.74,-6.001889064443866,2.08,-0.03,85.1
2013-08-07,3654.01,2.35,4.76,-6.004069920515028,2.08,-0.03,85.1
2013-08-08,3669.12,2.29,4.81,-5.9927631989844725,2.08,-0.03,85.1
2013-08-09,3660.11,2.28,4.8,-5.983570168778197,2.08,-0.03,85.1
2013-08-12,3669.95,2.25,4.8,-6.001255993866763,2.07,-0.03,85.1
2013-08-13,3684.44,2.29,4.78,-5.986704971772271,2.07,-0.03,85.1
2013-08-14,3669.27,2.37,4.72,-5.989516543195351,2.07,-0.03,85.1
2013-08-15,3606.12,2.37,4.69,-6.010679500839904,2.07,-0.03,85.1
2013-08-16,3602.78,2.41,4.74,-6.010462246804182,2.07,-0.03,85.1
2013-08-19,3589.09,2.48,4.7,-6.015849672379782,2.17,-0.03,85.1
2013-08-20,3613.59,2.52,4.71,-6.019090205234891,2.17,-0.03,85.1
2013-08-21,3599.79,2.46,4.8,-6.026748780726483,2.17,-0.03,85.1
2013-08-22,3638.71,2.49,4.77,-6.020177486008102,2.17,-0.03,85.1
2013-08-23,3657.79,2.48,4.73,-6.032710522215083,2.17,-0.03,85.1
2013-08-26,3657.57,2.42,4.75,-6.0394725895351025,2.44,-0.03,85.1
2013-08-27,3578.52,2.38,4.75,-6.056031233689372,2.44,-0.03,85.1
2013-08-28,3593.35,2.34,4.82,-6.063189812246978,2.44,-0.03,85.1
2013-08-29,3620.3,2.38,4.77,-6.071519050920642,2.44,-0.03,85.1
2013-08-30,3589.87,2.36,4.76,-6.068027415251306,2.44,-0.03,85.1
2013-09-03,3612.61,2.39,4.78,-6.057477242124817,2.64,-0.1,82.1
2013-09-04,3649.04,2.43,4.69,-6.061177101965327,2.64,-0.1,82.1
2013-09-05,3658.78,2.44,4.64,-6.047946269514805,2.64,-0.1,82.1
2013-09-06,3660.01,2.46,4.59,-6.052350652801819,2.64,-0.1,82.1
2013-09-09,3706.18,2.48,4.63,-6.04744862243818,2.57,-0.1,82.1
2013-09-10,3729.02,2.45,4.66,-6.035683065754595,2.57,-0.1,82.1
2013-09-11,3725.01,2.46,4.6,-6.0372236737924565,2.57,-0.1,82.1
2013-09-12,3715.97,2.46,4.63,-6.027114310165863,2.57,-0.1,82.1
2013-09-13,3722.18,2.47,4.61,-6.012469180338699,2.57,-0.1,82.1
2013-09-16,3717.85,2.45,4.6,-6.013716673724937,2.76,-0.1,82.1
2013-09-17,3745.7,2.47,4.54,-6.00701169317369,2.76,-0.1,82.1
2013-09-18,3783.64,2.47,4.59,-5.988562674128518,2.76,-0.1,82.1
2013-09-19,3789.38,2.35,4.67,-6.013990517108998,2.76,-0.1,82.1
2013-09-20,3774.73,2.42,4.51,-5.994696782041368,2.76,-0.1,82.1
2013-09-23,3765.29,2.41,4.54,-5.997208214651419,2.37,-0.1,82.1
2013-09-24,3768.25,2.37,4.6,-6.001927050427043,2.37,-0.1,82.1
2013-09-25,3761.1,2.32,4.65,-6.012183624750876,2.37,-0.1,82.1
2013-09-26,3787.43,2.27,4.7,-5.992446828346055,2.37,-0.1,82.1
2013-09-27,3781.59,2.32,4.69,-5.997005557166671,2.37,-0.1,82.1
2013-09-30,3771.48,2.3,4.75,-5.989808044959751,2.26,-0.1,82.1
2013-10-01,3817.98,2.31,4.83,-5.973357183323098,2.26,-0.13,77.5
2013-10-02,3815.02,2.33,4.78,-5.987157940776711,2.26,-0.13,77.5
2013-10-03,3774.34,2.32,4.78,-5.999236014792784,2.26,-0.13,77.5
2013-10-04,3807.75,2.29,4.75,-5.983480624532548,2.26,-0.13,77.5
2013-10-07,3770.38,2.33,4.7,-5.996381907699373,2.43,-0.13,77.5
2013-10-08,3694.83,2.28,4.69,-5.99721865141558,2.43,-0.13,77.5
2013-10-09,3677.78,2.26,4.68,-6.002851037263377,2.43,-0.13,77.5
2013-10-10,3760.75,2.31,4.67,-5.989538729003248,2.43,-0.13,77.5
2013-10-11,3791.87,2.36,4.61,-5.9608697235238575,2.43,-0.13,77.5
2013-10-14,3815.27,2.35,4.62,-5.957124426413304,2.19,-0.13,77.5
2013-10-15,3794.01,2.35,4.6,-5.953096078400964,2.19,-0.13,77.5
2013-10-16,3839.43,2.38,4.54,-5.960066842303625,2.19,-0.13,77.5
2013-10-17,3863.15,2.35,4.55,-5.994644200025362,2.19,-0.13,77.5
2013-10-18,3914.28,2.28,4.53,-5.987668323583032,2.19,-0.13,77.5
2013-10-21,3920.05,2.27,4.46,-5.987217612164094,2.14,-0.13,77.5
2013-10-22,3929.57,2.3,4.41,-5.997740718337218,2.14,-0.13,77.5
2013-10-23,3907.07,2.23,4.44,-6.011912059959329,2.14,-0.13,77.5
2013-10-24,3928.96,2.2,4.44,-6.025281829873862,2.14,-0.13,77.5
2013-10-25,3943.36,2.2,4.4,-6.025225882978563,2.14,-0.13,77.5
2013-10-28,3940.13,2.21,4.42,-6.025004046914504,2.63,-0.13,77.5
2013-10-29,3952.34,2.22,4.44,-6.017287489845322,2.63,-0.13,77.5
2013-10-30,3930.62,2.22,4.45,-6.005721179694403,2.63,-0.13,77.5
2013-10-31,3919.71,2.22,4.43,-5.994112152573036,2.63,-0.13,77.5
2013-11-01,3922.04,2.26,4.36,-5.986754365946649,2.63,-0.03,73.2
2013-11-04,3936.59,2.31,4.33,-6.001786134211344,3.15,-0.03,73.2
2013-11-05,3939.86,2.37,4.33,-5.995064014903884,3.15,-0.03,73.2
2013-11-06,3931.95,2.37,4.35,-6.009071983535613,3.15,-0.03,73.2
2013-11-07,3857.33,2.34,4.34,-5.998443370631752,3.15,-0.03,73.2
2013-11-08,3919.23,2.45,4.38,-5.978317656026846,3.15,-0.03,73.2
2013-11-11,3919.79,2.45,4.38,-5.973900553479931,2.36,-0.03,73.2
2013-11-12,3919.92,2.46,4.35,-5.973996854067591,2.36,-0.03,73.2
2013-11-13,3965.58,2.43,4.42,-5.99509775543282,2.36,-0.03,73.2
2013-11-14,3972.74,2.4,4.41,-6.008794916154454,2.36,-0.03,73.2
2013-11-15,3985.97,2.4,4.38,-6.006332964062305,2.36,-0.03,73.2
2013-11-18,3949.07,2.36,4.35,-6.001337855068808,2.47,-0.03,73.2
2013-11-19,3931.55,2.42,4.31,-5.999743719177003,2.47,-0.03,73.2
2013-11-20,3921.27,2.52,4.29,-5.986864650029013,2.47,-0.03,73.2
2013-11-21,3969.15,2.5,4.32,-5.965274652470624,2.47,-0.03,73.2
2013-11-22,3991.65,2.44,4.3,-5.958651388605125,2.47,-0.03,73.2
2013-11-25,3994.57,2.44,4.27,-5.952900982326489,3.55,-0.03,73.2
2013-11-26,4017.75,2.42,4.27,-5.956478786664231,3.55,-0.03,73.2
2013-11-27,4044.75,2.46,4.24,-5.9609940302115,3.55,-0.03,73.2
2013-11-29,4059.89,2.47,4.23,-5.966506688734634,3.55,-0.03,73.2
2013-12-02,4045.26,2.51,4.19,-5.950495251873052,2.15,-0.1,75.1
2013-12-03,4037.2,2.51,4.22,-5.954319027317036,2.15,-0.1,75.1
2013-12-04,4038,2.54,4.19,-5.950309061056603,2.15,-0.1,75.1
2013-12-05,4033.16,2.58,4.16,-5.943985645477538,2.15,-0.1,75.1
2013-12-06,4062.52,2.58,4.13,-5.935762758227586,2.15,-0.1,75.1
2013-12-09,4068.75,2.56,4.11,-5.937064755707113,2.12,-0.1,75.1
2013-12-10,4060.49,2.51,4.15,-5.956020559663161,2.12,-0.1,75.1
2013-12-11,4003.81,2.55,4.11,-5.944236136968942,2.12,-0.1,75.1
2013-12-12,3998.4,2.55,4.11,-5.9180565854830025,2.12,-0.1,75.1
2013-12-13,4000.98,2.54,4.12,-5.920950073436782,2.12,-0.1,75.1
2013-12-16,4029.52,2.55,4.09,-5.923586622454942,2.37,-0.1,75.1
2013-12-17,4023.68,2.51,4.15,-5.914434257751581,2.37,-0.1,75.1
2013-12-18,4070.06,2.57,4.14,-5.91916271632424,2.37,-0.1,75.1
2013-12-19,4058.13,2.59,4.07,-5.892171327938859,2.37,-0.1,75.1
2013-12-20,4104.74,2.52,4.04,-5.8968116482242445,2.37,-0.1,75.1
2013-12-23,4148.9,2.56,4,-5.891381088550999,2.74,-0.1,75.1
2013-12-24,4155.42,2.61,3.96,-5.876724077320341,2.74,-0.1,75.1
2013-12-26,4167.18,2.58,3.96,-5.876940502947982,2.74,-0.1,75.1
2013-12-27,4156.59,2.62,3.96,-5.882322065255205,2.74,-0.1,75.1
2013-12-30,4154.2,2.6,3.97,-5.874623418050865,2.54,-0.1,75.1
2013-12-31,4176.59,2.66,4,-5.869246178331644,2.54,-0.17,82.5
2014-01-02,4143.07,2.61,4,-5.892539976925763,2.54,-0.17,82.5
2014-01-03,4131.91,2.6,3.98,-5.911285218080315,2.54,-0.17,82.5
2014-01-06,4113.68,2.58,3.96,-5.909460299866474,2.1,-0.17,82.5
2014-01-07,4153.18,2.56,3.92,-5.902652038846319,2.1,-0.17,82.5
2014-01-08,4165.61,2.58,3.87,-5.904385172974206,2.1,-0.17,82.5
2014-01-09,4156.19,2.53,3.88,-5.9206621322264645,2.1,-0.17,82.5
2014-01-10,4174.66,2.49,3.95,-5.921995942033553,2.1,-0.17,82.5
2014-01-13,4113.3,2.45,3.97,-5.923863419764794,1.6,-0.17,82.5
2014-01-14,4183.02,2.49,3.92,-5.922439557941852,1.6,-0.17,82.5
2014-01-15,4214.88,2.49,3.87,-5.910149191565703,1.6,-0.17,82.5
2014-01-16,4218.69,2.45,3.88,-5.916308905921817,1.6,-0.17,82.5
2014-01-17,4197.58,2.44,3.88,-5.925100470689291,1.6,-0.17,82.5
2014-01-21,4225.76,2.45,3.86,-5.915058410175619,1.7,-0.17,82.5
2014-01-22,4243,2.43,3.82,-5.916664788734724,1.7,-0.17,82.5
2014-01-23,4218.87,2.4,3.92,-5.95117188540303,1.7,-0.17,82.5
2014-01-24,4128.17,2.38,4.08,-5.9570252929901955,1.7,-0.17,82.5
2014-01-27,4083.61,2.41,4.09,-5.960141378609176,2.21,-0.17,82.5
2014-01-28,4097.96,2.39,4.08,-5.951960978092472,2.21,-0.17,82.5
2014-01-29,4051.43,2.33,4.15,-5.964883870264505,2.21,-0.17,82.5
2014-01-30,4123.13,2.36,4.12,-5.953482799577026,2.21,-0.17,82.5
2014-01-31,4103.88,2.33,4.21,-5.960492485190114,2.21,-0.2,81.2
2014-02-03,3996.96,2.31,4.28,-5.980806411241641,2.1,-0.2,81.2
2014-02-04,4031.52,2.33,4.31,-5.971210690203485,2.1,-0.2,81.2
2014-02-05,4011.55,2.38,4.28,-5.976853064157603,2.1,-0.2,81.2
2014-02-06,4057.12,2.4,4.21,-5.964469813147274,2.1,-0.2,81.2
2014-02-07,4125.86,2.41,4.2,-5.966827943455879,2.1,-0.2,81.2
2014-02-10,4148.17,2.38,4.16,-5.97968823632058,1.95,-0.2,81.2
2014-02-11,4191.04,2.4,4.08,-5.9944150888866945,1.95,-0.2,81.2
2014-02-12,4201.29,2.45,4.01,-5.985766525993344,1.95,-0.2,81.2
2014-02-13,4240.67,2.41,4.07,-5.991541467226477,1.95,-0.2,81.2
2014-02-14,4244.03,2.43,4.03,-6.0012192350346485,1.95,-0.2,81.2
2014-02-18,4272.78,2.4,4.01,-5.999195958317306,2.05,-0.2,81.2
2014-02-19,4237.95,2.4,3.95,-5.996171152623253,2.05,-0.2,81.2
2014-02-20,4267.55,2.42,3.92,-5.995497270853663,2.05,-0.2,81.2
2014-02-21,4263.41,2.4,3.9,-5.996919106086255,2.05,-0.2,81.2
2014-02-24,4292.97,2.4,3.85,-6.014141255779012,2.19,-0.2,81.2
2014-02-25,4287.59,2.36,3.84,-6.021170824288364,2.19,-0.2,81.2
2014-02-26,4292.06,2.34,3.84,-6.014468074957293,2.19,-0.2,81.2
2014-02-27,4318.93,2.32,3.83,-6.030823428688796,2.19,-0.2,81.2
2014-02-28,4308.12,2.33,3.81,-6.027361492282169,2.19,-0.1,81.6
2014-03-03,4277.3,2.28,3.87,-6.053719765194395,2.37,-0.1,81.6
2014-03-04,4351.97,2.37,3.79,-6.031184674879969,2.37,-0.1,81.6
2014-03-05,4357.97,2.37,3.78,-6.036716993695698,2.37,-0.1,81.6
2014-03-06,4352.13,2.37,3.78,-6.040432268096063,2.37,-0.1,81.6
2014-03-07,4336.22,2.42,3.79,-6.073339750292354,2.37,-0.1,81.6
2014-03-10,4334.45,2.42,3.79,-6.09248612333603,2.7,-0.1,81.6
2014-03-11,4307.19,2.42,3.82,-6.12292952771777,2.7,-0.1,81.6
2014-03-12,4323.33,2.4,3.82,-6.137066199897234,2.7,-0.1,81.6
2014-03-13,4260.42,2.36,3.87,-6.151705824855186,2.7,-0.1,81.6
2014-03-14,4245.4,2.32,3.92,-6.147139230278215,2.7,-0.1,81.6
2014-03-17,4279.95,2.29,3.96,-6.142197663165334,2.86,-0.1,81.6
2014-03-18,4333.31,2.32,3.9,-6.132190898452537,2.86,-0.1,81.6
2014-03-19,4307.6,2.32,3.87,-6.107125032674072,2.86,-0.1,81.6
2014-03-20,4319.29,2.31,3.74,-6.118819743870044,2.86,-0.1,81.6
2014-03-21,4276.79,2.34,3.79,-6.115460706581505,2.86,-0.1,81.6
2014-03-24,4226.39,2.3,3.76,-6.098419445450015,2.72,-0.1,81.6
2014-03-25,4234.27,2.27,3.75,-6.078406604332439,2.72,-0.1,81.6
2014-03-26,4173.58,2.28,3.73,-6.085685861601636,2.72,-0.1,81.6
2014-03-27,4151.23,2.26,3.75,-6.06975805819404,2.72,-0.1,81.6
2014-03-28,4155.76,2.24,3.77,-6.05337447266977,2.72,-0.1,81.6
2014-03-31,4198.99,2.28,3.73,-6.050503341797438,2.86,-0.1,81.6
2014-04-01,4268.04,2.29,3.77,-6.04456869061989,2.86,0,80
2014-04-02,4276.46,2.33,3.73,-6.0493523688834046,2.86,0,80
2014-04-03,4237.74,2.35,3.66,-6.050630634784111,2.86,0,80
2014-04-04,4127.73,2.34,3.64,-6.066723929866746,2.86,0,80
2014-04-07,4079.75,2.31,3.68,-6.057117967159567,2.83,0,80
2014-04-08,4112.99,2.3,3.72,-6.061625751451521,2.83,0,80
2014-04-09,4183.9,2.29,3.73,-6.06377755116275,2.83,0,80
2014-04-10,4054.11,2.34,3.74,-6.072264830575326,2.83,0,80
2014-04-11,3999.73,2.28,3.77,-6.072278337938692,2.83,0,80
2014-04-14,4022.69,2.26,3.82,-6.0767311707428044,2.7,0,80
2014-04-15,4034.16,2.28,3.76,-6.075913368799645,2.7,0,80
2014-04-16,4086.23,2.25,3.75,-6.0657318662933175,2.7,0,80
2014-04-17,4095.52,2.26,3.73,-6.051915291160047,2.7,0,80
2014-04-21,4121.55,2.3,3.68,-6.048390159177585,2.35,0,80
2014-04-22,4161.46,2.31,3.67,-6.0391858891813355,2.35,0,80
2014-04-23,4126.97,2.28,3.65,-6.040114599654926,2.35,0,80
2014-04-24,4148.34,2.27,3.68,-6.024869260109779,2.35,0,80
2014-04-25,4075.56,2.27,3.66,-6.0314604684065465,2.35,0,80
2014-04-28,4074.4,2.25,3.69,-6.034727290479457,2.7,0,80
2014-04-29,4103.54,2.26,3.68,-6.04461504845765,2.7,0,80
2014-04-30,4114.56,2.27,3.66,-6.0592235169962585,2.7,0,80
2014-05-01,4127.45,2.25,3.71,-6.051514688496939,2.7,-0.1,84.1
2014-05-02,4123.9,2.22,3.75,-6.05067026660978,2.7,-0.1,84.1
2014-05-05,4138.06,2.18,3.73,-6.060959448552655,2.8,-0.1,84.1
2014-05-06,4080.76,2.2,3.74,-6.0592790995269405,2.8,-0.1,84.1
2014-05-07,4067.67,2.18,3.72,-6.052157058574666,2.8,-0.1,84.1
2014-05-08,4051.5,2.21,3.74,-6.041381384408893,2.8,-0.1,84.1
2014-05-09,4071.87,2.21,3.75,-6.03463215052064,2.8,-0.1,84.1
2014-05-12,4143.86,2.22,3.74,-6.01963983393601,2.9,-0.1,84.1
2014-05-13,4130.17,2.25,3.7,-6.023322871051151,2.9,-0.1,84.1
2014-05-14,4100.63,2.22,3.7,-6.024075709627541,2.9,-0.1,84.1
2014-05-15,4069.29,2.15,3.73,-6.019529413261476,2.9,-0.1,84.1
2014-05-16,4090.59,2.12,3.78,-6.018580070930223,2.9,-0.1,84.1
2014-05-19,4125.82,2.14,3.77,-6.0125541360533825,2.43,-0.1,84.1
2014-05-20,4096.89,2.18,3.76,-6.020143155959006,2.43,-0.1,84.1
2014-05-21,4131.54,2.17,3.77,-6.0221294651011,2.43,-0.1,84.1
2014-05-22,4154.34,2.17,3.77,-6.021406434300209,2.43,-0.1,84.1
2014-05-23,4185.81,2.19,3.78,-6.010771826024813,2.43,-0.1,84.1
2014-05-27,4237.07,2.17,3.78,-5.987127855903706,2.74,-0.1,84.1
2014-05-28,4225.07,2.13,3.76,-5.983476210247413,2.74,-0.1,84.1
2014-05-29,4247.95,2.07,3.8,-5.990907864919365,2.74,-0.1,84.1
2014-05-30,4242.62,2.08,3.78,-5.988739531395911,2.74,-0.1,84.1
2014-06-02,4237.2,2.11,3.67,-5.972197969141176,2.69,-0.13,81.9
2014-06-03,4234.08,2.15,3.61,-5.983222192599106,2.69,-0.13,81.9
2014-06-04,4251.64,2.19,3.59,-5.997186908078653,2.69,-0.13,81.9
2014-06-05,4296.23,2.2,3.59,-6.005202461500286,2.69,-0.13,81.9
2014-06-06,4321.4,2.19,3.59,-6.017427427224487,2.69,-0.13,81.9
2014-06-09,4336.24,2.19,3.53,-6.02100580424465,2.58,-0.13,81.9
2014-06-10,4338,2.19,3.5,-6.022821648122907,2.58,-0.13,81.9
2014-06-11,4331.93,2.19,3.46,-6.027796952092879,2.58,-0.13,81.9
2014-06-12,4297.63,2.21,3.46,-6.046151182223205,2.58,-0.13,81.9
2014-06-13,4310.65,2.16,3.5,-6.0415977365844284,2.58,-0.13,81.9
2014-06-16,4321.11,2.15,3.47,-6.035795133413534,2.49,-0.13,81.9
2014-06-17,4337.23,2.12,3.43,-6.029604083936792,2.49,-0.13,81.9
2014-06-18,4362.84,2.15,3.39,-6.030480991033712,2.49,-0.13,81.9
2014-06-19,4359.33,2.13,3.41,-6.056464834280464,2.49,-0.13,81.9
2014-06-20,4368.04,2.16,3.39,-6.044494279514114,2.49,-0.13,81.9
2014-06-23,4368.68,2.13,3.36,-6.036930449075361,2.46,-0.13,81.9
2014-06-24,4350.36,2.15,3.35,-6.038651516645034,2.46,-0.13,81.9
2014-06-25,4379.76,2.1,3.37,-6.034570007684059,2.46,-0.13,81.9
2014-06-26,4379.05,2.09,3.43,-6.030800680741237,2.46,-0.13,81.9
2014-06-27,4397.93,2.07,3.47,-6.032286541628237,2.46,-0.13,81.9
2014-06-30,4408.18,2.09,3.48,-6.022657058314692,2.16,-0.13,81.9
2014-07-01,4458.65,2.06,3.53,-6.025974527885342,2.16,-0.2,82.5
2014-07-02,4457.73,2.11,3.5,-6.010350921364116,2.16,-0.2,82.5
2014-07-03,4485.93,2.15,3.46,-5.998150486008818,2.16,-0.2,82.5
2014-07-07,4451.53,2.13,3.44,-6.001077804936099,2.89,-0.2,82.5
2014-07-08,4391.46,2.11,3.44,-6.001925452642268,2.89,-0.2,82.5
2014-07-09,4419.03,2.07,3.48,-6.010599874633487,2.89,-0.2,82.5
2014-07-10,4396.2,2.06,3.51,-6.015955567116277,2.89,-0.2,82.5
2014-07-11,4415.49,2.09,3.62,-6.013998581877805,2.89,-0.2,82.5
2014-07-14,4440.42,2.05,3.61,-5.996912897308137,2.52,-0.2,82.5
2014-07-15,4416.39,2.07,3.57,-5.989385143994361,2.52,-0.2,82.5
2014-07-16,4425.97,2.07,3.6,-6.002293860860644,2.52,-0.2,82.5
2014-07-17,4363.45,2.05,3.63,-6.013499141711367,2.52,-0.2,82.5
2014-07-18,4432.15,2,3.74,-6.019029005177708,2.52,-0.2,82.5
2014-07-21,4424.7,1.99,3.78,-6.017916831680395,2.13,-0.2,82.5
2014-07-22,4456.02,1.98,3.8,-6.009306302488249,2.13,-0.2,82.5
2014-07-23,4473.7,1.99,3.79,-6.008392487560685,2.13,-0.2,82.5
2014-07-24,4472.11,1.98,3.77,-5.979298384879138,2.13,-0.2,82.5
2014-07-25,4449.56,1.99,3.72,-5.99692714965104,2.13,-0.2,82.5
2014-07-28,4444.91,1.95,3.75,-5.996001794865701,2.53,-0.2,82.5
2014-07-29,4442.7,1.96,3.74,-5.999740243049537,2.53,-0.2,82.5
2014-07-30,4462.9,1.93,3.8,-5.991695894708783,2.53,-0.2,82.5
2014-07-31,4369.77,2.01,3.79,-5.984008780976638,2.53,-0.2,82.5
2014-08-01,4352.64,2.05,4.04,-5.9984396974524845,2.53,-0.03,81.8
2014-08-04,4383.89,2.05,4.25,-5.984737284157568,2.87,-0.03,81.8
2014-08-05,4352.84,2.04,4.24,-5.994191361153941,2.87,-0.03,81.8
2014-08-06,4355.05,2.02,4.17,-6.023938464068292,2.87,-0.03,81.8
2014-08-07,4334.97,2.01,4.21,-6.0240664510808895,2.87,-0.03,81.8
2014-08-08,4370.9,1.99,4.2,-6.023710403999312,2.87,-0.03,81.8
2014-08-11,4401.33,1.99,4.2,-6.023013883135094,2.63,-0.03,81.8
2014-08-12,4389.25,1.97,4.12,-6.02941032177667,2.63,-0.03,81.8
2014-08-13,4434.13,2.01,4.07,-6.045946037853791,2.63,-0.03,81.8
2014-08-14,4453,2,4.03,-6.053629459221813,2.63,-0.03,81.8
2014-08-15,4464.93,1.98,3.97,-6.042508052002313,2.63,-0.03,81.8
2014-08-18,4508.31,1.92,3.97,-6.035279805812074,2.54,-0.03,81.8
2014-08-19,4527.51,1.95,3.89,-6.039892318401022,2.54,-0.03,81.8
2014-08-20,4526.48,1.94,3.85,-6.010483047076046,2.54,-0.03,81.8
2014-08-21,4532.1,1.94,3.79,-5.995392590496282,2.54,-0.03,81.8
2014-08-22,4538.55,1.92,3.81,-5.990215522745759,2.54,-0.03,81.8
2014-08-25,4557.35,1.87,3.79,-5.984995563869083,2.63,-0.03,81.8
2014-08-26,4570.64,1.86,3.77,-5.999903415753846,2.63,-0.03,81.8
2014-08-27,4569.62,1.87,3.78,-6.0010160172018905,2.63,-0.03,81.8
2014-08-28,4557.69,1.86,3.81,-6.015146356411026,2.63,-0.03,81.8
2014-08-29,4580.27,1.84,3.82,-6.009649716688299,2.63,-0.03,81.8
2014-09-02,4598.19,1.87,3.84,-5.993838905168444,2.75,-0.07,82.5
2014-09-03,4572.57,1.89,3.8,-6.0069342935537104,2.75,-0.07,82.5
2014-09-04,4562.29,1.89,3.83,-5.996292606666592,2.75,-0.07,82.5
2014-09-05,4582.9,1.91,3.85,-5.991070085345934,2.75,-0.07,82.5
2014-09-08,4592.29,1.94,3.93,-5.981074637249194,2.56,-0.07,82.5
2014-09-09,4552.29,1.94,3.92,-5.9976510449654805,2.56,-0.07,82.5
2014-09-10,4586.52,1.94,3.93,-5.992348258754165,2.56,-0.07,82.5
2014-09-11,4591.81,1.96,4.01,-5.9930800563446365,2.56,-0.07,82.5
2014-09-12,4567.6,1.96,4.05,-5.982491527038981,2.56,-0.07,82.5
2014-09-15,4518.9,2.04,4.03,-5.992193498664984,2.45,-0.07,82.5
2014-09-16,4552.76,2.02,4.06,-5.967732859289191,2.45,-0.07,82.5
2014-09-17,4562.19,2.05,4.1,-5.974217899754711,2.45,-0.07,82.5
2014-09-18,4593.43,2.03,4.05,-5.982781189646263,2.45,-0.07,82.5
2014-09-19,4579.79,2.04,3.98,-5.975158951870118,2.45,-0.07,82.5
2014-09-22,4527.69,2,3.97,-5.993519370499792,2.64,-0.07,82.5
2014-09-23,4508.69,1.99,4.02,-5.998032715220079,2.64,-0.07,82.5
2014-09-24,4555.22,1.97,4.13,-5.989907743974922,2.64,-0.07,82.5
2014-09-25,4466.75,1.98,4.18,-5.999599683801199,2.64,-0.07,82.5
2014-09-26,4512.19,1.96,4.33,-5.9924523641129035,2.64,-0.07,82.5
2014-09-29,4505.85,1.95,4.4,-5.988351576624911,2.62,-0.07,82.5
2014-09-30,4493.39,1.92,4.51,-5.9985879102863855,2.62,-0.07,82.5
2014-10-01,4422.09,1.94,4.4,-5.992369934222794,2.62,-0.07,84.6
2014-10-02,4430.19,1.89,4.45,-6.004469493288139,2.62,-0.07,84.6
2014-10-03,4475.62,1.91,4.42,-5.986030432661473,2.62,-0.07,84.6
2014-10-06,4454.8,1.88,4.29,-5.9857655847499895,2.6,-0.07,84.6
2014-10-07,4385.2,1.89,4.26,-5.9888286312489925,2.6,-0.07,84.6
2014-10-08,4468.59,1.84,4.37,-5.995286101979052,2.6,-0.07,84.6
2014-10-09,4378.34,1.89,4.48,-6.002378371434123,2.6,-0.07,84.6
2014-10-10,4276.24,1.88,4.52,-5.997787185898552,2.6,-0.07,84.6
2014-10-13,4213.66,1.86,4.66,-6.002747472788435,2.82,-0.07,84.6
2014-10-14,4227.17,1.86,4.66,-5.990088195840229,2.82,-0.07,84.6
2014-10-15,4215.32,1.82,4.83,-6.025122355776219,2.82,-0.07,84.6
2014-10-16,4217.39,1.81,5.08,-6.031407402993201,2.82,-0.07,84.6
2014-10-17,4258.44,1.82,4.98,-6.022281606321063,2.82,-0.07,84.6
2014-10-20,4316.07,1.83,4.68,-6.032045548736361,2.72,-0.07,84.6
2014-10-21,4419.48,1.83,4.68,-6.024355570758775,2.72,-0.07,84.6
2014-10-22,4382.85,1.85,4.5,-6.0228636607126855,2.72,-0.07,84.6
2014-10-23,4452.79,1.84,4.44,-6.002179957802805,2.72,-0.07,84.6
2014-10-24,4483.72,1.88,4.38,-6.004045384557715,2.72,-0.07,84.6
2014-10-27,4485.93,1.88,4.38,-5.99447892879495,2.64,-0.07,84.6
2014-10-28,4564.29,1.86,4.41,-5.985140030769976,2.64,-0.07,84.6
2014-10-29,4549.23,1.88,4.39,-5.97776181517083,2.64,-0.07,84.6
2014-10-30,4566.14,1.86,4.32,-5.969677912153239,2.64,-0.07,84.6
2014-10-31,4630.74,1.84,4.35,-5.951968114950006,2.64,-0.07,84.6
2014-11-03,4638.91,1.84,4.29,-5.94454050362075,2.49,-0.13,86.9
2014-11-04,4623.64,1.83,4.35,-5.958031261827325,2.49,-0.13,86.9
2014-11-05,4620.72,1.84,4.32,-5.942661914032883,2.49,-0.13,86.9
2014-11-06,4638.47,1.85,4.3,-5.936632972300813,2.49,-0.13,86.9
2014-11-07,4632.53,1.81,4.36,-5.953224100415652,2.49,-0.13,86.9
2014-11-10,4651.62,1.83,4.32,-5.950746024055562,2.65,-0.13,86.9
2014-11-11,4660.56,1.83,4.32,-5.949205923812221,2.65,-0.13,86.9
2014-11-12,4675.13,1.82,4.33,-5.9484880294118945,2.65,-0.13,86.9
2014-11-13,4680.14,1.82,4.37,-5.960690279488084,2.65,-0.13,86.9
2014-11-14,4688.54,1.78,4.43,-5.96401086383541,2.65,-0.13,86.9
2014-11-17,4671,1.8,4.46,-5.964538400747398,2.6,-0.13,86.9
2014-11-18,4702.44,1.79,4.53,-5.988378511046054,2.6,-0.13,86.9
2014-11-19,4675.71,1.82,4.57,-5.971479637189482,2.6,-0.13,86.9
2014-11-20,4701.87,1.81,4.61,-5.977373348008132,2.6,-0.13,86.9
2014-11-21,4712.97,1.78,4.54,-5.979100783423813,2.6,-0.13,86.9
2014-11-24,4754.89,1.77,4.54,-5.987874778257424,2.84,-0.13,86.9
2014-11-25,4758.25,1.76,4.54,-6.003482003386984,2.84,-0.13,86.9
2014-11-26,4787.32,1.71,4.56,-6.003985193006323,2.84,-0.13,86.9
2014-11-28,4791.63,1.71,4.64,-6.023534368312464,2.84,-0.13,86.9
2014-12-01,4727.35,1.73,4.82,-6.0410267028074225,2.87,-0.1,88.8
2014-12-02,4755.81,1.73,4.82,-6.027801312118274,2.87,-0.1,88.8
2014-12-03,4774.47,1.72,4.81,-6.042292029679434,2.87,-0.1,88.8
2014-12-04,4769.44,1.7,4.83,-6.026774724777862,2.87,-0.1,88.8
2014-12-05,4780.76,1.66,4.77,-6.016472229488918,2.87,-0.1,88.8
2014-12-08,4740.69,1.62,4.87,-6.026119583686825,3.05,-0.1,88.8
2014-12-09,4766.47,1.58,5.06,-6.042245327603729,3.05,-0.1,88.8
2014-12-10,4684.03,1.59,5.21,-6.051987498478911,3.05,-0.1,88.8
2014-12-11,4708.16,1.57,5.25,-6.039259775580723,3.05,-0.1,88.8
2014-12-12,4653.6,1.54,5.47,-6.032286541628237,3.05,-0.1,88.8
2014-12-15,4605.16,1.52,5.52,-6.039203678147603,2.96,-0.1,88.8
2014-12-16,4547.83,1.49,5.71,-6.035018506952492,2.96,-0.1,88.8
2014-12-17,4644.31,1.52,5.48,-6.03099673614031,2.96,-0.1,88.8
2014-12-18,4748.4,1.55,5.15,-6.037187775347329,2.96,-0.1,88.8
2014-12-19,4765.38,1.5,5.09,-6.02738635979577,2.96,-0.1,88.8
2014-12-22,4781.42,1.46,5.03,-6.017917480828201,3.19,-0.1,88.8
2014-12-23,4765.42,1.53,4.94,-6.018656034805552,3.19,-0.1,88.8
2014-12-24,4773.47,1.54,4.93,-6.019199704296453,3.19,-0.1,88.8
2014-12-26,4806.86,1.52,4.93,-6.051545520191738,3.19,-0.1,88.8
2014-12-29,4806.91,1.5,4.96,-6.037432738587572,3.29,-0.1,88.8
2014-12-30,4777.44,1.51,4.98,-6.041688594511568,3.29,-0.1,88.8
2014-12-31,4736.05,1.5,5.04,-6.03805293124915,3.29,-0.1,93.6
2015-01-02,4726.81,1.46,5.08,-6.042660232472832,3.29,-0.1,93.6
2015-01-05,4652.57,1.36,5.21,-6.0760023926262,2.49,-0.1,93.6
2015-01-06,4592.74,1.32,5.37,-6.088350512668927,2.49,-0.1,93.6
2015-01-07,4650.47,1.34,5.31,-6.084266929983346,2.49,-0.1,93.6
2015-01-08,4736.19,1.41,5.17,-6.078468401652517,2.49,-0.1,93.6
2015-01-09,4704.07,1.39,5.2,-6.09016835805632,2.49,-0.1,93.6
2015-01-12,4664.71,1.36,5.27,-6.114391386483708,3.06,-0.1,93.6
2015-01-13,4661.5,1.37,5.28,-6.146047379059511,3.06,-0.1,93.6
2015-01-14,4639.32,1.35,5.39,-6.199932993367592,3.06,-0.1,93.6
2015-01-15,4570.82,1.33,5.42,-6.203443582738611,3.06,-0.1,93.6
2015-01-16,4634.38,1.34,5.42,-6.190161920882627,3.06,-0.1,93.6
2015-01-20,4654.85,1.29,5.39,-6.212446936728914,2.96,-0.1,93.6
2015-01-21,4667.42,1.34,5.36,-6.204953991632927,2.96,-0.1,93.6
2015-01-22,4750.4,1.37,5.27,-6.223450025560818,2.96,-0.1,93.6
2015-01-23,4757.88,1.29,5.3,-6.2475204208826725,2.96,-0.1,93.6
2015-01-26,4771.76,1.29,5.26,-6.220802010576055,2.49,-0.1,93.6
2015-01-27,4681.5,1.29,5.29,-6.262537365173863,2.49,-0.1,93.6
2015-01-28,4637.99,1.23,5.31,-6.251157214329342,2.49,-0.1,93.6
2015-01-29,4683.41,1.26,5.28,-6.2389076439149305,2.49,-0.1,93.6
2015-01-30,4635.24,1.21,5.37,-6.23990185320079,2.49,-0.1,93.6
2015-02-02,4676.69,1.19,5.26,-6.239907833954019,2.58,0,98.1
2015-02-03,4727.74,1.27,5.11,-6.190734441505879,2.58,0,98.1
2015-02-04,4716.7,1.29,5.05,-6.190388164530047,2.58,0,98.1
2015-02-05,4765.1,1.31,4.99,-6.187421047826783,2.58,0,98.1
2015-02-06,4744.4,1.3,4.78,-6.168583397105657,2.58,0,98.1
2015-02-09,4726.01,1.31,4.8,-6.176092426341577,2.59,0,98.1
2015-02-10,4787.64,1.34,4.75,-6.179875047058581,2.59,0,98.1
2015-02-11,4801.18,1.33,4.76,-6.173720510776072,2.59,0,98.1
2015-02-12,4857.61,1.38,4.74,-6.150899363585441,2.59,0,98.1
2015-02-13,4893.84,1.36,4.71,-6.154976265777171,2.59,0,98.1
2015-02-17,4899.27,1.44,4.57,-6.148847318589891,3.02,0,98.1
2015-02-18,4906.36,1.45,4.62,-6.1291706139093645,3.02,0,98.1
2015-02-19,4924.7,1.44,4.58,-6.133215880059678,3.02,0,98.1
2015-02-20,4955.97,1.46,4.53,-6.140758035103573,3.02,0,98.1
2015-02-23,4960.97,1.42,4.56,-6.138120619197707,2.72,0,98.1
2015-02-24,4968.12,1.39,4.58,-6.114019662648036,2.72,0,98.1
2015-02-25,4967.14,1.35,4.54,-6.111685007801607,2.72,0,98.1
2015-02-26,4987.89,1.37,4.43,-6.107245621412592,2.72,0,98.1
2015-02-27,4963.53,1.37,4.43,-6.110835686757999,2.72,0,98.1
2015-03-02,5008.1,1.42,4.38,-6.104561509554489,2.32,-0.1,95.4
2015-03-03,4979.9,1.44,4.38,-6.116727329698718,2.32,-0.1,95.4
2015-03-04,4967.14,1.46,4.44,-6.112688419466402,2.32,-0.1,95.4
2015-03-05,4982.81,1.46,4.46,-6.111402553104456,2.32,-0.1,95.4
2015-03-06,4927.37,1.51,4.42,-6.1009083208883785,2.32,-0.1,95.4
2015-03-09,4942.44,1.51,4.42,-6.0794973706637965,2.16,-0.1,95.4
2015-03-10,4859.79,1.5,4.51,-6.0915616161995185,2.16,-0.1,95.4
2015-03-11,4849.94,1.44,4.66,-6.09022234572654,2.16,-0.1,95.4
2015-03-12,4893.29,1.41,4.61,-6.071405977970205,2.16,-0.1,95.4
2015-03-13,4871.76,1.43,4.62,-6.069960955835457,2.16,-0.1,95.4
2015-03-16,4929.51,1.45,4.68,-6.069154261570476,2.32,-0.1,95.4
2015-03-17,4937.43,1.44,4.72,-6.077826897219364,2.32,-0.1,95.4
2015-03-18,4982.83,1.36,4.79,-6.104546585166196,2.32,-0.1,95.4
2015-03-19,4992.38,1.36,4.91,-6.085577838678461,2.32,-0.1,95.4
2015-03-20,5026.42,1.35,4.79,-6.0615675108948475,2.32,-0.1,95.4
2015-03-23,5010.97,1.33,4.81,-6.053911574476749,2.23,-0.1,95.4
2015-03-24,4994.73,1.32,4.82,-6.052194093011936,2.23,-0.1,95.4
2015-03-25,4876.52,1.3,4.81,-6.060815520657847,2.23,-0.1,95.4
2015-03-26,4863.36,1.34,4.76,-6.060528565121234,2.23,-0.1,95.4
2015-03-27,4891.22,1.4,4.74,-6.071965769618338,2.23,-0.1,95.4
2015-03-30,4947.44,1.37,4.76,-6.054760835552244,2.39,-0.1,95.4
2015-03-31,4900.88,1.38,4.73,-6.0680199909966115,2.39,-0.1,95.4
2015-04-01,4880.23,1.38,4.82,-6.085831619386063,2.39,-0.03,93
2015-04-02,4886.94,1.32,4.86,-6.08506081636488,2.39,-0.03,93
2015-04-06,4917.32,1.36,4.82,-6.105929607370183,2.27,-0.03,93
2015-04-07,4910.23,1.41,4.8,-6.082554337516307,2.27,-0.03,93
2015-04-08,4950.82,1.37,4.72,-6.087805929185843,2.27,-0.03,93
2015-04-09,4974.56,1.38,4.67,-6.080793987723295,2.27,-0.03,93
2015-04-10,4995.98,1.41,4.62,-6.088137102307863,2.27,-0.03,93
2015-04-13,4988.25,1.39,4.6,-6.089229166587342,2.1,-0.03,93
2015-04-14,4977.29,1.4,4.6,-6.090639303678722,2.1,-0.03,93
2015-04-15,5011.02,1.37,4.62,-6.093288863860751,2.1,-0.03,93
2015-04-16,5007.79,1.4,4.58,-6.068118456782755,2.1,-0.03,93
2015-04-17,4931.81,1.4,4.61,-6.072366516146839,2.1,-0.03,93
2015-04-20,4994.6,1.36,4.66,-6.079596065032436,2.36,-0.03,93
2015-04-21,5014.1,1.35,4.6,-6.098664598501472,2.36,-0.03,93
2015-04-22,5035.17,1.37,4.57,-6.0987084877817805,2.36,-0.03,93
2015-04-23,5056.06,1.42,4.53,-6.094288440686209,2.36,-0.03,93
2015-04-24,5092.08,1.41,4.55,-6.058150052218156,2.36,-0.03,93
2015-04-27,5060.25,1.39,4.56,-6.073892632996328,2.31,-0.03,93
2015-04-28,5055.42,1.4,4.55,-6.079142668201213,2.31,-0.03,93
2015-04-29,5023.64,1.44,4.52,-6.06911342805747,2.31,-0.03,93
2015-04-30,4941.42,1.5,4.53,-6.015256854675086,2.31,-0.03,93
2015-05-01,5005.39,1.47,4.59,-5.993766044096261,2.31,-0.1,95.9
2015-05-04,5016.93,1.52,4.53,-6.007261053918439,2.2,-0.1,95.9
2015-05-05,4939.33,1.56,4.51,-6.007686599360533,2.2,-0.1,95.9
2015-05-06,4919.64,1.57,4.48,-6.008324352575902,2.2,-0.1,95.9
2015-05-07,4945.54,1.6,4.5,-6.004233938289675,2.2,-0.1,95.9
2015-05-08,5003.55,1.55,4.55,-6.009028954366272,2.2,-0.1,95.9
2015-05-11,4993.57,1.57,4.53,-6.0100641789358935,2.11,-0.1,95.9
2015-05-12,4976.19,1.66,4.45,-6.008209124381784,2.11,-0.1,95.9
2015-05-13,4981.69,1.67,4.56,-6.0304685705567875,2.11,-0.1,95.9
2015-05-14,5050.8,1.68,4.51,-6.038077846325032,2.11,-0.1,95.9
2015-05-15,5048.29,1.67,4.52,-6.037817465054458,2.11,-0.1,95.9
2015-05-18,5078.44,1.59,4.55,-6.045866714586313,2.16,-0.1,95.9
2015-05-19,5070.03,1.65,4.49,-6.052721257272034,2.16,-0.1,95.9
2015-05-20,5071.74,1.64,4.46,-6.057377388545981,2.16,-0.1,95.9
2015-05-21,5090.79,1.66,4.49,-6.04669513895986,2.16,-0.1,95.9
2015-05-22,5089.36,1.59,4.51,-6.059864333944372,2.16,-0.1,95.9
2015-05-26,5032.75,1.57,4.47,-6.0573689007303075,1.95,-0.1,95.9
2015-05-27,5106.59,1.5,4.51,-6.059698597260938,1.95,-0.1,95.9
2015-05-28,5097.98,1.5,4.48,-6.0627552883628395,1.95,-0.1,95.9
2015-05-29,5070.03,1.51,4.5,-6.07797176477259,1.95,-0.1,95.9
2015-06-01,5082.93,1.51,4.58,-6.079983671678673,1.66,0,90.7
2015-06-02,5076.52,1.55,4.52,-6.0789022464646765,1.66,0,90.7
2015-06-03,5099.23,1.63,4.49,-6.074394926438715,1.66,0,90.7
2015-06-04,5059.12,1.69,4.46,-6.080768295226314,1.66,0,90.7
2015-06-05,5068.46,1.65,4.56,-6.072663646113244,1.66,0,90.7
2015-06-08,5021.63,1.68,4.56,-6.075876591033627,2.13,0,90.7
2015-06-09,5013.87,1.69,4.61,-6.072810186561934,2.13,0,90.7
2015-06-10,5076.69,1.7,4.66,-6.068337946711406,2.13,0,90.7
2015-06-11,5082.51,1.75,4.6,-6.091904772646397,2.13,0,90.7
2015-06-12,5051.1,1.66,4.62,-6.087521274166091,2.13,0,90.7
2015-06-15,5029.97,1.65,4.63,-6.104746008028303,2.13,0,90.7
2015-06-16,5055.55,1.64,4.71,-6.112576854778707,2.13,0,90.7
2015-06-17,5064.88,1.61,4.77,-6.1135054449409045,2.13,0,90.7
2015-06-18,5132.95,1.65,4.76,-6.133925636392499,2.13,0,90.7
2015-06-19,5117,1.69,4.71,-6.148142198830997,2.13,0,90.7
2015-06-22,5153.97,1.61,4.73,-6.134000369447907,2.06,0,90.7
2015-06-23,5160.09,1.69,4.62,-6.10988521589188,2.06,0,90.7
2015-06-24,5122.41,1.72,4.62,-6.1023441918172425,2.06,0,90.7
2015-06-25,5112.19,1.7,4.66,-6.101977606225952,2.06,0,90.7
2015-06-26,5080.51,1.72,4.67,-6.095008325579398,2.06,0,90.7
2015-06-29,4958.47,1.77,4.65,-6.104108140596064,1.98,0,90.7
2015-06-30,4986.87,1.69,4.91,-6.105032209593802,1.98,0,90.7
2015-07-01,5013.12,1.71,5,-6.096986615957548,1.98,-0.07,96.1
2015-07-02,5009.21,1.74,4.88,-6.0918239806841905,1.98,-0.07,96.1
2015-07-06,4991.94,1.76,4.91,-6.1361139678111005,1.89,-0.07,96.1
2015-07-07,4997.46,1.7,5.07,-6.155117107255525,1.89,-0.07,96.1
2015-07-08,4909.76,1.69,5.13,-6.14409797144471,1.89,-0.07,96.1
2015-07-09,4922.4,1.67,5.21,-6.118803969484584,1.89,-0.07,96.1
2015-07-10,4997.7,1.72,5.11,-6.1231839542503215,1.89,-0.07,96.1
2015-07-13,5071.51,1.77,4.97,-6.118267716300415,1.75,-0.07,96.1
2015-07-14,5104.89,1.75,4.93,-6.120362440570662,1.75,-0.07,96.1
2015-07-15,5098.94,1.75,4.94,-6.1203998296331275,1.75,-0.07,96.1
2015-07-16,5163.18,1.72,4.93,-6.116750085872707,1.75,-0.07,96.1
2015-07-17,5210.14,1.69,4.91,-6.116963465131193,1.75,-0.07,96.1
2015-07-20,5218.86,1.66,4.95,-6.100365031867413,2.24,-0.07,96.1
2015-07-21,5208.12,1.67,4.96,-6.100203870286987,2.24,-0.07,96.1
2015-07-22,5171.77,1.64,5.06,-6.108240302792747,2.24,-0.07,96.1
2015-07-23,5146.41,1.58,5.16,-6.12827864050872,2.24,-0.07,96.1
2015-07-24,5088.63,1.57,5.21,-6.121645632772126,2.24,-0.07,96.1
2015-07-27,5039.78,1.57,5.32,-6.143883782569571,1.86,-0.07,96.1
2015-07-28,5089.21,1.55,5.49,-6.123095070749706,1.86,-0.07,96.1
2015-07-29,5111.73,1.57,5.44,-6.117726591271474,1.86,-0.07,96.1
2015-07-30,5128.78,1.59,5.33,-6.126900414509078,1.86,-0.07,96.1
2015-07-31,5128.28,1.56,5.26,-6.13845739103056,1.86,-0.07,96.1
2015-08-03,5115.38,1.53,5.36,-6.140670614718291,1.98,-0.03,93.1
2015-08-04,5105.55,1.48,5.45,-6.135066253159526,1.98,-0.03,93.1
2015-08-05,5139.94,1.49,5.41,-6.136111282035746,1.98,-0.03,93.1
2015-08-06,5056.44,1.55,5.29,-6.143446525625539,1.98,-0.03,93.1
2015-08-07,5043.54,1.52,5.4,-6.150746732743382,1.98,-0.03,93.1
2015-08-10,5101.8,1.45,5.52,-6.131317065091191,1.99,-0.03,93.1
2015-08-11,5036.79,1.51,5.51,-6.163529235256648,1.99,-0.03,93.1
2015-08-12,5044.39,1.47,5.67,-6.169877767074021,1.99,-0.03,93.1
2015-08-13,5033.56,1.47,5.79,-6.161456546008108,1.99,-0.03,93.1
2015-08-14,5048.24,1.47,5.66,-6.159491350760689,1.99,-0.03,93.1
2015-08-17,5091.7,1.47,5.52,-6.177656244187246,2.35,-0.03,93.1
2015-08-18,5059.35,1.44,5.58,-6.191071354506137,2.35,-0.03,93.1
2015-08-19,5019.05,1.46,5.56,-6.205693259381787,2.35,-0.03,93.1
2015-08-20,4877.49,1.45,5.68,-6.208944320554586,2.35,-0.03,93.1
2015-08-21,4706.04,1.4,5.75,-6.221400691653666,2.35,-0.03,93.1
2015-08-24,4526.25,1.41,5.86,-6.235720529044818,1.89,-0.03,93.1
2015-08-25,4506.49,1.42,6.14,-6.198529670966254,1.89,-0.03,93.1
2015-08-26,4697.54,1.45,5.9,-6.215141763826656,1.89,-0.03,93.1
2015-08-27,4812.71,1.51,5.91,-6.175819168643734,1.89,-0.03,93.1
2015-08-28,4828.32,1.5,5.8,-6.1807947340564136,1.89,-0.03,93.1
2015-08-31,4776.51,1.47,5.72,-6.183100875176484,1.55,-0.03,93.1
2015-09-01,4636.1,1.47,5.7,-6.20504700312574,1.55,-0.13,91.9
2015-09-02,4749.98,1.47,5.78,-6.187500036101756,1.55,-0.13,91.9
2015-09-03,4733.5,1.48,5.73,-6.156104312643229,1.55,-0.13,91.9
2015-09-04,4683.92,1.47,5.7,-6.184220232879441,1.55,-0.13,91.9
2015-09-08,4811.93,1.42,5.74,-6.132440428506825,2.28,-0.13,91.9
2015-09-09,4756.53,1.46,5.64,-6.114319406411436,2.28,-0.13,91.9
2015-09-10,4796.25,1.46,5.59,-6.116621680284079,2.28,-0.13,91.9
2015-09-11,4822.34,1.48,5.58,-6.108545391218439,2.28,-0.13,91.9
2015-09-14,4805.76,1.49,5.62,-6.132283290365516,1.52,-0.13,91.9
2015-09-15,4860.52,1.45,5.62,-6.118976416292449,1.52,-0.13,91.9
2015-09-16,4889.24,1.46,5.54,-6.12328669023796,1.52,-0.13,91.9
2015-09-17,4893.95,1.48,5.59,-6.121497780995235,1.52,-0.13,91.9
2015-09-18,4827.23,1.51,5.71,-6.167233528640822,1.52,-0.13,91.9
2015-09-21,4828.95,1.44,5.8,-6.161782169091576,1.98,-0.13,91.9
2015-09-22,4756.72,1.48,5.77,-6.193538945808696,1.98,-0.13,91.9
2015-09-23,4752.74,1.45,5.98,-6.200348780366452,1.98,-0.13,91.9
2015-09-24,4734.48,1.46,5.98,-6.216820632675464,1.98,-0.13,91.9
2015-09-25,4686.5,1.46,6.14,-6.217974442563464,1.98,-0.13,91.9
2015-09-28,4543.97,1.47,6.15,-6.2198795452124065,1.81,-0.13,91.9
2015-09-29,4517.32,1.43,6.48,-6.215540375242728,1.81,-0.13,91.9
2015-09-30,4620.16,1.41,6.6,-6.166210851497485,1.81,-0.13,91.9
2015-10-01,4627.08,1.42,6.62,-6.180579351220628,1.81,-0.07,87.2
2015-10-02,4707.78,1.41,6.67,-6.191861559181007,1.81,-0.07,87.2
2015-10-05,4781.26,1.41,6.83,-6.179923039891017,1.99,-0.07,87.2
2015-10-06,4748.36,1.46,6.62,-6.187841149045581,1.99,-0.07,87.2
2015-10-07,4791.15,1.44,6.52,-6.184762816619512,1.99,-0.07,87.2
2015-10-08,4810.79,1.43,6.32,-6.191116215798011,1.99,-0.07,87.2
2015-10-09,4830.47,1.47,6.26,-6.1713494176248815,1.99,-0.07,87.2
2015-10-12,4838.64,1.47,6.13,-6.178140784312071,1.61,-0.07,87.2
2015-10-13,4796.61,1.47,6.13,-6.190572861336226,1.61,-0.07,87.2
2015-10-14,4782.85,1.42,6.24,-6.19119390655665,1.61,-0.07,87.2
2015-10-15,4870.1,1.42,6.31,-6.194599094074408,1.61,-0.07,87.2
2015-10-16,4886.69,1.43,6.26,-6.198967382907739,1.61,-0.07,87.2
2015-10-19,4905.47,1.43,6.18,-6.2053147850542905,1.89,-0.07,87.2
2015-10-20,4880.97,1.43,6.16,-6.210159409801507,1.89,-0.07,87.2
2015-10-21,4840.12,1.42,6.06,-6.203403857414104,1.89,-0.07,87.2
2015-10-22,4920.05,1.4,6.07,-6.192850130863544,1.89,-0.07,87.2
2015-10-23,5031.86,1.43,6.1,-6.204170840528653,1.89,-0.07,87.2
2015-10-26,5034.7,1.43,5.97,-6.204116254834061,1.72,-0.07,87.2
2015-10-27,5030.15,1.41,6,-6.201654107836279,1.72,-0.07,87.2
2015-10-28,5095.69,1.4,6.07,-6.21023877847123,1.72,-0.07,87.2
2015-10-29,5074.27,1.37,5.97,-6.203168507512797,1.72,-0.07,87.2
2015-10-30,5053.75,1.44,5.89,-6.199521839644735,1.72,-0.07,87.2
2015-11-02,5127.15,1.43,5.84,-6.194044508963981,1.58,-0.1,90
2015-11-03,5145.13,1.43,5.77,-6.169719346234612,1.58,-0.1,90
2015-11-04,5142.48,1.41,5.73,-6.1660418058547215,1.58,-0.1,90
2015-11-05,5127.74,1.41,5.8,-6.193726396895302,1.58,-0.1,90
2015-11-06,5147.12,1.44,5.82,-6.184452329449837,1.58,-0.1,90
2015-11-09,5095.3,1.47,5.94,-6.190186749484939,1.45,-0.1,90
2015-11-10,5083.24,1.45,6.02,-6.1961754454730045,1.45,-0.1,90
2015-11-11,5067.02,1.45,6.02,-6.19263720690023,1.45,-0.1,90
2015-11-12,5005.08,1.43,6.13,-6.2097632394817985,1.45,-0.1,90
2015-11-13,4927.88,1.42,6.24,-6.211744222844757,1.45,-0.1,90
2015-11-16,4984.62,1.39,6.28,-6.2387529190329545,1.24,-0.1,90
2015-11-17,4986.01,1.39,6.19,-6.230264364648208,1.24,-0.1,90
2015-11-18,5075.2,1.37,6.2,-6.242792342853815,1.24,-0.1,90
2015-11-19,5073.64,1.33,6.28,-6.252086198698912,1.24,-0.1,90
2015-11-20,5104.92,1.33,6.32,-6.261008664322055,1.24,-0.1,90
2015-11-23,5102.48,1.31,6.35,-6.268826353886375,0.8,-0.1,90
2015-11-24,5102.81,1.31,6.41,-6.258926528647142,0.8,-0.1,90
2015-11-25,5116.14,1.3,6.37,-6.259527259926517,0.8,-0.1,90
2015-11-27,5127.52,1.3,6.38,-6.240941186703745,0.8,-0.1,90
2015-11-30,5108.67,1.27,6.4,-6.2539039106123635,1.33,-0.03,91.3
2015-12-01,5156.31,1.24,6.4,-6.241047652104973,1.33,-0.03,91.3
2015-12-02,5123.22,1.24,6.34,-6.250645423128976,1.33,-0.03,91.3
2015-12-03,5037.53,1.37,6.32,-6.243964320355262,1.33,-0.03,91.3
2015-12-04,5142.27,1.32,6.37,-6.25661841979137,1.33,-0.03,91.3
2015-12-07,5101.81,1.29,6.51,-6.261934490678642,1.48,-0.03,91.3
2015-12-08,5098.24,1.3,6.65,-6.260565859890114,1.48,-0.03,91.3
2015-12-09,5022.87,1.29,6.72,-6.255855946106971,1.48,-0.03,91.3
2015-12-10,5045.17,1.29,6.71,-6.248525733603435,1.48,-0.03,91.3
2015-12-11,4933.47,1.25,7.1,-6.230963110459118,1.48,-0.03,91.3
2015-12-14,4952.23,1.26,7.33,-6.221828005678377,0.71,-0.03,91.3
2015-12-15,4995.36,1.3,7.09,-6.246526974329655,0.71,-0.03,91.3
2015-12-16,5071.13,1.28,6.98,-6.253475976355144,0.71,-0.03,91.3
2015-12-17,5002.55,1.24,7.01,-6.2415003941676295,0.71,-0.03,91.3
2015-12-18,4923.08,1.22,7.2,-6.222857997894334,0.71,-0.03,91.3
2015-12-21,4968.92,1.24,7.25,-6.224465892376205,0.86,-0.03,91.3
2015-12-22,5001.11,1.25,7.15,-6.233024479107364,0.86,-0.03,91.3
2015-12-23,5045.93,1.26,7.05,-6.220287398379113,0.86,-0.03,91.3
2015-12-24,5048.49,1.22,7.05,-6.227611696220171,0.86,-0.03,91.3
2015-12-28,5040.99,1.19,7.07,-6.241936870075966,1,-0.03,91.3
2015-12-29,5107.94,1.23,6.96,-6.214374043418197,1,-0.03,91.3
2015-12-30,5065.85,1.23,6.95,-6.201996881376183,1,-0.03,91.3
2015-12-31,5007.41,1.21,6.95,-6.207746201873118,1,-0.03,92.6
2016-01-04,4903.09,1.22,7.1,-6.248134489568056,0.79,-0.03,92.6
2016-01-05,4891.43,1.21,7.03,-6.243441551775054,0.79,-0.03,92.6
2016-01-06,4835.76,1.19,7.11,-6.259467906999628,0.79,-0.03,92.6
2016-01-07,4689.43,1.2,7.24,-6.306044225000724,0.79,-0.03,92.6
2016-01-08,4643.63,1.19,7.23,-6.2970674226424075,0.79,-0.03,92.6
2016-01-11,4637.99,1.23,7.31,-6.320303158874124,0.64,-0.03,92.6
2016-01-12,4685.92,1.19,7.38,-6.317085441822373,0.64,-0.03,92.6
2016-01-13,4526.06,1.17,7.5,-6.320367307597329,0.64,-0.03,92.6
2016-01-14,4615,1.2,7.57,-6.297698166891741,0.64,-0.03,92.6
2016-01-15,4488.42,1.18,7.89,-6.330084499624556,0.64,-0.03,92.6
2016-01-19,4476.95,1.18,7.88,-6.311273525421969,0.84,-0.03,92.6
2016-01-20,4471.69,1.16,8.27,-6.335996658903029,0.84,-0.03,92.6
2016-01-21,4472.06,1.18,8.13,-6.310032107323633,0.84,-0.03,92.6
2016-01-22,4591.18,1.19,7.87,-6.305299752720117,0.84,-0.03,92.6
2016-01-25,4518.49,1.15,7.85,-6.315725390090548,1.01,-0.03,92.6
2016-01-26,4567.67,1.16,7.83,-6.309538953642852,1.01,-0.03,92.6
2016-01-27,4468.17,1.18,7.78,-6.2926810677921114,1.01,-0.03,92.6
2016-01-28,4506.68,1.17,7.75,-6.299024511761566,1.01,-0.03,92.6
2016-01-29,4613.95,1.18,7.74,-6.291766220962536,1.01,-0.03,92.6
2016-02-01,4620.37,1.16,7.79,-6.307682304702208,1.16,-0.03,92
2016-02-02,4516.95,1.12,7.98,-6.307216112636272,1.16,-0.03,92
2016-02-03,4504.24,1.16,8.03,-6.3003696891854535,1.16,-0.03,92
2016-02-04,4509.56,1.17,8.03,-6.297191828737261,1.16,-0.03,92
2016-02-05,4363.14,1.12,8.1,-6.31082566049112,1.16,-0.03,92
2016-02-08,4283.75,1.09,8.51,-6.350922030922803,1.32,-0.03,92
2016-02-09,4268.76,1.05,8.62,-6.376204808248609,1.32,-0.03,92
2016-02-10,4283.59,1,8.53,-6.379009812828342,1.32,-0.03,92
2016-02-11,4266.84,0.99,8.87,-6.432745368951852,1.32,-0.03,92
2016-02-12,4337.51,1.03,8.64,-6.414839609684329,1.32,-0.03,92
2016-02-16,4435.96,1.04,8.45,-6.378559448614397,1.41,-0.03,92
2016-02-17,4534.06,1.07,8.21,-6.36932990603589,1.41,-0.03,92
2016-02-18,4487.54,1.04,8.17,-6.382518784063682,1.41,-0.03,92
2016-02-19,4504.43,1,8.23,-6.384735859359216,1.41,-0.03,92
2016-02-22,4570.61,0.99,8.09,-6.349403467305765,1.52,-0.03,92
2016-02-23,4503.58,0.98,8.1,-6.364182048974779,1.52,-0.03,92
2016-02-24,4542.61,1,8.17,-6.382109822163652,1.52,-0.03,92
2016-02-25,4582.2,0.99,8.08,-6.396042093129398,1.52,-0.03,92
2016-02-26,4590.47,0.96,7.8,-6.353162150466135,1.52,-0.03,92
2016-02-29,4557.95,0.96,7.75,-6.361045300665254,1.27,-0.03,91.7
2016-03-01,4689.6,0.98,7.46,-6.352047017998444,1.27,-0.03,91.7
2016-03-02,4703.42,0.99,7.31,-6.344533731711301,1.27,-0.03,91.7
2016-03-03,4707.42,0.98,7.28,-6.345123855081486,1.27,-0.03,91.7
2016-03-04,4717.02,1,7.08,-6.325562960682567,1.27,-0.03,91.7
2016-03-07,4708.25,1,7.03,-6.316327221063886,1.53,-0.03,91.7
2016-03-08,4648.82,0.95,7.14,-6.342758251434686,1.53,-0.03,91.7
2016-03-09,4674.38,1,7.15,-6.333679342180444,1.53,-0.03,91.7
2016-03-10,4662.16,1,7.04,-6.351467281139389,1.53,-0.03,91.7
2016-03-11,4748.47,1.01,6.82,-6.331468501235852,1.53,-0.03,91.7
2016-03-14,4750.28,1.01,6.82,-6.320718500293149,1.13,-0.03,91.7
2016-03-15,4728.67,1,6.74,-6.312012264374418,1.13,-0.03,91.7
2016-03-16,4763.97,0.99,6.84,-6.310813132872361,1.13,-0.03,91.7
2016-03-17,4774.99,1.07,6.94,-6.313184476013138,1.13,-0.03,91.7
2016-03-18,4795.65,1.04,6.82,-6.3090615935436425,1.13,-0.03,91.7
2016-03-21,4808.87,1.04,6.71,-6.296605106932437,1.1,-0.03,91.7
2016-03-22,4821.66,1.05,6.65,-6.301444749512631,1.1,-0.03,91.7
2016-03-23,4768.86,1.03,6.69,-6.305414546380373,1.1,-0.03,91.7
2016-03-24,4773.5,1.01,6.79,-6.30636369950069,1.1,-0.03,91.7
2016-03-28,4766.79,1.02,6.93,-6.297537245265037,0.93,-0.03,91.7
2016-03-29,4846.62,1,6.99,-6.324672978340434,0.93,-0.03,91.7
2016-03-30,4869.29,1.03,7.14,-6.329729044901417,0.93,-0.03,91.7
2016-03-31,4869.85,1.07,7.03,-6.33861188347662,0.93,-0.03,91.7
2016-04-01,4914.54,1.05,7.05,-6.337974735911804,0.93,0,91
2016-04-04,4891.8,1.03,7.05,-6.344992755963355,1.14,0,91
2016-04-05,4843.93,1.03,7.03,-6.354573379621533,1.14,0,91
2016-04-06,4920.72,1.01,7.13,-6.3472760439725455,1.14,0,91
2016-04-07,4848.37,1.03,7.04,-6.390164710354174,1.14,0,91
2016-04-08,4850.69,1,7.11,-6.390198860574725,1.14,0,91
2016-04-11,4833.4,1.02,7.03,-6.399875165445903,1.53,0,91
2016-04-12,4872.09,1.03,7,-6.375509511782536,1.53,0,91
2016-04-13,4947.42,1.05,6.87,-6.355732821079606,1.53,0,91
2016-04-14,4945.89,1.02,6.71,-6.336731972802389,1.53,0,91
2016-04-15,4938.22,1.03,6.6,-6.351640091577569,1.53,0,91
2016-04-18,4960.02,1.02,6.62,-6.346636861162179,1.46,0,91
2016-04-19,4940.33,1.03,6.62,-6.335250396062015,1.46,0,91
2016-04-20,4948.13,1.02,6.46,-6.32883003970641,1.46,0,91
2016-04-21,4945.89,1.05,6.31,-6.319764239576359,1.46,0,91
2016-04-22,4906.23,1.06,6.29,-6.297415464352332,1.46,0,91
2016-04-25,4895.79,1.05,6.29,-6.310987225415421,1.28,0,91
2016-04-26,4888.28,1.06,6.32,-6.318236517185269,1.28,0,91
2016-04-27,4863.14,1.08,6.26,-6.335289403904296,1.28,0,91
2016-04-28,4805.29,1.04,6.25,-6.341259503479614,1.28,0,91
2016-04-29,4775.36,1.06,6.19,-6.337075665515752,1.28,0,91
2016-05-02,4817.59,1.06,6.21,-6.34864675261709,1.61,0.03,89
2016-05-03,4763.22,1.08,6.16,-6.366735229647915,1.61,0.03,89
2016-05-04,4725.64,1.06,6.31,-6.367928666725001,1.61,0.03,89
2016-05-05,4717.09,1.04,6.39,-6.381254986414458,1.61,0.03,89
2016-05-06,4736.16,1.04,6.42,-6.398166896326649,1.61,0.03,89
2016-05-09,4750.21,1.05,6.48,-6.3990636216453955,1.31,0.03,89
2016-05-10,4809.88,1.05,6.53,-6.404309762513769,1.31,0.03,89
2016-05-11,4760.69,1.05,6.46,-6.407490913533428,1.31,0.03,89
2016-05-12,4737.33,0.99,6.4,-6.417996454431721,1.31,0.03,89
2016-05-13,4717.68,0.99,6.36,-6.4194167971906655,1.31,0.03,89
2016-05-16,4775.46,0.95,6.41,-6.413388327107959,1.67,0.03,89
2016-05-17,4715.73,0.96,6.3,-6.415505061856207,1.67,0.03,89
2016-05-18,4739.12,0.94,6.26,-6.418584278885284,1.67,0.03,89
2016-05-19,4712.53,0.97,6.16,-6.411540174408201,1.67,0.03,89
2016-05-20,4769.56,0.96,6.29,-6.412697015895711,1.67,0.03,89
2016-05-23,4765.78,0.96,6.22,-6.411822262923631,1.43,0.03,89
2016-05-24,4861.06,0.93,6.21,-6.3882624752866795,1.43,0.03,89
2016-05-25,4894.89,0.94,6.13,-6.3670646755654055,1.43,0.03,89
2016-05-26,4901.77,0.95,6.04,-6.363806839977548,1.43,0.03,89
2016-05-27,4933.5,0.96,6.08,-6.355315667345358,1.43,0.03,89
2016-05-31,4948.05,0.95,6.08,-6.364762666573756,2.42,0.03,89
2016-06-01,4952.25,0.97,5.97,-6.373255578252583,2.42,-0.03,94.7
2016-06-02,4971.36,0.94,6.01,-6.372973486360353,2.42,-0.03,94.7
2016-06-03,4942.52,0.92,6,-6.377093899117546,2.42,-0.03,94.7
2016-06-06,4968.71,0.93,6.09,-6.37858051654795,1.34,-0.03,94.7
2016-06-07,4961.75,0.93,6,-6.410168466589793,1.34,-0.03,94.7
2016-06-08,4974.64,0.94,5.92,-6.417256859593998,1.34,-0.03,94.7
2016-06-09,4958.62,0.93,5.82,-6.436436415405683,1.34,-0.03,94.7
2016-06-10,4894.55,0.91,5.86,-6.443125022783482,1.34,-0.03,94.7
2016-06-13,4848.44,0.91,5.98,-6.440445850085143,1.62,-0.03,94.7
2016-06-14,4843.55,0.89,6.07,-6.4477286675383185,1.62,-0.03,94.7
2016-06-15,4834.93,0.88,6.19,-6.423436378350982,1.62,-0.03,94.7
2016-06-16,4844.91,0.91,6.18,-6.45202430902312,1.62,-0.03,94.7
2016-06-17,4800.34,0.87,6.32,-6.447784042961846,1.62,-0.03,94.7
2016-06-20,4837.21,0.92,6.21,-6.425425637264312,1.7,-0.03,94.7
2016-06-21,4843.763018,0.93,6,-6.399211234428625,1.7,-0.03,94.7
2016-06-22,4833.32,0.95,6,-6.388071368153253,1.7,-0.03,94.7
2016-06-23,4910.04,0.94,5.96,-6.370059335956032,1.7,-0.03,94.7
2016-06-24,4707.98,0.96,5.83,-6.440278660266398,1.7,-0.03,94.7
2016-06-27,4594.44,0.93,6.33,-6.436582257498425,1.74,-0.03,94.7
2016-06-28,4691.87,0.85,6.57,-6.408837283892332,1.74,-0.03,94.7
2016-06-29,4779.25,0.85,6.48,-6.408527283788044,1.74,-0.03,94.7
2016-06-30,4842.67,0.88,6.26,-6.399431646740836,1.74,-0.03,94.7
2016-07-01,4862.57,0.91,6.21,-6.403523415056998,1.74,-0.03,93.5
2016-07-05,4822.9,0.87,6.12,-6.433354545286799,2.34,-0.03,93.5
2016-07-06,4859.16,0.81,6.16,-6.453352561425918,2.34,-0.03,93.5
2016-07-07,4876.81,0.8,6.14,-6.4637172346821075,2.34,-0.03,93.5
2016-07-08,4956.76,0.82,6.02,-6.463118536270921,2.34,-0.03,93.5
2016-07-11,4988.64,0.76,5.88,-6.448432473635705,1.26,-0.03,93.5
2016-07-12,5022.82,0.77,5.66,-6.402562203621006,1.26,-0.03,93.5
2016-07-13,5005.73,0.84,5.46,-6.396631991871189,1.26,-0.03,93.5
2016-07-14,5034.06,0.8,5.58,-6.386772734441008,1.26,-0.03,93.5
2016-07-15,5029.59,0.85,5.44,-6.3874075589017885,1.26,-0.03,93.5
2016-07-18,5055.78,0.89,5.42,-6.387272084365561,1.62,-0.03,93.5
2016-07-19,5036.37,0.91,5.44,-6.377970684314766,1.62,-0.03,93.5
2016-07-20,5089.93,0.86,5.45,-6.372150156272147,1.62,-0.03,93.5
2016-07-21,5073.9,0.86,5.4,-6.37898494228259,1.62,-0.03,93.5
2016-07-22,5100.16,0.87,5.41,-6.3834945448860605,1.62,-0.03,93.5
2016-07-25,5097.63,0.86,5.39,-6.388853225309204,1.95,-0.03,93.5
2016-07-26,5110.05,0.86,5.39,-6.386011283132146,1.95,-0.03,93.5
2016-07-27,5139.81,0.82,5.45,-6.408834106375318,1.95,-0.03,93.5
2016-07-28,5154.98,0.79,5.51,-6.408780090154093,1.95,-0.03,93.5
2016-07-29,5162.13,0.8,5.54,-6.415217408414264,1.95,-0.03,93.5
2016-08-01,5184.2,0.79,5.69,-6.426715756015324,1.83,-0.03,90
2016-08-02,5137.73,0.84,5.69,-6.431922106036554,1.83,-0.03,90
2016-08-03,5159.74,0.88,5.73,-6.4309145936053405,1.83,-0.03,90
2016-08-04,5166.25,0.88,5.72,-6.444097616780676,1.83,-0.03,90
2016-08-05,5221.12,0.87,5.65,-6.436376517116754,1.83,-0.03,90
2016-08-08,5213.14,0.87,5.46,-6.428974210453592,1.97,-0.03,90
2016-08-09,5225.48,0.85,5.42,-6.439944592316425,1.97,-0.03,90
2016-08-10,5204.58,0.84,5.36,-6.434078398474205,1.97,-0.03,90
2016-08-11,5228.4,0.81,5.38,-6.423501810819146,1.97,-0.03,90
2016-08-12,5232.89,0.81,5.31,-6.442004276729571,1.97,-0.03,90
2016-08-15,5262.02,0.8,5.34,-6.439841029486635,1.63,-0.03,90
2016-08-16,5227.11,0.83,5.23,-6.437309563080218,1.63,-0.03,90
2016-08-17,5228.66,0.81,5.17,-6.440572944948053,1.63,-0.03,90
2016-08-18,5240.15,0.82,5.19,-6.439604603237515,1.63,-0.03,90
2016-08-19,5238.38,0.82,5.2,-6.431697365022391,1.63,-0.03,90
2016-08-22,5244.6,0.82,5.15,-6.442153163799004,1.76,-0.03,90
2016-08-23,5260.08,0.79,5.18,-6.455911989151806,1.76,-0.03,90
2016-08-24,5217.69,0.81,5.14,-6.462024847773989,1.76,-0.03,90
2016-08-25,5212.2,0.8,5.13,-6.458182021962208,1.76,-0.03,90
2016-08-26,5218.92,0.8,5.14,-6.458200273410118,1.76,-0.03,90
2016-08-29,5232.33,0.78,5.04,-6.461031228652418,1.81,-0.03,90
2016-08-30,5222.99,0.76,5.1,-6.452048194847693,1.81,-0.03,90
2016-08-31,5213.22,0.77,5.07,-6.447685300082053,1.81,-0.03,90
2016-09-01,5227.21,0.78,5.1,-6.452985540494044,1.81,0.07,89.8
2016-09-02,5249.9,0.79,5.12,-6.459044042245836,1.81,0.07,89.8
2016-09-06,5275.91,0.8,5.09,-6.4741329708977915,1.72,0.07,89.8
2016-09-07,5283.93,0.81,5.09,-6.466520943828271,1.72,0.07,89.8
2016-09-08,5259.48,0.8,5.07,-6.459680865779622,1.72,0.07,89.8
2016-09-09,5125.91,0.83,4.99,-6.457952445463086,1.72,0.07,89.8
2016-09-12,5211.89,0.88,5.1,-6.447683121382976,1.63,0.07,89.8
2016-09-13,5155.25,0.89,5.18,-6.445534749256691,1.63,0.07,89.8
2016-09-14,5173.77,0.93,5.24,-6.422206859127842,1.63,0.07,89.8
2016-09-15,5249.69,0.93,5.26,-6.413994001643834,1.63,0.07,89.8
2016-09-16,5244.57,0.97,5.26,-6.407826854601702,1.63,0.07,89.8
2016-09-19,5235.03,0.93,5.27,-6.415232421373958,1.65,0.07,89.8
2016-09-20,5241.35,0.91,5.25,-6.411602087164167,1.65,0.07,89.8
2016-09-21,5295.18,0.9,5.24,-6.426195575610892,1.65,0.07,89.8
2016-09-22,5339.52,0.87,5.22,-6.417971988683672,1.65,0.07,89.8
2016-09-23,5305.75,0.84,5.09,-6.412780943052101,1.65,0.07,89.8
2016-09-26,5257.49,0.85,5.1,-6.415704613438375,1.62,0.07,89.8
2016-09-27,5305.71,0.83,5.16,-6.418047036982563,1.62,0.07,89.8
2016-09-28,5318.55,0.81,5.18,-6.405426785470093,1.62,0.07,89.8
2016-09-29,5269.15,0.82,5.14,-6.406020626917399,1.62,0.07,89.8
2016-09-30,5312,0.83,5.09,-6.38996889472084,1.62,0.07,89.8
2016-10-03,5300.87,0.83,4.97,-6.395026994723593,1.89,0.1,91.2
2016-10-04,5289.66,0.83,4.93,-6.373192208521524,1.89,0.1,91.2
2016-10-05,5316.02,0.87,4.85,-6.373479821299899,1.89,0.1,91.2
2016-10-06,5306.85,0.87,4.78,-6.365273239691016,1.89,0.1,91.2
2016-10-07,5292.4,0.89,4.75,-6.3606903955828145,1.89,0.1,91.2
2016-10-10,5328.67,0.9,4.76,-6.351864059305925,1.91,0.1,91.2
2016-10-11,5246.79,0.9,4.76,-6.353763090702849,1.91,0.1,91.2
2016-10-12,5239.02,0.9,4.75,-6.356216136829653,1.91,0.1,91.2
2016-10-13,5213.33,0.92,4.75,-6.384601381483151,1.91,0.1,91.2
2016-10-14,5214.16,0.9,4.82,-6.388364292357223,1.91,0.1,91.2
2016-10-17,5199.82,0.96,4.72,-6.390899805146795,1.68,0.1,91.2
2016-10-18,5243.84,0.96,4.76,-6.396612974032279,1.68,0.1,91.2
2016-10-19,5246.41,0.93,4.72,-6.40309081214655,1.68,0.1,91.2
2016-10-20,5241.83,0.95,4.66,-6.404770969006543,1.68,0.1,91.2
2016-10-21,5257.4,0.92,4.62,-6.408513408989588,1.68,0.1,91.2
2016-10-24,5309.83,0.9,4.62,-6.403200761300773,1.73,0.1,91.2
2016-10-25,5283.4,0.93,4.6,-6.389498166405292,1.73,0.1,91.2
2016-10-26,5250.27,0.91,4.6,-6.380718798632888,1.73,0.1,91.2
2016-10-27,5215.97,0.93,4.66,-6.37465112046193,1.73,0.1,91.2
2016-10-28,5190.1,0.98,4.69,-6.366613785071412,1.73,0.1,91.2
2016-10-31,5189.13,1,4.76,-6.3584826411687905,1.96,0.1,91.2
2016-11-01,5153.58,0.98,4.91,-6.359292852260567,1.96,0.1,87.2
2016-11-02,5105.57,1,5.05,-6.37418164994093,1.96,0.1,87.2
2016-11-03,5058.41,1,5.15,-6.362169115559495,1.96,0.1,87.2
2016-11-04,5046.37,1.01,5.15,-6.356000345641786,1.96,0.1,87.2
2016-11-07,5166.17,1.01,5.01,-6.317115446127515,2.12,0.1,87.2
2016-11-08,5193.49,1.01,4.98,-6.283208736132787,2.12,0.1,87.2
2016-11-09,5251.07,1.17,4.94,-6.2495662171662545,2.12,0.1,87.2
2016-11-10,5208.8,1.23,4.97,-6.207448069407128,2.12,0.1,87.2
2016-11-11,5237.11,1.23,4.97,-6.190240263695585,2.12,0.1,87.2
2016-11-14,5218.4,1.23,5.11,-6.1833429622042315,1.97,0.1,87.2
2016-11-15,5275.62,1.21,4.94,-6.191999141855394,1.97,0.1,87.2
2016-11-16,5294.58,1.22,4.94,-6.206592268062793,1.97,0.1,87.2
2016-11-17,5333.97,1.25,4.85,-6.1913776840627115,1.97,0.1,87.2
2016-11-18,5321.51,1.27,4.84,-6.194095188539912,1.97,0.1,87.2
2016-11-21,5368.86,1.25,4.78,-6.175937532121111,2.33,0.1,87.2
2016-11-22,5386.35,1.24,4.7,-6.165432715636434,2.33,0.1,87.2
2016-11-23,5380.68,1.24,4.66,-6.122728269840409,2.33,0.1,87.2
2016-11-25,5398.92,1.24,4.64,-6.090583737095043,2.33,0.1,87.2
2016-11-28,5368.81,1.21,4.66,-6.10537116223276,2.19,0.1,87.2
2016-11-29,5379.92,1.21,4.69,-6.123030407807019,2.19,0.1,87.2
2016-11-30,5323.68,1.26,4.67,-6.099962937370304,2.19,0,93.8
2016-12-01,5251.11,1.31,4.62,-6.092331440119418,2.19,0,93.8
2016-12-02,5255.65,1.29,4.64,-6.106322674466884,2.19,0,93.8
2016-12-05,5308.89,1.26,4.58,-6.077788450381854,2.03,0,93.8
2016-12-06,5333,1.27,4.5,-6.079027699702147,2.03,0,93.8
2016-12-07,5393.76,1.24,4.42,-6.098855903901133,2.03,0,93.8
2016-12-08,5417.36,1.28,4.38,-6.101346432956133,2.03,0,93.8
2016-12-09,5444.5,1.32,4.28,-6.084196076695392,2.03,0,93.8
2016-12-12,5412.54,1.34,4.25,-6.098370260085875,2.23,0,93.8
2016-12-13,5463.83,1.31,4.2,-6.100378487873392,2.23,0,93.8
2016-12-14,5436.67,1.27,4.12,-6.102119144910922,2.23,0,93.8
2016-12-15,5456.85,1.31,4.2,-6.074092170660172,2.23,0,93.8
2016-12-16,5437.16,1.32,4.21,-6.094736707025514,2.23,0,93.8
2016-12-19,5457.44,1.3,4.23,-6.1250584502811805,2.52,0,93.8
2016-12-20,5483.94,1.32,4.2,-6.115863456169232,2.52,0,93.8
2016-12-21,5471.43,1.34,4.19,-6.117710756658726,2.52,0,93.8
2016-12-22,5447.42,1.33,4.17,-6.1145014770697115,2.52,0,93.8
2016-12-23,5462.69,1.33,4.16,-6.125298435323417,2.52,0,93.8
2016-12-27,5487.44,1.29,4.11,-6.115258764454646,3.34,0,93.8
2016-12-28,5438.56,1.25,4.15,-6.123081991725503,3.34,0,93.8
2016-12-29,5432.09,1.27,4.18,-6.1430568353133985,3.34,0,93.8
2016-12-30,5383.12,1.25,4.21,-6.13050607525722,3.34,0,93.8
2017-01-03,5429.08,1.23,4.13,-6.146016914026402,2.28,-0.07,98.2
2017-01-04,5477,1.22,4.02,-6.122094708041301,2.28,-0.07,98.2
2017-01-05,5487.94,1.2,4.04,-6.143191461586569,2.28,-0.07,98.2
2017-01-06,5521.06,1.2,3.98,-6.133137296356545,2.28,-0.07,98.2
2017-01-09,5531.82,1.17,4.02,-6.145840306417383,1.88,-0.07,98.2
2017-01-10,5551.82,1.19,4,-6.117612288214531,1.88,-0.07,98.2
2017-01-11,5563.65,1.18,4.03,-6.127697707087461,1.88,-0.07,98.2
2017-01-12,5547.49,1.18,4.05,-6.107270042803304,1.88,-0.07,98.2
2017-01-13,5574.12,1.19,4.02,-6.097363950996709,1.88,-0.07,98.2
2017-01-17,5538.73,1.16,4.06,-6.135688569271248,2.12,-0.07,98.2
2017-01-18,5555.65,1.19,4.01,-6.138272124646341,2.12,-0.07,98.2
2017-01-19,5540.08,1.22,3.99,-6.131784281308054,2.12,-0.07,98.2
2017-01-20,5555.33,1.28,4.02,-6.129070958885643,2.12,-0.07,98.2
2017-01-23,5552.94,1.25,4.1,-6.129377262549213,1.48,-0.07,98.2
2017-01-24,5600.96,1.26,4.02,-6.102641601031747,1.48,-0.07,98.2
2017-01-25,5656.34,1.3,3.93,-6.091293184938753,1.48,-0.07,98.2
2017-01-26,5655.18,1.3,3.93,-6.098339067597023,1.48,-0.07,98.2
2017-01-27,5660.78,1.27,3.93,-6.0910078408572925,1.48,-0.07,98.2
2017-01-30,5613.71,1.27,3.96,-6.110293279816675,2.45,-0.07,98.2
2017-01-31,5614.79,1.26,4,-6.0961465558217585,2.45,0,98.5
2017-02-01,5642.65,1.26,3.95,-6.099467704734284,2.45,0,98.5
2017-02-02,5636.2,1.27,3.93,-6.118247283110339,2.45,0,98.5
2017-02-03,5666.77,1.28,3.86,-6.145615226935241,2.45,0,98.5
2017-02-06,5663.55,1.26,3.91,-6.141349792035575,2.77,0,98.5
2017-02-07,5674.22,1.24,3.93,-6.151972527430707,2.77,0,98.5
2017-02-08,5682.45,1.19,3.98,-6.141696600416726,2.77,0,98.5
2017-02-09,5715.18,1.2,3.93,-6.144403154547345,2.77,0,98.5
2017-02-10,5734.13,1.21,3.9,-6.101429690840267,2.77,0,98.5
2017-02-13,5763.96,1.23,3.86,-6.087819488507877,1.87,0,98.5
2017-02-14,5782.57,1.22,3.8,-6.104160170233012,1.87,0,98.5
2017-02-15,5819.44,1.24,3.77,-6.109146217372451,1.87,0,98.5
2017-02-16,5814.9,1.23,3.83,-6.1240758918251155,1.87,0,98.5
2017-02-17,5838.58,1.21,3.86,-6.126299577990283,1.87,0,98.5
2017-02-21,5865.95,1.21,3.81,-6.112015960384903,2.28,0,98.5
2017-02-22,5860.63,1.2,3.78,-6.112048875626011,2.28,0,98.5
2017-02-23,5835.51,1.2,3.77,-6.159914406870896,2.28,0,98.5
2017-02-24,5845.31,1.19,3.84,-6.151700088075157,2.28,0,98.5
2017-02-27,5861.9,1.16,3.75,-6.145403407404688,2.36,0,98.5
2017-02-28,5825.44,1.14,3.74,-6.135590411783815,2.36,0.03,96.3
2017-03-01,5904.03,1.17,3.57,-6.124401830536042,2.36,0.03,96.3
2017-03-02,5861.22,1.17,3.55,-6.12739734692717,2.36,0.03,96.3
2017-03-03,5870.75,1.17,3.6,-6.1199652279034,2.36,0.03,96.3
2017-03-06,5849.17,1.18,3.66,-6.135790130644551,2.52,0.03,96.3
2017-03-07,5833.93,1.2,3.73,-6.140802661249548,2.52,0.03,96.3
2017-03-08,5837.55,1.21,3.79,-6.142175913608122,2.52,0.03,96.3
2017-03-09,5838.81,1.23,3.88,-6.144950554262049,2.52,0.03,96.3
2017-03-10,5861.73,1.22,3.89,-6.137656305798209,2.52,0.03,96.3
2017-03-13,5875.78,1.22,3.89,-6.127385483943701,2.9,0.03,96.3
2017-03-14,5856.82,1.22,3.94,-6.123357976612143,2.9,0.03,96.3
2017-03-15,5900.05,1.2,4.05,-6.113650532127812,2.9,0.03,96.3
2017-03-16,5900.76,1.18,4.02,-6.127525417642735,2.9,0.03,96.3
2017-03-17,5901,1.18,3.88,-6.124833377755393,2.9,0.03,96.3
2017-03-20,5901.53,1.17,3.91,-6.137061959265456,2.71,0.03,96.3
2017-03-21,5793.83,1.17,3.97,-6.165493268226207,2.71,0.03,96.3
2017-03-22,5821.64,1.16,4.04,-6.163484859303013,2.71,0.03,96.3
2017-03-23,5817.69,1.13,4.16,-6.156174306219669,2.71,0.03,96.3
2017-03-24,5828.74,1.15,4.11,-6.162334107661672,2.71,0.03,96.3
2017-03-27,5840.37,1.14,4.07,-6.167704451531847,2.92,0.03,96.3
2017-03-28,5875.14,1.11,4.12,-6.151045682701816,2.92,0.03,96.3
2017-03-29,5897.55,1.12,4.01,-6.148970934782213,2.92,0.03,96.3
2017-03-30,5914.34,1.13,3.94,-6.146657436513684,2.92,0.03,96.3
2017-03-31,5911.74,1.14,3.85,-6.156355778285046,2.92,0.03,96.3
2017-04-03,5894.68,1.13,3.92,-6.177237027572049,2.82,-0.03,96.9
2017-04-04,5898.61,1.11,3.98,-6.177480140329884,2.82,-0.03,96.9
2017-04-05,5864.48,1.11,3.98,-6.143881315197063,2.82,-0.03,96.9
2017-04-06,5878.95,1.1,3.91,-6.155961391326423,2.82,-0.03,96.9
2017-04-07,5877.81,1.1,3.93,-6.163294920354171,2.82,-0.03,96.9
2017-04-10,5880.93,1.09,3.86,-6.17696524885017,2.59,-0.03,96.9
2017-04-11,5866.77,1.08,3.86,-6.1914901656179815,2.59,-0.03,96.9
2017-04-12,5836.16,1.08,3.94,-6.218999229135183,2.59,-0.03,96.9
2017-04-13,5805.15,1.04,3.96,-6.217133597578997,2.59,-0.03,96.9
2017-04-17,5856.79,1.03,4.03,-6.209897483124412,2.54,-0.03,96.9
2017-04-18,5849.47,1.05,4,-6.237746784139796,2.54,-0.03,96.9
2017-04-19,5863.03,1,4.07,-6.227271706386148,2.54,-0.03,96.9
2017-04-20,5916.78,1.02,4.01,-6.224628536110416,2.54,-0.03,96.9
2017-04-21,5910.52,1.03,3.98,-6.230520235081153,2.54,-0.03,96.9
2017-04-24,5983.82,1.04,3.97,-6.215587051021176,2.4,-0.03,96.9
2017-04-25,6025.49,1.03,3.86,-6.197357186551285,2.4,-0.03,96.9
2017-04-26,6025.23,1.06,3.78,-6.19111623267838,2.4,-0.03,96.9
2017-04-27,6048.94,1.04,3.76,-6.190723104086255,2.4,-0.03,96.9
2017-04-28,6047.61,1.05,3.78,-6.187040792180594,2.4,-0.03,96.9
2017-05-01,6091.6,1.01,3.81,-6.156775103543353,2.74,-0.13,97
2017-05-02,6095.37,1.05,3.78,-6.167410291277123,2.74,-0.13,97
2017-05-03,6072.55,1.02,3.79,-6.196157024439145,2.74,-0.13,97
2017-05-04,6075.34,1.03,3.76,-6.192750404521865,2.74,-0.13,97
2017-05-05,6100.76,1.04,3.8,-6.184619700259237,2.74,-0.13,97
2017-05-08,6102.66,1.04,3.82,-6.198721594978462,2.67,-0.13,97
2017-05-09,6120.59,1.06,3.8,-6.187913884283568,2.67,-0.13,97
2017-05-10,6129.14,1.05,3.74,-6.191615783342836,2.67,-0.13,97
2017-05-11,6115.96,1.06,3.72,-6.1905572256462955,2.67,-0.13,97
2017-05-12,6121.23,1.04,3.72,-6.187052834507828,2.67,-0.13,97
2017-05-15,6149.67,1.04,3.77,-6.1829991456439215,2.49,-0.13,97
2017-05-16,6169.87,1.03,3.72,-6.183669791877117,2.49,-0.13,97
2017-05-17,6011.24,1.04,3.71,-6.203114853954937,2.49,-0.13,97
2017-05-18,6055.13,0.96,3.84,-6.204324312808712,2.49,-0.13,97
2017-05-19,6083.7,0.96,3.85,-6.185404065704244,2.49,-0.13,97
2017-05-22,6133.62,0.95,3.78,-6.186198317944404,2.84,-0.13,97
2017-05-23,6138.71,0.96,3.72,-6.181317379755796,2.84,-0.13,97
2017-05-24,6163.02,0.98,3.67,-6.184230691426137,2.84,-0.13,97
2017-05-25,6205.26,0.97,3.68,-6.181456323673246,2.84,-0.13,97
2017-05-26,6210.19,0.95,3.67,-6.202926730047409,2.84,-0.13,97
2017-05-30,6203.19,0.95,3.67,-6.201812068739979,2.2,-0.13,97
2017-05-31,6198.52,0.93,3.68,-6.203225734947646,2.2,-0.13,97
2017-06-01,6246.83,0.93,3.74,-6.196158757918786,2.2,-0.13,97.1
2017-06-02,6305.8,0.93,3.69,-6.2091162542038445,2.2,-0.13,97.1
2017-06-05,6295.68,0.87,3.69,-6.217692291462161,2.29,-0.13,97.1
2017-06-06,6275.06,0.86,3.68,-6.2332784190427235,2.29,-0.13,97.1
2017-06-07,6297.38,0.84,3.72,-6.228193624329389,2.29,-0.13,97.1
2017-06-08,6321.76,0.86,3.73,-6.195066023498512,2.29,-0.13,97.1
2017-06-09,6207.92,0.86,3.76,-6.173502991551628,2.29,-0.13,97.1
2017-06-12,6175.46,0.86,3.73,-6.184450378574341,2.24,-0.13,97.1
2017-06-13,6220.37,0.86,3.71,-6.19150482489756,2.24,-0.13,97.1
2017-06-14,6194.89,0.83,3.68,-6.206140250817025,2.24,-0.13,97.1
2017-06-15,6165.5,0.8,3.7,-6.19241868426276,2.24,-0.13,97.1
2017-06-16,6151.76,0.81,3.72,-6.194516817925224,2.24,-0.13,97.1
2017-06-19,6239.01,0.84,3.76,-6.17679053246912,2.74,-0.13,97.1
2017-06-20,6188.03,0.83,3.7,-6.187828753454744,2.74,-0.13,97.1
2017-06-21,6233.95,0.8,3.77,-6.171252792729732,2.74,-0.13,97.1
2017-06-22,6236.69,0.8,3.85,-6.175291959400116,2.74,-0.13,97.1
2017-06-23,6265.25,0.81,3.87,-6.171305896582648,2.74,-0.13,97.1
2017-06-26,6247.15,0.81,3.86,-6.162743321020707,2.29,-0.13,97.1
2017-06-27,6146.62,0.78,3.83,-6.1549888267575765,2.29,-0.13,97.1
2017-06-28,6234.41,0.83,3.77,-6.151664495917577,2.29,-0.13,97.1
2017-06-29,6144.35,0.88,3.77,-6.135949456910459,2.29,-0.13,97.1
2017-06-30,6140.42,0.89,3.76,-6.127402208703103,2.29,-0.13,97.1
2017-07-03,6110.06,0.93,3.77,-6.1152943711029195,2.49,-0.03,95
2017-07-05,6150.86,0.94,3.72,-6.129672487616406,2.49,-0.03,95
2017-07-06,6089.46,0.92,3.73,-6.1304175304221955,2.49,-0.03,95
2017-07-07,6153.08,0.97,3.78,-6.124700750720838,2.49,-0.03,95
2017-07-10,6176.39,0.99,3.83,-6.127400977321002,2.63,-0.03,95
2017-07-11,6193.3,0.98,3.83,-6.119425156031826,2.63,-0.03,95
2017-07-12,6261.17,1,3.85,-6.118559941461665,2.63,-0.03,95
2017-07-13,6274.44,0.98,3.81,-6.125500696784876,2.63,-0.03,95
2017-07-14,6312.47,0.98,3.77,-6.122821987923907,2.63,-0.03,95
2017-07-17,6314.43,0.98,3.73,-6.1156716747901525,2.49,-0.03,95
2017-07-18,6344.31,0.95,3.69,-6.119913001343916,2.49,-0.03,95
2017-07-19,6385.04,0.91,3.69,-6.127345142775169,2.49,-0.03,95
2017-07-20,6390,0.9,3.64,-6.128132125005785,2.49,-0.03,95
2017-07-21,6387.75,0.9,3.61,-6.133260591291284,2.49,-0.03,95
2017-07-24,6410.81,0.88,3.64,-6.127653195428793,2.39,-0.03,95
2017-07-25,6412.17,0.89,3.63,-6.086487251265902,2.39,-0.03,95
2017-07-26,6422.75,0.93,3.55,-6.075410063873492,2.39,-0.03,95
2017-07-27,6382.19,0.93,3.56,-6.081945138331623,2.39,-0.03,95
2017-07-28,6374.68,0.96,3.55,-6.09488404978354,2.39,-0.03,95
2017-07-31,6348.12,0.96,3.59,-6.087670368966789,2.51,-0.03,95
2017-08-01,6362.94,0.96,3.61,-6.096009040913646,2.51,-0.03,93.4
2017-08-02,6362.65,0.92,3.6,-6.0940130002972035,2.51,-0.03,93.4
2017-08-03,6340.34,0.91,3.59,-6.093135150130663,2.51,-0.03,93.4
2017-08-04,6351.56,0.9,3.63,-6.08298624566445,2.51,-0.03,93.4
2017-08-07,6383.77,0.91,3.63,-6.075468597309192,2.51,-0.03,93.4
2017-08-08,6370.46,0.9,3.64,-6.06166880578123,2.51,-0.03,93.4
2017-08-09,6352.33,0.93,3.64,-6.0800903246132405,2.51,-0.03,93.4
2017-08-10,6216.87,0.91,3.81,-6.096730328688598,2.51,-0.03,93.4
2017-08-11,6256.56,0.87,3.92,-6.096653344726406,2.51,-0.03,93.4
2017-08-14,6340.23,0.89,4,-6.096446268360549,2.27,-0.03,93.4
2017-08-15,6333.01,0.89,3.89,-6.095549535787285,2.27,-0.03,93.4
2017-08-16,6345.11,0.92,3.87,-6.073887511490142,2.27,-0.03,93.4
2017-08-17,6221.91,0.9,3.88,-6.086527156198658,2.27,-0.03,93.4
2017-08-18,6216.53,0.87,3.93,-6.085397540023948,2.27,-0.03,93.4
2017-08-21,6213.13,0.86,3.98,-6.075486782876994,2.6,-0.03,93.4
2017-08-22,6297.48,0.86,4,-6.06890285161267,2.6,-0.03,93.4
2017-08-23,6278.41,0.89,3.93,-6.073943215386757,2.6,-0.03,93.4
2017-08-24,6271.33,0.85,3.95,-6.054064803416207,2.6,-0.03,93.4
2017-08-25,6265.64,0.86,3.91,-6.058785784293498,2.6,-0.03,93.4
2017-08-28,6283.02,0.82,3.89,-6.062425227624095,2.65,-0.03,93.4
2017-08-29,6301.89,0.83,3.88,-6.059299115217308,2.65,-0.03,93.4
2017-08-30,6368.31,0.8,3.9,-6.05370755412957,2.65,-0.03,93.4
2017-08-31,6428.66,0.82,3.86,-6.056134171479453,2.65,-0.03,93.4
2017-09-01,6435.33,0.79,3.85,-6.056043157243133,2.65,0.03,96.8
2017-09-05,6375.57,0.81,3.82,-6.063383653025855,2.13,0.03,96.8
2017-09-06,6393.31,0.77,3.91,-6.051799815720145,2.13,0.03,96.8
2017-09-07,6397.87,0.8,3.84,-6.062745240126018,2.13,0.03,96.8
2017-09-08,6360.19,0.78,3.88,-6.0963975507149675,2.13,0.03,96.8
2017-09-11,6432.26,0.79,3.92,-6.076836997533437,2.35,0.03,96.8
2017-09-12,6454.28,0.82,3.85,-6.084421379052298,2.35,0.03,96.8
2017-09-13,6460.19,0.84,3.81,-6.099170515340445,2.35,0.03,96.8
2017-09-14,6429.08,0.85,3.78,-6.108063450003149,2.35,0.03,96.8
2017-09-15,6448.47,0.83,3.74,-6.107852540592601,2.35,0.03,96.8
2017-09-18,6454.64,0.81,3.73,-6.090167721043037,2.39,0.03,96.8
2017-09-19,6461.32,0.83,3.68,-6.089846738131619,2.39,0.03,96.8
2017-09-20,6456.04,0.84,3.66,-6.094430821287562,2.39,0.03,96.8
2017-09-21,6422.69,0.83,3.6,-6.089574441035837,2.39,0.03,96.8
2017-09-22,6426.92,0.82,3.62,-6.088255591637555,2.39,0.03,96.8
2017-09-25,6370.59,0.8,3.64,-6.101367919836651,2.79,0.03,96.8
2017-09-26,6380.16,0.78,3.66,-6.100185289600437,2.79,0.03,96.8
2017-09-27,6453.26,0.79,3.62,-6.085858855101376,2.79,0.03,96.8
2017-09-28,6453.45,0.84,3.57,-6.069130422598411,2.79,0.03,96.8
2017-09-29,6495.96,0.86,3.57,-6.074859692334436,2.79,0.03,96.8
2017-10-02,6516.72,0.86,3.56,-6.067660870525568,2.65,-0.03,95.1
2017-10-03,6531.71,0.85,3.55,-6.064016680634438,2.65,-0.03,95.1
2017-10-04,6534.63,0.86,3.55,-6.067260853277472,2.65,-0.03,95.1
2017-10-05,6585.36,0.86,3.54,-6.035295304701526,2.65,-0.03,95.1
2017-10-06,6590.18,0.86,3.52,-6.042390491098977,2.65,-0.03,95.1
2017-10-09,6579.73,0.83,3.52,-6.049621399253654,2.67,-0.03,95.1
2017-10-10,6587.25,0.83,3.51,-6.046760602300898,2.67,-0.03,95.1
2017-10-11,6603.55,0.84,3.52,-6.031594976433584,2.67,-0.03,95.1
2017-10-12,6591.51,0.84,3.52,-6.029590603157328,2.67,-0.03,95.1
2017-10-13,6605.8,0.82,3.56,-6.0315011686794024,2.67,-0.03,95.1
2017-10-16,6624,0.77,3.6,-5.9971599369356525,2.81,-0.03,95.1
2017-10-17,6623.66,0.76,3.53,-5.997703843592563,2.81,-0.03,95.1
2017-10-18,6624.22,0.76,3.5,-6.000704296501112,2.81,-0.03,95.1
2017-10-19,6605.07,0.75,3.46,-6.009454864142561,2.81,-0.03,95.1
2017-10-20,6629.05,0.75,3.48,-6.002694884637536,2.81,-0.03,95.1
2017-10-23,6586.83,0.79,3.42,-5.995924473909122,2.66,-0.03,95.1
2017-10-24,6598.43,0.8,3.4,-5.990760734762214,2.66,-0.03,95.1
2017-10-25,6563.89,0.82,3.38,-5.996009653278887,2.66,-0.03,95.1
2017-10-26,6556.77,0.83,3.42,-5.990362445130727,2.66,-0.03,95.1
2017-10-27,6701.26,0.83,3.41,-6.015657991961737,2.66,-0.03,95.1
2017-10-30,6698.96,0.83,3.44,-6.017551259281133,2.51,-0.03,95.1
2017-10-31,6727.67,0.79,3.49,-6.015441162641907,2.51,-0.03,95.1
2017-11-01,6716.53,0.78,3.51,-6.007485092566466,2.51,-0.07,100.7
2017-11-02,6714.94,0.76,3.48,-6.00779305029669,2.51,-0.07,100.7
2017-11-03,6764.44,0.74,3.52,-6.009110661136986,2.51,-0.07,100.7
2017-11-06,6786.44,0.71,3.55,-6.006084001071585,2.58,-0.07,100.7
2017-11-07,6767.78,0.69,3.57,-6.0234812978714105,2.58,-0.07,100.7
2017-11-08,6789.12,0.67,3.67,-6.026261003931044,2.58,-0.07,100.7
2017-11-09,6750.05,0.7,3.79,-6.033581878596922,2.58,-0.07,100.7
2017-11-10,6750.94,0.73,3.76,-6.02644375803899,2.58,-0.07,100.7
2017-11-13,6757.6,0.7,3.77,-6.017045035172506,2.65,-0.07,100.7
2017-11-14,6737.87,0.7,3.84,-6.03683084986712,2.65,-0.07,100.7
2017-11-15,6706.21,0.65,3.97,-6.036200952489593,2.65,-0.07,100.7
2017-11-16,6793.29,0.65,3.79,-6.038722479391781,2.65,-0.07,100.7
2017-11-17,6782.79,0.62,3.76,-6.046723719846605,2.65,-0.07,100.7
2017-11-20,6790.71,0.6,3.7,-6.021795230329921,2.74,-0.07,100.7
2017-11-21,6862.48,0.59,3.66,-6.015388944279497,2.74,-0.07,100.7
2017-11-22,6867.36,0.58,3.7,-6.020834541915524,2.74,-0.07,100.7
2017-11-24,6889.16,0.59,3.67,-6.006886199956805,2.74,-0.07,100.7
2017-11-27,6878.52,0.58,3.66,-6.023332874572341,2.5,-0.07,100.7
2017-11-28,6912.36,0.59,3.67,-6.04402270945295,2.5,-0.07,100.7
2017-11-29,6824.39,0.59,3.64,-6.038258570853748,2.5,-0.07,100.7
2017-11-30,6873.97,0.64,3.61,-6.0323126509479605,2.5,-0.1,98.5
2017-12-01,6847.59,0.59,3.63,-6.027430794180564,2.5,-0.1,98.5
2017-12-04,6775.37,0.57,3.58,-6.024645774687624,2.61,-0.1,98.5
2017-12-05,6762.21,0.53,3.57,-6.062300028613057,2.61,-0.1,98.5
2017-12-06,6776.38,0.55,3.63,-6.0580006917913245,2.61,-0.1,98.5
2017-12-07,6812.84,0.57,3.63,-6.046667376005954,2.61,-0.1,98.5
2017-12-08,6840.08,0.58,3.63,-6.038198192310019,2.61,-0.1,98.5
2017-12-11,6875.08,0.57,3.61,-6.025977456500902,2.47,-0.1,98.5
2017-12-12,6862.32,0.57,3.58,-6.017986971625476,2.47,-0.1,98.5
2017-12-13,6875.8,0.57,3.64,-6.013489728946591,2.47,-0.1,98.5
2017-12-14,6856.53,0.53,3.63,-6.014071197462733,2.47,-0.1,98.5
2017-12-15,6936.58,0.51,3.64,-5.994411230242008,2.47,-0.1,98.5
2017-12-18,6994.76,0.55,3.64,-5.9970907753490925,2.49,-0.1,98.5
2017-12-19,6963.85,0.59,3.6,-5.994316260067171,2.49,-0.1,98.5
2017-12-20,6960.96,0.62,3.58,-5.984557141308171,2.49,-0.1,98.5
2017-12-21,6965.36,0.59,3.57,-5.9780184408363315,2.49,-0.1,98.5
2017-12-22,6959.96,0.57,3.56,-5.978567157544852,2.49,-0.1,98.5
2017-12-26,6936.25,0.55,3.57,-5.972461782735096,2.98,-0.1,98.5
2017-12-27,6939.34,0.53,3.59,-5.974419988602185,2.98,-0.1,98.5
2017-12-28,6950.16,0.52,3.55,-5.9714684599631855,2.98,-0.1,98.5
2017-12-29,6903.39,0.51,3.58,-5.983173950087019,2.98,-0.1,98.5
2018-01-02,7006.9,0.54,3.55,-5.99519461651864,2.86,-0.03,95.9
2018-01-03,7065.53,0.5,3.48,-6.003289975776478,2.86,-0.03,95.9
2018-01-04,7077.91,0.5,3.4,-6.00395138515553,2.86,-0.03,95.9
2018-01-05,7136.56,0.51,3.36,-6.014800597072386,2.86,-0.03,95.9
2018-01-08,7157.39,0.53,3.35,-6.015067175334656,2.62,-0.03,95.9
2018-01-09,7163.58,0.57,3.33,-6.0124645111587425,2.62,-0.03,95.9
2018-01-10,7153.57,0.57,3.42,-6.010673096374547,2.62,-0.03,95.9
2018-01-11,7211.78,0.56,3.4,-6.013868664989158,2.62,-0.03,95.9
2018-01-12,7261.06,0.56,3.37,-6.027696249151154,2.62,-0.03,95.9
2018-01-16,7223.69,0.51,3.34,-6.029032300624519,2.88,-0.03,95.9
2018-01-17,7298.28,0.52,3.34,-6.04012031170729,2.88,-0.03,95.9
2018-01-18,7296.05,0.57,3.35,-6.0279884779088535,2.88,-0.03,95.9
2018-01-19,7336.38,0.58,3.35,-6.036025425635087,2.88,-0.03,95.9
2018-01-22,7408.03,0.58,3.32,-6.03167982329893,3.07,-0.03,95.9
2018-01-23,7460.29,0.57,3.31,-6.063014951061927,3.07,-0.03,95.9
2018-01-24,7415.06,0.57,3.28,-6.040498049884285,3.07,-0.03,95.9
2018-01-25,7411.16,0.55,3.28,-6.04907624956455,3.07,-0.03,95.9
2018-01-26,7505.77,0.53,3.23,-6.046575957397331,3.07,-0.03,95.9
2018-01-29,7466.51,0.59,3.26,-6.03937469869163,2.72,-0.03,95.9
2018-01-30,7402.48,0.6,3.33,-6.040717504917036,2.72,-0.03,95.9
2018-01-31,7411.48,0.58,3.29,-6.04099208380683,2.72,0,95.7
2018-02-01,7385.86,0.62,3.29,-6.040343742616504,2.72,0,95.7
2018-02-02,7240.95,0.69,3.36,-6.039171024394206,2.72,0,95.7
2018-02-05,6967.53,0.69,3.48,-6.028117665229912,2.33,0,95.7
2018-02-06,7115.88,0.69,3.6,-6.032850822655154,2.33,0,95.7
2018-02-07,7051.98,0.69,3.46,-6.0539260138753805,2.33,0,95.7
2018-02-08,6777.16,0.72,3.59,-6.0590504158193905,2.33,0,95.7
2018-02-09,6874.49,0.78,3.82,-6.0724070539715775,2.33,0,95.7
2018-02-12,6981.96,0.77,3.71,-6.063186021529217,2.69,0,95.7
2018-02-13,7013.51,0.73,3.78,-6.041872073825079,2.69,0,95.7
2018-02-14,7143.62,0.74,3.69,-6.039430308922396,2.69,0,95.7
2018-02-15,7256.43,0.71,3.57,-6.034508689530584,2.69,0,95.7
2018-02-16,7239.47,0.66,3.5,-6.034248598911293,2.69,0,95.7
2018-02-20,7234.31,0.63,3.48,-6.03365842574068,2.57,0,95.7
2018-02-21,7218.23,0.68,3.46,-6.026373572040697,2.57,0,95.7
2018-02-22,7210.09,0.67,3.53,-6.018926052952768,2.57,0,95.7
2018-02-23,7337.39,0.63,3.58,-6.026110309468522,2.57,0,95.7
2018-02-26,7421.46,0.64,3.5,-6.0326680169417175,2.58,0,95.7
2018-02-27,7330.35,0.63,3.47,-6.025402710906987,2.58,0,95.7
2018-02-28,7273.01,0.62,3.47,-6.041963431861757,2.58,0,99.7
2018-03-01,7180.56,0.59,3.59,-6.035317486418224,2.58,0,99.7
2018-03-02,7257.87,0.61,3.65,-6.04868519119096,2.58,0,99.7
2018-03-05,7330.7,0.64,3.59,-6.044917432451844,2.59,0,99.7
2018-03-06,7372.01,0.63,3.53,-6.046580850527677,2.59,0,99.7
2018-03-07,7396.65,0.64,3.56,-6.048179977357658,2.59,0,99.7
2018-03-08,7427.95,0.61,3.56,-6.0620691968213976,2.59,0,99.7
2018-03-09,7560.81,0.63,3.53,-6.045464634008792,2.59,0,99.7
2018-03-12,7588.32,0.63,3.53,-6.046878660628479,2.34,0,99.7
2018-03-13,7511.01,0.6,3.55,-6.047165735132363,2.34,0,99.7
2018-03-14,7496.81,0.58,3.58,-6.039523234755735,2.34,0,99.7
2018-03-15,7481.74,0.55,3.62,-6.0434849951207905,2.34,0,99.7
2018-03-16,7481.99,0.53,3.62,-6.045718057499512,2.34,0,99.7
2018-03-19,7344.24,0.54,3.6,-6.058140221581795,2.54,0,99.7
2018-03-20,7364.3,0.54,3.65,-6.068032342913404,2.54,0,99.7
2018-03-21,7345.29,0.55,3.62,-6.068598134343861,2.54,0,99.7
2018-03-22,7166.68,0.58,3.6,-6.085720589325046,2.54,0,99.7
2018-03-23,6992.67,0.54,3.7,-6.111509565744219,2.54,0,99.7
2018-03-26,7220.54,0.54,3.74,-6.122994780499193,2.47,0,99.7
2018-03-27,7008.81,0.52,3.73,-6.103137376084197,2.47,0,99.7
2018-03-28,6949.23,0.52,3.75,-6.093655488004529,2.47,0,99.7
2018-03-29,7063.44,0.49,3.77,-6.083825715551917,2.47,0,99.7
2018-04-02,6870.12,0.47,3.72,-6.090419343985449,2.47,0,101.4
2018-04-03,6941.28,0.48,3.77,-6.078849881695179,2.47,0,101.4
2018-04-04,7042.11,0.51,3.71,-6.098467957616705,2.47,0,101.4
2018-04-05,7076.55,0.51,3.71,-6.068663478788481,2.47,0,101.4
2018-04-06,6915.11,0.53,3.59,-6.079585601894366,2.47,0,101.4
2018-04-09,6950.34,0.5,3.64,-6.076544420686278,2.39,0,101.4
2018-04-10,7094.3,0.49,3.61,-6.061551284031129,2.39,0,101.4
2018-04-11,7069.03,0.48,3.52,-6.078368977944898,2.39,0,101.4
2018-04-12,7140.25,0.47,3.5,-6.08228374592334,2.39,0,101.4
2018-04-13,7106.65,0.49,3.42,-6.084299863285539,2.39,0,101.4
2018-04-16,7156.28,0.45,3.38,-6.078428811589569,2.72,0,101.4
2018-04-17,7281.1,0.44,3.33,-6.082722186313099,2.72,0,101.4
2018-04-18,7295.24,0.41,3.29,-6.060351877697738,2.72,0,101.4
2018-04-19,7238.06,0.45,3.24,-6.065298809119034,2.72,0,101.4
2018-04-20,7146.13,0.48,3.33,-6.0565262567174445,2.72,0,101.4
2018-04-23,7128.6,0.5,3.33,-6.053629251524016,2.53,0,101.4
2018-04-24,7007.35,0.49,3.36,-6.050327780345279,2.53,0,101.4
2018-04-25,7003.74,0.52,3.41,-6.045036309375751,2.53,0,101.4
2018-04-26,7118.68,0.54,3.47,-6.047886766238037,2.53,0,101.4
2018-04-27,7119.8,0.51,3.43,-6.066444779692545,2.53,0,101.4
2018-04-30,7066.27,0.47,3.44,-6.0618011261289855,2.22,0,101.4
2018-05-01,7130.7,0.46,3.46,-6.064301871060248,2.22,-0.07,98.8
2018-05-02,7100.9,0.47,3.47,-6.053229141362828,2.22,-0.07,98.8
2018-05-03,7088.15,0.48,3.45,-6.054749442336873,2.22,-0.07,98.8
2018-05-04,7209.62,0.45,3.5,-6.054650062923574,2.22,-0.07,98.8
2018-05-07,7265.21,0.44,3.49,-6.056302430707229,2.64,-0.07,98.8
2018-05-08,7266.9,0.46,3.46,-6.0625147973066955,2.64,-0.07,98.8
2018-05-09,7339.91,0.46,3.46,-6.062472285723606,2.64,-0.07,98.8
2018-05-10,7404.97,0.46,3.43,-6.052505197371635,2.64,-0.07,98.8
2018-05-11,7402.88,0.43,3.41,-6.050812253022623,2.64,-0.07,98.8
2018-05-14,7411.32,0.43,3.4,-6.054880954915687,2.58,-0.07,98.8
2018-05-15,7351.63,0.45,3.37,-6.045523157153526,2.58,-0.07,98.8
2018-05-16,7398.3,0.5,3.36,-6.041719197748578,2.58,-0.07,98.8
2018-05-17,7382.47,0.51,3.37,-6.0340848589400755,2.58,-0.07,98.8
2018-05-18,7354.34,0.54,3.36,-6.043846688669034,2.58,-0.07,98.8
2018-05-21,7394.04,0.51,3.41,-6.0321768050926385,2.16,-0.07,98.8
2018-05-22,7378.46,0.48,3.4,-6.02227490621399,2.16,-0.07,98.8
2018-05-23,7425.96,0.47,3.39,-6.0402469569650465,2.16,-0.07,98.8
2018-05-24,7424.43,0.48,3.48,-6.043387488187683,2.16,-0.07,98.8
2018-05-25,7433.85,0.48,3.49,-6.048844075592261,2.16,-0.07,98.8
2018-05-29,7396.59,0.45,3.53,-6.050118440799754,2.8,-0.07,98.8
2018-05-30,7462.45,0.45,3.75,-6.053755309323068,2.8,-0.07,98.8
2018-05-31,7442.12,0.42,3.64,-6.053680838883528,2.8,-0.07,98.8
2018-06-01,7554.33,0.43,3.63,-6.038662813468665,2.8,-0.1,98
2018-06-04,7606.46,0.42,3.55,-6.025570788845081,2.63,-0.1,98
2018-06-05,7637.86,0.42,3.49,-6.009128470894707,2.63,-0.1,98
2018-06-06,7689.24,0.43,3.5,-5.988855382862061,2.63,-0.1,98
2018-06-07,7635.07,0.45,3.44,-5.98610670803763,2.63,-0.1,98
2018-06-08,7645.51,0.43,3.44,-5.978271844231084,2.63,-0.1,98
2018-06-11,7659.93,0.43,3.45,-5.991771530993739,2.74,-0.1,98
2018-06-12,7703.79,0.44,3.39,-5.991156760094164,2.74,-0.1,98
2018-06-13,7695.7,0.42,3.38,-5.991234034985865,2.74,-0.1,98
2018-06-14,7761.04,0.39,3.33,-6.006481578762048,2.74,-0.1,98
2018-06-15,7746.38,0.35,3.31,-6.00778789972982,2.74,-0.1,98
2018-06-18,7747.03,0.38,3.33,-6.021196788340452,2.16,-0.1,98
2018-06-19,7725.59,0.36,3.34,-6.039363508329054,2.16,-0.1,98
2018-06-20,7781.51,0.35,3.4,-6.0382872482381424,2.16,-0.1,98
2018-06-21,7712.95,0.37,3.34,-6.041412405940743,2.16,-0.1,98
2018-06-22,7692.82,0.34,3.39,-6.039751178670907,2.16,-0.1,98
2018-06-25,7532.01,0.34,3.39,-6.051636123168896,2.32,-0.1,98
2018-06-26,7561.63,0.33,3.47,-6.042845571604353,2.32,-0.1,98
2018-06-27,7445.08,0.35,3.48,-6.04233473306664,2.32,-0.1,98
2018-06-28,7503.68,0.31,3.56,-6.0426316346423325,2.32,-0.1,98
2018-06-29,7510.3,0.32,3.64,-6.047278122090736,2.32,-0.1,98
2018-07-02,7567.69,0.33,3.71,-6.044467486556167,2.74,-0.03,98.2
2018-07-03,7502.67,0.3,3.78,-6.063139226712764,2.74,-0.03,98.2
2018-07-05,7586.43,0.3,3.77,-6.099051880927916,2.74,-0.03,98.2
2018-07-06,7688.39,0.29,3.74,-6.097373779049013,2.74,-0.03,98.2
2018-07-09,7756.2,0.29,3.74,-6.09123049494631,2.62,-0.03,98.2
2018-07-10,7759.2,0.29,3.65,-6.091581545548081,2.62,-0.03,98.2
2018-07-11,7716.61,0.28,3.59,-6.117174287506589,2.62,-0.03,98.2
2018-07-12,7823.92,0.27,3.66,-6.1068039160500875,2.62,-0.03,98.2
2018-07-13,7825.98,0.25,3.61,-6.103003021426146,2.62,-0.03,98.2
2018-07-16,7805.72,0.24,3.62,-6.1057649070482505,2.5,-0.03,98.2
2018-07-17,7855.12,0.26,3.59,-6.102062506490326,2.5,-0.03,98.2
2018-07-18,7854.44,0.24,3.58,-6.097829992437409,2.5,-0.03,98.2
2018-07-19,7825.3,0.28,3.56,-6.118295747162685,2.5,-0.03,98.2
2018-07-20,7820.2,0.24,3.59,-6.101883004502157,2.5,-0.03,98.2
2018-07-23,7841.87,0.29,3.55,-6.1008584251857885,2.49,-0.03,98.2
2018-07-24,7840.77,0.32,3.5,-6.077741799508175,2.49,-0.03,98.2
2018-07-25,7932.24,0.32,3.47,-6.080381826321148,2.49,-0.03,98.2
2018-07-26,7852.18,0.28,3.48,-6.075239974870631,2.49,-0.03,98.2
2018-07-27,7737.42,0.29,3.42,-6.078728687772357,2.49,-0.03,98.2
2018-07-30,7630,0.29,3.42,-6.089230032660467,2.37,-0.03,98.2
2018-07-31,7671.79,0.32,3.43,-6.076885396237342,2.37,-0.03,98.2
2018-08-01,7707.29,0.29,3.46,-6.1021249154499415,2.37,0,97.9
2018-08-02,7802.69,0.33,3.43,-6.0996430064386695,2.37,0,97.9
2018-08-03,7812.01,0.32,3.43,-6.092727662323672,2.37,0,97.9
2018-08-06,7859.68,0.32,3.43,-6.099868203659327,2.51,0,97.9
2018-08-07,7883.66,0.3,3.43,-6.092883803289265,2.51,0,97.9
2018-08-08,7888.33,0.3,3.35,-6.095460992168268,2.51,0,97.9
2018-08-09,7891.78,0.28,3.37,-6.089302716702097,2.51,0,97.9
2018-08-10,7839.11,0.29,3.38,-6.096916216314023,2.51,0,97.9
2018-08-13,7819.71,0.26,3.5,-6.08449190622204,2.72,0,97.9
2018-08-14,7870.89,0.27,3.52,-6.104097214177186,2.72,0,97.9
2018-08-15,7774.12,0.26,3.48,-6.137490795077761,2.72,0,97.9
2018-08-16,7806.52,0.25,3.55,-6.114816268613826,2.72,0,97.9
2018-08-17,7816.33,0.24,3.49,-6.110219174349932,2.72,0,97.9
2018-08-20,7821.01,0.26,3.49,-6.104050163506343,2.64,0,97.9
2018-08-21,7859.17,0.22,3.52,-6.0984931198665056,2.64,0,97.9
2018-08-22,7889.1,0.24,3.48,-6.109434586037468,2.64,0,97.9
2018-08-23,7878.46,0.22,3.48,-6.108807980910958,2.64,0,97.9
2018-08-24,7945.98,0.21,3.47,-6.107662258007019,2.64,0,97.9
2018-08-27,8017.9,0.19,3.46,-6.106927086410296,2.83,0,97.9
2018-08-28,8030.04,0.18,3.43,-6.095508406881061,2.83,0,97.9
2018-08-29,8109.69,0.21,3.4,-6.1026659053649706,2.83,0,97.9
2018-08-30,8088.36,0.22,3.39,-6.094522505911528,2.83,0,97.9
2018-08-31,8109.54,0.22,3.44,-6.113191705951731,2.83,0,97.9
2018-09-04,8091.25,0.24,3.49,-6.133046174295074,3.67,0.03,96.2
2018-09-05,7995.17,0.24,3.46,-6.131809361392728,3.67,0.03,96.2
2018-09-06,7922.73,0.24,3.49,-6.124201484278047,3.67,0.03,96.2
2018-09-07,7902.54,0.24,3.52,-6.126282052277897,3.67,0.03,96.2
2018-09-10,7924.16,0.23,3.48,-6.123687054596629,3.07,0.03,96.2
2018-09-11,7972.47,0.21,3.46,-6.128161817574611,3.07,0.03,96.2
2018-09-12,7954.23,0.22,3.4,-6.114796021494339,3.07,0.03,96.2
2018-09-13,8013.71,0.23,3.38,-6.109951356261154,3.07,0.03,96.2
2018-09-14,8010.04,0.21,3.35,-6.117944016867681,3.07,0.03,96.2
2018-09-17,7895.79,0.21,3.29,-6.119961598748417,2.93,0.03,96.2
2018-09-18,7956.11,0.21,3.29,-6.088005844389955,2.93,0.03,96.2
2018-09-19,7950.04,0.24,3.24,-6.092851249793587,2.93,0.03,96.2
2018-09-20,8028.23,0.27,3.24,-6.091491521622777,2.93,0.03,96.2
2018-09-21,7986.96,0.26,3.25,-6.041212466040501,2.93,0.03,96.2
2018-09-24,7993.25,0.26,3.25,-6.051342187937697,2.93,0.03,96.2
2018-09-25,8007.47,0.25,3.28,-6.056340579902591,2.93,0.03,96.2
2018-09-26,7990.37,0.27,3.26,-6.049756806351061,2.93,0.03,96.2
2018-09-27,8041.97,0.23,3.27,-6.055991839292822,2.93,0.03,96.2
2018-09-28,8046.35,0.23,3.25,-6.055501605635797,2.93,0.03,96.2
2018-10-01,8037.3,0.24,3.28,-6.057991001310524,2.82,-0.07,100.1
2018-10-02,7999.55,0.27,3.22,-6.063955065697415,2.82,-0.07,100.1
2018-10-03,8025.09,0.23,3.22,-6.050801445731539,2.82,-0.07,100.1
2018-10-04,7879.51,0.3,3.16,-6.069858038478222,2.82,-0.07,100.1
2018-10-05,7788.45,0.32,3.29,-6.078415601371006,2.82,-0.07,100.1
2018-10-08,7735.95,0.35,3.32,-6.062767722127771,3.05,-0.07,100.1
2018-10-09,7738.02,0.35,3.32,-6.051030141138679,3.05,-0.07,100.1
2018-10-10,7422.05,0.33,3.41,-6.0619308874425,3.05,-0.07,100.1
2018-10-11,7329.06,0.34,3.51,-6.0821260505629295,3.05,-0.07,100.1
2018-10-12,7496.89,0.29,3.58,-6.078446167063791,3.05,-0.07,100.1
2018-10-15,7430.74,0.3,3.54,-6.089509504218652,2.74,-0.07,100.1
2018-10-16,7645.49,0.31,3.49,-6.093311070773066,2.74,-0.07,100.1
2018-10-17,7642.7,0.29,3.45,-6.090922145622844,2.74,-0.07,100.1
2018-10-18,7485.14,0.3,3.45,-6.104523372074201,2.74,-0.07,100.1
2018-10-19,7449.03,0.3,3.51,-6.091980734541374,2.74,-0.07,100.1
2018-10-22,7468.63,0.28,3.51,-6.085942148565121,2.51,-0.07,100.1
2018-10-23,7437.54,0.28,3.52,-6.1057768984620475,2.51,-0.07,100.1
2018-10-24,7108.4,0.28,3.65,-6.101338885508048,2.51,-0.07,100.1
2018-10-25,7318.34,0.26,3.68,-6.103482828791878,2.51,-0.07,100.1
2018-10-26,7167.21,0.28,3.72,-6.111150995306231,2.51,-0.07,100.1
2018-10-29,7050.29,0.27,3.85,-6.104675937241547,2.92,-0.07,100.1
2018-10-30,7161.65,0.27,3.84,-6.131112238277258,2.92,-0.07,100.1
2018-10-31,7305.9,0.28,3.89,-6.1245492435137665,2.92,-0.07,100.1
2018-11-01,7434.06,0.28,3.81,-6.120553789611843,2.92,-0.07,98.6
2018-11-02,7356.99,0.3,3.81,-6.085332485192197,2.92,-0.07,98.6
2018-11-05,7328.85,0.29,3.72,-6.102857267792666,2.7,-0.07,98.6
2018-11-06,7375.96,0.29,3.68,-6.106539843699424,2.7,-0.07,98.6
2018-11-07,7570.75,0.26,3.6,-6.100476040942891,2.7,-0.07,98.6
2018-11-08,7530.88,0.26,3.57,-6.104280752539821,2.7,-0.07,98.6
2018-11-09,7406.9,0.25,3.71,-6.109723453046971,2.7,-0.07,98.6
2018-11-12,7200.87,0.25,3.71,-6.108479286371828,2.75,-0.07,98.6
2018-11-13,7200.87,0.25,3.89,-6.102817492782707,2.75,-0.07,98.6
2018-11-14,7136.39,0.26,3.99,-6.101509644912397,2.75,-0.07,98.6
2018-11-15,7259.03,0.25,4.11,-6.0921719819741105,2.75,-0.07,98.6
2018-11-16,7247.87,0.27,4.18,-6.079978576337895,2.75,-0.07,98.6
2018-11-19,7028.48,0.27,4.25,-6.081678780422084,2.56,-0.07,98.6
2018-11-20,6908.82,0.27,4.33,-6.0900062775046955,2.56,-0.07,98.6
2018-11-21,6972.25,0.25,4.24,-6.085488908979472,2.56,-0.07,98.6
2018-11-23,6938.98,0.24,4.29,-6.091642671258825,2.56,-0.07,98.6
2018-11-26,7081.85,0.23,4.26,-6.094972504071103,2.95,-0.07,98.6
2018-11-27,7082.7,0.23,4.31,-6.105155915615189,2.95,-0.07,98.6
2018-11-28,7291.59,0.25,4.25,-6.081541630792185,2.95,-0.07,98.6
2018-11-29,7273.08,0.22,4.22,-6.089232230447934,2.95,-0.07,98.6
2018-11-30,7330.54,0.21,4.29,-6.086366979709919,2.95,-0.07,97.5
2018-12-03,7441.51,0.15,4.2,-6.089537494343477,2.76,-0.07,97.5
2018-12-04,7158.43,0.11,4.29,-6.113306829139601,2.76,-0.07,97.5
2018-12-06,7188.26,0.12,4.5,-6.1167134662291325,2.76,-0.07,97.5
2018-12-07,6969.25,0.13,4.5,-6.117927166193893,2.76,-0.07,97.5
2018-12-10,7020.52,0.13,4.56,-6.129786834751563,2.77,-0.07,97.5
2018-12-11,7031.83,0.11,4.48,-6.110892616938778,2.77,-0.07,97.5
2018-12-12,7098.31,0.14,4.4,-6.1120515100971,2.77,-0.07,97.5
2018-12-13,7070.33,0.16,4.39,-6.111052963287234,2.77,-0.07,97.5
2018-12-14,6910.66,0.16,4.46,-6.107858987135681,2.77,-0.07,97.5
2018-12-17,6753.73,0.16,4.58,-6.119101856559967,2.86,-0.07,97.5
2018-12-18,6783.91,0.17,4.72,-6.1537582682871115,2.86,-0.07,97.5
2018-12-19,6636.83,0.14,4.84,-6.136845557968042,2.86,-0.07,97.5
2018-12-20,6528.41,0.12,5.11,-6.153162631738758,2.86,-0.07,97.5
2018-12-21,6332.99,0.16,5.22,-6.153782446677334,2.86,-0.07,97.5
2018-12-24,6192.92,0.19,5.35,-6.169486506837755,2.65,-0.07,97.5
2018-12-26,6554.36,0.2,5.37,-6.155879825547123,2.65,-0.07,97.5
2018-12-27,6579.49,0.21,5.38,-6.174145234809011,2.65,-0.07,97.5
2018-12-28,6584.52,0.2,5.3,-6.170580025174793,2.65,-0.07,97.5
2018-12-31,6635.28,0.21,5.33,-6.188266464457375,2.32,0.07,98.3
2019-01-02,6665.94,0.16,5.35,-6.193494661952491,2.32,0.07,98.3
2019-01-03,6463.5,0.17,5.44,-6.222984136224374,2.32,0.07,98.3
2019-01-04,6738.86,0.17,5.05,-6.185520573214162,2.32,0.07,98.3
2019-01-07,6823.47,0.17,4.83,-6.192678067599941,2.09,0.07,98.3
2019-01-08,6897,0.15,4.65,-6.182392909662206,2.09,0.07,98.3
2019-01-09,6957.08,0.18,4.52,-6.18674901756487,2.09,0.07,98.3
2019-01-10,6986.07,0.18,4.54,-6.190548460816331,2.09,0.07,98.3
2019-01-11,6971.48,0.16,4.55,-6.182932105348479,2.09,0.07,98.3
2019-01-14,6905.92,0.18,4.6,-6.194521559859281,2.17,0.07,98.3
2019-01-15,7023.83,0.19,4.55,-6.192463006789841,2.17,0.07,98.3
2019-01-16,7034.69,0.18,4.44,-6.181950428203236,2.17,0.07,98.3
2019-01-17,7084.46,0.19,4.4,-6.1783620610083805,2.17,0.07,98.3
2019-01-18,7157.23,0.17,4.27,-6.156380381064429,2.17,0.07,98.3
2019-01-22,7020.36,0.16,4.41,-6.17912995011618,2.57,0.07,98.3
2019-01-23,7025.77,0.18,4.39,-6.181479171208317,2.57,0.07,98.3
2019-01-24,7073.46,0.16,4.45,-6.181977083181462,2.57,0.07,98.3
2019-01-25,7164.86,0.16,4.34,-6.164721694172747,2.57,0.07,98.3
2019-01-28,7085.68,0.15,4.41,-6.1866845256280945,2.44,0.07,98.3
2019-01-29,7028.29,0.16,4.4,-6.174473940682466,2.44,0.07,98.3
2019-01-30,7183.08,0.18,4.36,-6.164027714879692,2.44,0.07,98.3
2019-01-31,7281.74,0.18,4.37,-6.165250346378155,2.44,0.13,91.2
2019-02-01,7263.87,0.18,4.29,-6.16704689388241,2.44,0.13,91.2
2019-02-04,7347.54,0.2,4.25,-6.157203372162115,2.2,0.13,91.2
2019-02-05,7402.08,0.18,4.15,-6.149108282351154,2.2,0.13,91.2
2019-02-06,7375.28,0.18,4.13,-6.1385646689385736,2.2,0.13,91.2
2019-02-07,7288.35,0.17,4.29,-6.141236858662694,2.2,0.13,91.2
2019-02-08,7298.2,0.18,4.32,-6.1508876023333485,2.2,0.13,91.2
2019-02-11,7307.9,0.17,4.28,-6.15319015125371,1.8,0.13,91.2
2019-02-12,7414.62,0.18,4.17,-6.161262117716899,1.8,0.13,91.2
2019-02-13,7420.38,0.18,4.12,-6.161738220714279,1.8,0.13,91.2
2019-02-14,7426.95,0.16,4.17,-6.160464770755136,1.8,0.13,91.2
2019-02-15,7472.41,0.14,4.12,-6.157893101166774,1.8,0.13,91.2
2019-02-19,7486.77,0.15,4.11,-6.148121836013197,1.98,0.13,91.2
2019-02-20,7489.07,0.15,4.08,-6.134719488464033,1.98,0.13,91.2
2019-02-21,7459.71,0.16,4.04,-6.127602997497846,1.98,0.13,91.2
2019-02-22,7527.54,0.17,4.05,-6.112723755713971,1.98,0.13,91.2
2019-02-25,7554.46,0.16,4,-6.112449393579524,2.41,0.13,91.2
2019-02-26,7549.3,0.16,4.01,-6.111696948096318,2.41,0.13,91.2
2019-02-27,7554.51,0.19,3.94,-6.100262187055385,2.41,0.13,91.2
2019-02-28,7532.53,0.21,3.92,-6.1013011225131875,2.41,0.17,93.8
2019-03-01,7595.35,0.21,3.86,-6.093819185383008,2.41,0.17,93.8
2019-03-04,7577.57,0.17,3.9,-6.0926482530248265,2.16,0.17,93.8
2019-03-05,7576.36,0.17,3.91,-6.082084257653786,2.16,0.17,93.8
2019-03-06,7505.92,0.17,3.98,-6.089465513762945,2.16,0.17,93.8
2019-03-07,7421.46,0.17,4.1,-6.091044774542388,2.16,0.17,93.8
2019-03-08,7408.14,0.17,4.18,-6.107114094856934,2.16,0.17,93.8
2019-03-11,7558.06,0.17,4.18,-6.098194342041406,2.17,0.17,93.8
2019-03-12,7591.03,0.17,4.12,-6.094166589351249,2.17,0.17,93.8
2019-03-13,7643.41,0.16,4.08,-6.100370125711604,2.17,0.17,93.8
2019-03-14,7630.91,0.16,3.99,-6.104567792613405,2.17,0.17,93.8
2019-03-15,7688.53,0.17,3.95,-6.105570263060795,2.17,0.17,93.8
2019-03-18,7714.48,0.16,3.95,-6.103463344921556,2.13,0.17,93.8
2019-03-19,7723.95,0.15,3.95,-6.102496598831558,2.13,0.17,93.8
2019-03-20,7728.97,0.15,3.91,-6.099500358066811,2.13,0.17,93.8
2019-03-21,7838.96,0.14,3.97,-6.108941655419724,2.13,0.17,93.8
2019-03-22,7642.67,0.13,3.92,-6.134852655259687,2.13,0.17,93.8
2019-03-25,7637.54,0.13,4.03,-6.137757676058182,1.94,0.17,93.8
2019-03-26,7691.52,0.17,4.13,-6.13287042555722,1.94,0.17,93.8
2019-03-27,7643.38,0.17,4.09,-6.126217686982827,1.94,0.17,93.8
2019-03-28,7669.17,0.17,4.09,-6.111314876795436,1.94,0.17,93.8
2019-03-29,7729.32,0.16,4.08,-6.091916920350534,1.94,0.17,93.8
2019-04-01,7828.91,0.14,4.05,-6.0925244967222225,2.21,0.13,98.4
2019-04-02,7848.69,0.16,3.94,-6.099969314215794,2.21,0.13,98.4
2019-04-03,7895.55,0.18,3.95,-6.085201041077789,2.21,0.13,98.4
2019-04-04,7891.78,0.19,3.9,-6.097572206264991,2.21,0.13,98.4
2019-04-05,7938.69,0.18,3.9,-6.103916802760252,2.21,0.13,98.4
2019-04-08,7953.88,0.15,3.86,-6.095895230878947,2.31,0.13,98.4
2019-04-09,7909.28,0.16,3.84,-6.100117183796041,2.31,0.13,98.4
2019-04-10,7964.24,0.16,3.86,-6.107289686401622,2.31,0.13,98.4
2019-04-11,7947.36,0.17,3.86,-6.104734469740401,2.31,0.13,98.4
2019-04-12,7984.16,0.16,3.79,-6.085972084322987,2.31,0.13,98.4
2019-04-15,7976.01,0.16,3.68,-6.086697288572546,2.1,0.13,98.4
2019-04-16,8000.23,0.15,3.68,-6.0772524039062805,2.1,0.13,98.4
2019-04-17,7996.08,0.19,3.64,-6.064392379193858,2.1,0.13,98.4
2019-04-18,7998.06,0.19,3.67,-6.079901847624544,2.1,0.13,98.4
2019-04-22,8015.27,0.19,3.73,-6.0875107522522764,2.48,0.13,98.4
2019-04-23,8120.82,0.21,3.73,-6.086821853376182,2.48,0.13,98.4
2019-04-24,8102.01,0.21,3.72,-6.085993415832636,2.48,0.13,98.4
2019-04-25,8118.68,0.21,3.73,-6.10303499157653,2.48,0.13,98.4
2019-04-26,8146.4,0.21,3.75,-6.101422136343913,2.48,0.13,98.4
2019-04-29,8161.85,0.23,3.76,-6.092110827016913,2.2,0.13,98.4
2019-04-30,8095.39,0.24,3.73,-6.092969499127654,2.2,0.13,98.4
2019-05-01,8049.64,0.24,3.73,-6.127736247336746,2.2,0,97.2
2019-05-02,8036.77,0.21,3.71,-6.12607468848868,2.2,0,97.2
2019-05-03,8164,0.2,3.74,-6.119248254383555,2.2,0,97.2
2019-05-06,8123.29,0.21,3.72,-6.117479691277237,2.2,0,97.2
2019-05-07,7963.76,0.2,3.82,-6.13455342394457,2.2,0,97.2
2019-05-08,7943.32,0.17,3.89,-6.1352379584211025,2.2,0,97.2
2019-05-09,7910.59,0.19,3.87,-6.139280937363981,2.2,0,97.2
2019-05-10,7916.94,0.19,3.99,-6.139909408834696,2.2,0,97.2
2019-05-13,7647.02,0.21,4.01,-6.171239035487953,2.06,0,97.2
2019-05-14,7734.49,0.22,4.2,-6.164800903490789,2.06,0,97.2
2019-05-15,7822.15,0.22,4.13,-6.159373590231602,2.06,0,97.2
2019-05-16,7898.05,0.21,4.17,-6.14857403934066,2.06,0,97.2
2019-05-17,7816.28,0.2,4.06,-6.143840001302605,2.06,0,97.2
2019-05-20,7702.38,0.19,4.07,-6.149668420774391,1.89,0,97.2
2019-05-21,7785.72,0.2,4.06,-6.150496742022039,1.89,0,97.2
2019-05-22,7750.84,0.17,3.99,-6.165003562413407,1.89,0,97.2
2019-05-23,7628.28,0.16,4.03,-6.172821888651731,1.89,0,97.2
2019-05-24,7637.01,0.19,4.22,-6.164357338559498,1.89,0,97.2
2019-05-28,7607.35,0.16,4.16,-6.160577968452156,1.94,0,97.2
2019-05-29,7547.31,0.14,4.19,-6.1755675492185915,1.94,0,97.2
2019-05-30,7567.72,0.16,4.36,-6.188188298040328,1.94,0,97.2
2019-05-31,7453.15,0.16,4.33,-6.207842841347131,1.94,0,97.2
2019-06-03,7333.02,0.19,4.59,-6.216794385998151,2.07,-0.07,100
2019-06-04,7527.12,0.25,4.7,-6.210252429174875,2.07,-0.07,100
2019-06-05,7575.48,0.24,4.53,-6.231318630551847,2.07,-0.07,100
2019-06-06,7615.55,0.29,4.48,-6.2276894896329384,2.07,-0.07,100
2019-06-07,7742.1,0.24,4.42,-6.238933977881078,2.07,-0.07,100
2019-06-10,7823.17,0.24,4.37,-6.213517893242878,1.97,-0.07,100
2019-06-11,7822.57,0.25,4.23,-6.211195957651255,1.97,-0.07,100
2019-06-12,7792.72,0.22,4.2,-6.221966041371168,1.97,-0.07,100
2019-06-13,7837.13,0.25,4.22,-6.226172814972503,1.97,-0.07,100
2019-06-14,7796.66,0.27,4.24,-6.236983761661658,1.97,-0.07,100
2019-06-17,7845.02,0.25,4.23,-6.229348721271225,2.03,-0.07,100
2019-06-18,7953.88,0.23,4.23,-6.214015988272408,2.03,-0.07,100
2019-06-19,7987.32,0.2,4.14,-6.220967242962136,2.03,-0.07,100
2019-06-20,8051.34,0.29,4.16,-6.244324404655356,2.03,-0.07,100
2019-06-21,8031.71,0.29,4.03,-6.249381889294535,2.03,-0.07,100
2019-06-24,8005.7,0.3,3.95,-6.2618570027692435,2.14,-0.07,100
2019-06-25,7884.72,0.3,4,-6.251182003796196,2.14,-0.07,100
2019-06-26,7909.97,0.29,4.09,-6.256928141120362,2.14,-0.07,100
2019-06-27,7967.76,0.28,4.05,-6.253418131043746,2.14,-0.07,100
2019-06-28,8006.24,0.27,4.09,-6.255726345351665,2.14,-0.07,100
2019-07-01,8091.16,0.25,4.07,-6.247757879493912,1.98,-0.03,98.2
2019-07-02,8109.09,0.25,3.99,-6.270096784039845,1.98,-0.03,98.2
2019-07-03,8170.23,0.21,4.04,-6.272110181200542,1.98,-0.03,98.2
2019-07-05,8161.79,0.19,4.02,-6.2655969496283275,1.98,-0.03,98.2
2019-07-08,8098.38,0.17,3.98,-6.2662774033424675,2.23,-0.03,98.2
2019-07-09,8141.73,0.17,4,-6.279503698656576,2.23,-0.03,98.2
2019-07-10,8202.53,0.15,4.03,-6.262089385032424,2.23,-0.03,98.2
2019-07-11,8196.04,0.25,4.01,-6.260390421309869,2.23,-0.03,98.2
2019-07-12,8244.14,0.28,4,-6.261876973094075,2.23,-0.03,98.2
2019-07-15,8258.19,0.28,4.02,-6.256506606617116,1.8,-0.03,98.2
2019-07-16,8222.8,0.26,4,-6.258943912242243,1.8,-0.03,98.2
2019-07-17,8185.21,0.26,3.96,-6.2615731883801296,1.8,-0.03,98.2
2019-07-18,8207.24,0.23,4.01,-6.267151533567278,1.8,-0.03,98.2
2019-07-19,8146.49,0.27,4.11,-6.250609774506071,1.8,-0.03,98.2
2019-07-22,8204.14,0.25,4.07,-6.261892633707255,2.07,-0.03,98.2
2019-07-23,8251.4,0.25,4.06,-6.266356844631369,2.07,-0.03,98.2
2019-07-24,8321.5,0.25,3.99,-6.263257783557888,2.07,-0.03,98.2
2019-07-25,8238.54,0.22,3.98,-6.260125543624966,2.07,-0.03,98.2
2019-07-26,8330.21,0.22,3.93,-6.270238343344384,2.07,-0.03,98.2
2019-07-29,8293.33,0.22,3.89,-6.258981461055706,1.88,-0.03,98.2
2019-07-30,8273.61,0.21,3.93,-6.2883906756316,1.88,-0.03,98.2
2019-07-31,8175.42,0.21,3.97,-6.290290224793254,1.88,-0.03,98.2
2019-08-01,8111.12,0.13,3.93,-6.286714980843599,1.88,0.03,98.4
2019-08-02,8004.07,0.17,4.1,-6.339988531991813,1.88,0.03,98.4
2019-08-05,7726.04,0.14,4.19,-6.363692055706101,2.07,0.03,98.4
2019-08-06,7833.27,0.16,4.53,-6.363600966692388,2.07,0.03,98.4
2019-08-07,7862.83,0.13,4.46,-6.381907493029718,2.07,0.03,98.4
2019-08-08,8039.16,0.12,4.52,-6.361141841254103,2.07,0.03,98.4
2019-08-09,7959.14,0.1,4.31,-6.367599357829715,2.07,0.03,98.4
2019-08-12,7863.41,0.11,4.31,-6.374896301854352,1.84,0.03,98.4
2019-08-13,8016.36,0.07,4.4,-6.355592635824653,1.84,0.03,98.4
2019-08-14,7773.94,0.02,4.25,-6.379154292617231,1.84,0.03,98.4
2019-08-15,7766.62,0.01,4.49,-6.380220504080838,1.84,0.03,98.4
2019-08-16,7895.99,0.04,4.52,-6.375244717986597,1.84,0.03,98.4
2019-08-19,8002.81,0.07,4.47,-6.3648357697271125,1.78,0.03,98.4
2019-08-20,7948.56,0.07,4.36,-6.376618752920615,1.78,0.03,98.4
2019-08-21,8020.21,0.05,4.35,-6.373713744583472,1.78,0.03,98.4
2019-08-22,7991.39,0.03,4.21,-6.379840839755471,1.78,0.03,98.4
2019-08-23,7751.77,0.01,4.16,-6.409758735476599,1.78,0.03,98.4
2019-08-26,7853.74,0.01,4.25,-6.404176773410006,1.84,0.03,98.4
2019-08-27,7826.95,0,4.22,-6.412058340345106,1.84,0.03,98.4
2019-08-28,7856.88,-0.04,4.19,-6.407768638501969,1.84,0.03,98.4
2019-08-29,7973.39,-0.03,4.17,-6.390702742704288,1.84,0.03,98.4
2019-08-30,7962.88,-0.03,4.08,-6.3959493590882355,1.84,0.03,98.4
2019-09-03,7874.16,0,4.13,-6.422380959036306,1.62,0.07,89.8
2019-09-04,7976.88,0,4.23,-6.3991109610146495,1.62,0.07,89.8
2019-09-05,8116.83,0.04,4.23,-6.358541298056591,1.62,0.07,89.8
2019-09-06,8103.07,0.02,4.07,-6.3549970931767685,1.62,0.07,89.8
2019-09-09,8087.44,0.02,4.05,-6.354560317650745,1.88,0.07,89.8
2019-09-10,8084.16,0.05,3.99,-6.346463810861794,1.88,0.07,89.8
2019-09-11,8169.68,0.05,3.9,-6.3542785734532075,1.88,0.07,89.8
2019-09-12,8194.47,0.07,3.92,-6.347173298244519,1.88,0.07,89.8
2019-09-13,8176.71,0.07,3.85,-6.319820427512859,1.88,0.07,89.8
2019-09-16,8153.54,0.11,3.83,-6.349889521054662,1.76,0.07,89.8
2019-09-17,8186.02,0.1,3.8,-6.3562715435570185,1.76,0.07,89.8
2019-09-18,8177.39,0.09,3.81,-6.363199644839454,1.76,0.07,89.8
2019-09-19,8182.88,0.03,3.82,-6.358569858186941,1.76,0.07,89.8
2019-09-20,8117.67,0.05,3.77,-6.3652283971397665,1.76,0.07,89.8
2019-09-23,8112.46,0.05,3.81,-6.374078157378613,1.54,0.07,89.8
2019-09-24,7993.63,0.04,3.84,-6.3816592318791265,1.54,0.07,89.8
2019-09-25,8077.38,0.04,3.9,-6.36127073834251,1.54,0.07,89.8
2019-09-26,8030.66,0.05,3.91,-6.376482785522835,1.54,0.07,89.8
2019-09-27,7939.63,0.04,3.95,-6.362928533351697,1.54,0.07,89.8
2019-09-30,7999.34,0.06,3.99,-6.347780690986621,1.78,0.07,89.8
2019-10-01,7908.68,0.05,4.02,-6.365657480763541,1.78,0,93.2
2019-10-02,7785.25,0.09,4.08,-6.374372800858327,1.78,0,93.2
2019-10-03,7872.26,0.12,4.28,-6.384913357769506,1.78,0,93.2
2019-10-04,7982.47,0.15,4.4,-6.380800273286263,1.78,0,93.2
2019-10-07,7956.29,0.12,4.38,-6.369523494925954,1.71,0,93.2
2019-10-08,7823.78,0.1,4.31,-6.372494942012382,1.71,0,93.2
2019-10-09,7903.74,0.12,4.39,-6.378590131516533,1.71,0,93.2
2019-10-10,7950.78,0.12,4.32,-6.35312988799143,1.71,0,93.2
2019-10-11,8057.04,0.14,4.26,-6.339435434260648,1.71,0,93.2
2019-10-14,8048.65,0.13,4.1,-6.343115502402238,1.63,0,93.2
2019-10-15,8148.71,0.13,4.08,-6.341277824528846,1.63,0,93.2
2019-10-16,8124.18,0.16,4.01,-6.357747558810954,1.63,0,93.2
2019-10-17,8156.85,0.17,4.01,-6.357536967057853,1.63,0,93.2
2019-10-18,8089.54,0.16,4,-6.340016681216778,1.63,0,93.2
2019-10-21,8162.99,0.18,4.02,-6.3320174051201,1.71,0,93.2
2019-10-22,8104.3,0.18,3.98,-6.336728256905612,1.71,0,93.2
2019-10-23,8119.79,0.18,3.99,-6.327709491249592,1.71,0,93.2
2019-10-24,8185.8,0.19,3.98,-6.335019693711455,1.71,0,93.2
2019-10-25,8243.12,0.19,3.96,-6.332611214097236,1.71,0,93.2
2019-10-28,8325.99,0.17,3.89,-6.32348088831408,1.68,0,93.2
2019-10-29,8276.85,0.21,3.85,-6.31690242825751,1.68,0,93.2
2019-10-30,8303.98,0.2,3.86,-6.322964865434056,1.68,0,93.2
2019-10-31,8292.36,0.17,3.96,-6.353017641732517,1.68,0,93.2
2019-11-01,8386.4,0.17,4.15,-6.345100577431017,1.68,-0.03,95.5
2019-11-04,8433.2,0.19,3.99,-6.33814020729189,1.76,-0.03,95.5
2019-11-05,8434.68,0.23,3.97,-6.308857305905939,1.76,-0.03,95.5
2019-11-06,8410.63,0.2,4.02,-6.32840571691481,1.76,-0.03,95.5
2019-11-07,8434.52,0.24,3.96,-6.287180257800406,1.76,-0.03,95.5
2019-11-08,8475.31,0.26,4,-6.301613261124554,1.76,-0.03,95.5
2019-11-11,8464.28,0.26,3.99,-6.304374685341666,1.71,-0.03,95.5
2019-11-12,8486.09,0.26,4,-6.3090072260702295,1.71,-0.03,95.5
2019-11-13,8482.1,0.25,4.05,-6.317859932816847,1.71,-0.03,95.5
2019-11-14,8479.02,0.24,4.08,-6.331581261218263,1.71,-0.03,95.5
2019-11-15,8540.83,0.23,4.06,-6.321975696343552,1.71,-0.03,95.5
2019-11-18,8549.94,0.21,4.09,-6.331135044425536,1.58,-0.03,95.5
2019-11-19,8570.66,0.19,4.12,-6.318929112946913,1.58,-0.03,95.5
2019-11-20,8526.73,0.17,4.18,-6.321499805804509,1.58,-0.03,95.5
2019-11-21,8506.21,0.17,4.17,-6.3241451290004225,1.58,-0.03,95.5
2019-11-22,8519.88,0.16,4.13,-6.31484979507029,1.58,-0.03,95.5
2019-11-25,8632.49,0.15,4.08,-6.310450371166525,2.62,-0.03,95.5
2019-11-26,8647.93,0.16,4.05,-6.301513649706659,2.62,-0.03,95.5
2019-11-27,8705.18,0.14,3.99,-6.294970316790644,2.62,-0.03,95.5
2019-11-29,8665.47,0.17,4.01,-6.315962856101441,2.62,-0.03,95.5
2019-12-02,8567.99,0.22,4.03,-6.317725012499788,1.21,-0.07,96.8
2019-12-03,8520.64,0.19,4.14,-6.338447228301706,1.21,-0.07,96.8
2019-12-04,8566.67,0.19,4.02,-6.321982380502483,1.21,-0.07,96.8
2019-12-05,8570.7,0.22,4,-6.322436463916122,1.21,-0.07,96.8
2019-12-06,8656.53,0.23,3.89,-6.28721035039206,1.21,-0.07,96.8
2019-12-09,8621.83,0.2,3.88,-6.274855206005376,1.23,-0.07,96.8
2019-12-10,8616.18,0.2,3.84,-6.274502876292819,1.23,-0.07,96.8
2019-12-11,8654.05,0.18,3.83,-6.270550900470474,1.23,-0.07,96.8
2019-12-12,8717.32,0.24,3.7,-6.266212447591857,1.23,-0.07,96.8
2019-12-13,8734.88,0.21,3.71,-6.2777972737876295,1.23,-0.07,96.8
2019-12-16,8814.23,0.24,3.62,-6.266416998791526,1.61,-0.07,96.8
2019-12-17,8823.36,0.26,3.58,-6.265773430117801,1.61,-0.07,96.8
2019-12-18,8827.73,0.29,3.51,-6.264844834848903,1.61,-0.07,96.8
2019-12-19,8887.22,0.3,3.54,-6.263726732053234,1.61,-0.07,96.8
2019-12-20,8924.96,0.29,3.53,-6.268645308363189,1.61,-0.07,96.8
2019-12-23,8945.65,0.29,3.52,-6.273008001892661,2.05,-0.07,96.8
2019-12-24,8952.88,0.28,3.53,-6.277022348978682,2.05,-0.07,96.8
2019-12-26,9022.39,0.26,3.53,-6.275806544379342,2.05,-0.07,96.8
2019-12-27,9006.62,0.29,3.56,-6.285114814338228,2.05,-0.07,96.8
2019-12-30,8945.99,0.32,3.6,-6.284031440151597,2.06,-0.07,96.8
2019-12-31,8972.6,0.34,3.6,-6.299955596401635,2.06,0,99.3
2020-01-02,9092.19,0.3,3.56,-6.293272048012807,2.06,0,99.3
2020-01-03,9020.77,0.27,3.61,-6.32259165099494,2.06,0,99.3
2020-01-06,9071.46,0.27,3.57,-6.332024679048862,1.76,0,99.3
2020-01-07,9068.58,0.29,3.54,-6.334270718103517,1.76,0,99.3
2020-01-08,9129.24,0.29,3.5,-6.318673323205794,1.76,0,99.3
2020-01-09,9203.43,0.27,3.49,-6.318447114574037,1.76,0,99.3
2020-01-10,9178.86,0.27,3.48,-6.318075940862007,1.76,0,99.3
2020-01-13,9273.93,0.27,3.48,-6.295226017716885,1.32,0,99.3
2020-01-14,9251.33,0.24,3.45,-6.286989457169504,1.32,0,99.3
2020-01-15,9258.7,0.23,3.44,-6.295670201521612,1.32,0,99.3
2020-01-16,9357.13,0.23,3.42,-6.300066930244603,1.32,0,99.3
2020-01-17,9388.94,0.26,3.39,-6.306894590386095,1.32,0,99.3
2020-01-21,9370.81,0.25,3.47,-6.323798749601317,1.61,0,99.3
2020-01-22,9383.77,0.24,3.49,-6.333282840067506,1.61,0,99.3
2020-01-23,9402.48,0.23,3.58,-6.353061328096397,1.61,0,99.3
2020-01-24,9314.91,0.21,3.68,-6.372732138624757,1.61,0,99.3
2020-01-27,9139.31,0.17,4.03,-6.4093688166616545,1.68,0,99.3
2020-01-28,9269.68,0.2,3.86,-6.411107919990146,1.68,0,99.3
2020-01-29,9275.16,0.18,3.83,-6.421424885351904,1.68,0,99.3
2020-01-30,9298.93,0.16,3.95,-6.445141079261477,1.68,0,99.3
2020-01-31,9150.94,0.18,4.03,-6.447099951378873,1.68,0,99.8
2020-02-03,9273.4,0.18,3.97,-6.447611141692291,2.02,0,99.8
2020-02-04,9467.97,0.2,3.85,-6.416601143570429,2.02,0,99.8
2020-02-05,9508.68,0.22,3.75,-6.408579022676856,2.02,0,99.8
2020-02-06,9572.15,0.21,3.7,-6.406015391785826,2.02,0,99.8
2020-02-07,9520.51,0.18,3.75,-6.423725023635796,2.02,0,99.8
2020-02-10,9628.39,0.19,3.75,-6.428574201861296,1.94,0,99.8
2020-02-11,9638.94,0.18,3.65,-6.409943076467773,1.94,0,99.8
2020-02-12,9725.96,0.18,3.59,-6.404338042656868,1.94,0,99.8
2020-02-13,9711.97,0.17,3.57,-6.4039213572502165,1.94,0,99.8
2020-02-14,9731.18,0.17,3.56,-6.413903458363953,1.94,0,99.8
2020-02-18,9732.74,0.14,3.61,-6.422957656422029,1.67,0,99.8
2020-02-19,9817.18,0.14,3.57,-6.427290367187758,1.67,0,99.8
2020-02-20,9750.96,0.13,3.62,-6.439604645942948,1.67,0,99.8
2020-02-21,9576.59,0.12,3.66,-6.449219385511842,1.67,0,99.8
2020-02-24,9221.28,0.12,4.03,-6.477897280533529,1.6,0,99.8
2020-02-25,8965.61,0.13,4.18,-6.461516662377631,1.6,0,99.8
2020-02-26,8980.77,0.17,4.27,-6.459461791731718,1.6,0,99.8
2020-02-27,8566.48,0.19,4.62,-6.459485364125932,1.6,0,99.8
2020-02-28,8567.37,0.27,5.04,-6.424562694368996,1.6,0,99.8
2020-03-02,8952.16,0.26,4.97,-6.420917098889348,1.61,0,101
2020-03-03,8684.09,0.31,4.84,-6.460058321724116,1.61,0,101
2020-03-04,9018.09,0.35,4.75,-6.454166837687603,1.61,0,101
2020-03-05,8738.6,0.33,5.05,-6.474308049619085,1.61,0,101
2020-03-06,8575.62,0.25,5.64,-6.481812447561942,1.61,0,101
2020-03-09,7950.68,0.25,5.64,-6.503504330914056,1.37,0,101
2020-03-10,8344.25,0.16,6.68,-6.489899625379098,1.37,0,101
2020-03-11,7952.05,0.26,6.38,-6.486762565298796,1.37,0,101
2020-03-12,7201.8,0.32,6.61,-6.46644817214714,1.37,0,101
2020-03-13,7874.88,0.38,7.42,-6.422506155386078,1.37,0,101
2020-03-16,6904.59,0.45,7.31,-6.43184079809318,1.27,0,101
2020-03-17,7334.78,0.37,8.38,-6.491512612291212,1.27,0,101
2020-03-18,6989.84,0.55,8.41,-6.532444589934934,1.27,0,101
2020-03-19,7150.58,0.64,9.04,-6.517479646576958,1.27,0,101
2020-03-20,6879.52,0.68,9.82,-6.527482481690707,1.27,0,101
2020-03-23,6860.67,0.55,10.09,-6.6151256546981765,-0.9,0,101
2020-03-24,7417.86,0.48,10.87,-6.635729816170572,-0.9,0,101
2020-03-25,7384.3,0.46,10.55,-6.608145119633507,-0.9,0,101
2020-03-26,7797.54,0.54,10.11,-6.630850550776475,-0.9,0,101
2020-03-27,7502.38,0.53,9.29,-6.617614692692149,-0.9,0,101
2020-03-30,7774.15,0.47,8.99,-6.636378123969242,-3.64,0,101
2020-03-31,7700.1,0.47,8.82,-6.5745273251466605,-3.64,0,101
2020-04-01,7360.58,0.47,8.77,-6.595570657887879,-3.64,0.3,89.1
2020-04-02,7487.31,0.39,9.11,-6.604216805618995,-3.64,0.3,89.1
2020-04-03,7373.08,0.4,9.17,-6.620878659337136,-3.64,0.3,89.1
2020-04-06,7913.24,0.39,9.43,-6.638408406390739,-5.52,0.3,89.1
2020-04-07,7887.26,0.4,9.26,-6.607868484594257,-5.52,0.3,89.1
2020-04-08,8090.9,0.47,8.88,-6.613740512920145,-5.52,0.3,89.1
2020-04-09,8153.58,0.5,8.81,-6.6538262384120594,-5.52,0.3,89.1
2020-04-13,8192.42,0.5,7.96,-6.639868737224035,-7.52,0.3,89.1
2020-04-14,8515.74,0.51,7.7,-6.632459511174748,-7.52,0.3,89.1
2020-04-15,8393.18,0.53,7.35,-6.6305868496746045,-7.52,0.3,89.1
2020-04-16,8532.36,0.43,7.64,-6.627870460486747,-7.52,0.3,89.1
2020-04-17,8650.14,0.41,7.58,-6.585605238891612,-7.52,0.3,89.1
2020-04-20,8560.73,0.45,7.31,-6.603382972089977,-7.95,0.3,89.1
2020-04-21,8263.23,0.43,7.52,-6.629403839638472,-7.95,0.3,89.1
2020-04-22,8495.38,0.38,7.9,-6.6321110855613465,-7.95,0.3,89.1
2020-04-23,8494.75,0.41,7.85,-6.62662608391908,-7.95,0.3,89.1
2020-04-24,8634.52,0.39,7.87,-6.610240398367474,-7.95,0.3,89.1
2020-04-27,8730.16,0.38,8.03,-6.597871107057231,-8.09,0.3,89.1
2020-04-28,8607.73,0.43,8.01,-6.5988592234756895,-8.09,0.3,89.1
2020-04-29,8914.71,0.42,8.02,-6.583134076169908,-8.09,0.3,89.1
2020-04-30,8889.55,0.43,7.87,-6.583107060282685,-8.09,0.3,89.1
2020-05-01,8604.95,0.44,7.63,-6.600799850909915,-8.09,4,71.8
2020-05-04,8710.71,0.44,7.7,-6.6078474239344835,-8.11,4,71.8
2020-05-05,8809.12,0.45,7.79,-6.597658811407319,-8.11,4,71.8
2020-05-06,8854.39,0.47,7.6,-6.578457922956736,-8.11,4,71.8
2020-05-07,8979.66,0.55,7.6,-6.586135440421771,-8.11,4,71.8
2020-05-08,9121.32,0.5,7.6,-6.568561136846039,-8.11,4,71.8
2020-05-11,9192.34,0.53,7.52,-6.570105879187909,-7.29,4,71.8
2020-05-12,9002.55,0.56,7.51,-6.584137750888307,-7.29,4,71.8
2020-05-13,8863.17,0.52,7.42,-6.5952726028860855,-7.29,4,71.8
2020-05-14,8943.72,0.48,7.61,-6.609445749633388,-7.29,4,71.8
2020-05-15,9014.56,0.47,7.77,-6.624881765597031,-7.29,4,71.8
2020-05-18,9234.83,0.48,7.78,-6.581282794572366,-7.31,4,71.8
2020-05-19,9185.1,0.55,7.41,-6.581912862886205,-7.31,4,71.8
2020-05-20,9375.78,0.53,7.35,-6.5684089975487705,-7.31,4,71.8
2020-05-21,9284.88,0.52,7.16,-6.56246964718822,-7.31,4,71.8
2020-05-22,9324.59,0.51,7.08,-6.589222977838027,-7.31,4,71.8
2020-05-26,9340.22,0.49,7.06,-6.558524720690625,-6.87,4,71.8
2020-05-27,9412.36,0.51,6.75,-6.576717451525138,-6.87,4,71.8
2020-05-28,9368.99,0.49,6.7,-6.573815569288037,-6.87,4,71.8
2020-05-29,9489.87,0.53,6.6,-6.5823043352544675,-6.87,4,71.8
2020-06-01,9552.05,0.49,6.54,-6.5631219214931225,-6.66,7.27,72.3
2020-06-02,9608.37,0.52,6.43,-6.545501921060444,-6.66,7.27,72.3
2020-06-03,9682.91,0.51,6.18,-6.529924890733796,-6.66,7.27,72.3
2020-06-04,9615.81,0.58,5.8,-6.542290779746085,-6.66,7.27,72.3
2020-06-05,9814.08,0.63,5.83,-6.490085294964609,-6.66,7.27,72.3
2020-06-08,9924.74,0.69,5.5,-6.499225647624224,-6.31,7.27,72.3
2020-06-09,9953.75,0.66,5.51,-6.496056855632787,-6.31,7.27,72.3
2020-06-10,10020.35,0.64,5.75,-6.473476996850251,-6.31,7.27,72.3
2020-06-11,9492.73,0.58,5.92,-6.511219832612007,-6.31,7.27,72.3
2020-06-12,9588.81,0.47,6.4,-6.5045760178724175,-6.31,7.27,72.3
2020-06-15,9726.02,0.52,6.28,-6.511518977311594,-5.62,7.27,72.3
2020-06-16,9895.87,0.52,6.25,-6.517863344336943,-5.62,7.27,72.3
2020-06-17,9910.53,0.54,5.78,-6.507643647042387,-5.62,7.27,72.3
2020-06-18,9943.05,0.55,5.85,-6.505626946944029,-5.62,7.27,72.3
2020-06-19,9946.12,0.52,6.01,-6.509350595204243,-5.62,7.27,72.3
2020-06-22,10056.47,0.51,6.02,-6.501196264576775,-5.05,7.27,72.3
2020-06-23,10131.37,0.52,6.03,-6.507729554068498,-5.05,7.27,72.3
2020-06-24,9909.17,0.54,6.02,-6.506863736905034,-5.05,7.27,72.3
2020-06-25,10017,0.5,6.23,-6.499620444345154,-5.05,7.27,72.3
2020-06-26,9757.22,0.51,6.3,-6.506587056149934,-5.05,7.27,72.3
2020-06-29,9874.15,0.47,6.41,-6.494572443399141,-4.86,7.27,72.3
2020-06-30,10058.77,0.48,6.52,-6.492067675444781,-4.86,7.27,72.3
2020-07-01,10154.63,0.5,6.44,-6.4785467236309495,-4.86,9.5,78.1
2020-07-02,10207.63,0.52,6.33,-6.478915590516222,-4.86,9.5,78.1
2020-07-06,10433.65,0.52,6.17,-6.471453746188518,-4.38,9.5,78.1
2020-07-07,10343.89,0.53,6.03,-6.472479459895003,-4.38,9.5,78.1
2020-07-08,10492.5,0.49,6.04,-6.4687670764401926,-4.38,9.5,78.1
2020-07-09,10547.75,0.51,6.06,-6.454375086102964,-4.38,9.5,78.1
2020-07-10,10617.44,0.46,6.14,-6.432748646500999,-4.38,9.5,78.1
2020-07-13,10390.84,0.49,6.14,-6.419846105089215,-4.17,9.5,78.1
2020-07-14,10488.58,0.48,6.01,-6.427103513666462,-4.17,9.5,78.1
2020-07-15,10550.49,0.49,6.03,-6.443654471053405,-4.17,9.5,78.1
2020-07-16,10473.83,0.48,5.81,-6.430480752015051,-4.17,9.5,78.1
2020-07-17,10503.19,0.46,5.76,-6.434820865809421,-4.17,9.5,78.1
2020-07-20,10767.09,0.5,5.74,-6.435120855581173,-4.84,9.5,78.1
2020-07-21,10680.36,0.46,5.54,-6.435124808422511,-4.84,9.5,78.1
2020-07-22,10706.13,0.47,5.33,-6.457946424042458,-4.84,9.5,78.1
2020-07-23,10461.42,0.46,5.28,-6.46643286098312,-4.84,9.5,78.1
2020-07-24,10363.18,0.43,5.26,-6.48617132918409,-4.84,9.5,78.1
2020-07-27,10536.27,0.45,5.29,-6.501944986196745,-4.25,9.5,78.1
2020-07-28,10402.09,0.47,5.24,-6.502084494196983,-4.25,9.5,78.1
2020-07-29,10542.94,0.45,5.27,-6.506085631141399,-4.25,9.5,78.1
2020-07-30,10587.81,0.46,5.15,-6.5146364277647715,-4.25,9.5,78.1
2020-07-31,10745.27,0.44,5.14,-6.540212568132745,-4.25,9.5,78.1
2020-08-03,10902.8,0.44,5.16,-6.525188760264471,-3.99,8,72.5
2020-08-04,10941.17,0.45,5.08,-6.548535332866699,-3.99,8,72.5
2020-08-05,10998.4,0.41,5.13,-6.554697859520329,-3.99,8,72.5
2020-08-06,11108.07,0.44,5.04,-6.566689101441197,-3.99,8,72.5
2020-08-07,11010.98,0.44,5.06,-6.587868112749855,-3.99,8,72.5
2020-08-10,10968.36,0.44,5.06,-6.569212054333504,-3.56,8,72.5
2020-08-11,10782.82,0.45,5.09,-6.5174588410768575,-3.56,8,72.5
2020-08-12,11012.24,0.48,5.03,-6.513469236473352,-3.56,8,72.5
2020-08-13,11042.5,0.53,5.1,-6.553875549426583,-3.56,8,72.5
2020-08-14,11019.3,0.55,5.16,-6.525010168854997,-3.56,8,72.5
2020-08-17,11129.73,0.57,5.26,-6.5350244035519705,-3.54,8,72.5
2020-08-18,11210.84,0.55,5.29,-6.5171870625071895,-3.54,8,72.5
2020-08-19,11146.46,0.53,5.26,-6.479691378604601,-3.54,8,72.5
2020-08-20,11264.95,0.54,5.25,-6.483712209404687,-3.54,8,72.5
2020-08-21,11311.8,0.52,5.28,-6.503317920193625,-3.54,8,72.5
2020-08-24,11379.72,0.48,5.25,-6.496223626125857,-2.82,8,72.5
2020-08-25,11466.47,0.51,5.17,-6.485327066596011,-2.82,8,72.5
2020-08-26,11665.06,0.54,5.07,-6.491169984978958,-2.82,8,72.5
2020-08-27,11625.34,0.53,5.02,-6.478901678063522,-2.82,8,72.5
2020-08-28,11695.63,0.58,4.98,-6.483181788376122,-2.82,8,72.5
2020-08-31,11775.46,0.6,5,-6.47123981095325,-2.21,8,72.5
2020-09-01,11939.6668,0.58,5.02,-6.4822289663159935,-2.21,6.37,74.1
2020-09-02,12056.4432,0.55,4.97,-6.467440621914178,-2.21,6.37,74.1
2020-09-03,11458.1014,0.52,4.93,-6.4790645489533105,-2.21,6.37,74.1
2020-09-04,11313.1345,0.5,5.04,-6.44843248567256,-2.21,6.37,74.1
2020-09-08,10847.6904,0.58,5.13,-6.465180286205158,-2.3,6.37,74.1
2020-09-09,11141.5642,0.55,5.25,-6.462461047213662,-2.3,6.37,74.1
2020-09-10,10919.5931,0.57,5.16,-6.484779063113804,-2.3,6.37,74.1
2020-09-11,10853.5452,0.54,5.16,-6.462814119975911,-2.3,6.37,74.1
2020-09-14,11056.6506,0.54,5.21,-6.461559844251175,-3.38,6.37,74.1
2020-09-15,11190.324,0.54,5.18,-6.4644631970821855,-3.38,6.37,74.1
2020-09-16,11050.4691,0.54,5.14,-6.467300936671783,-3.38,6.37,74.1
2020-09-17,10910.2768,0.55,5.07,-6.453530126732856,-3.38,6.37,74.1
2020-09-18,10793.2819,0.56,5.14,-6.4452204792175545,-3.38,6.37,74.1
2020-09-21,10778.7982,0.56,5.16,-6.445950140055783,-2.42,6.37,74.1
2020-09-22,10963.637,0.54,5.42,-6.4348595264607935,-2.42,6.37,74.1
2020-09-23,10632.9853,0.55,5.45,-6.436561499757391,-2.42,6.37,74.1
2020-09-24,10672.2662,0.54,5.47,-6.44948843335707,-2.42,6.37,74.1
2020-09-25,10913.5618,0.53,5.64,-6.4428145437086135,-2.42,6.37,74.1
2020-09-28,11117.525,0.54,5.64,-6.444976324927537,-2.45,6.37,74.1
2020-09-29,11085.2484,0.53,5.52,-6.456018571586153,-2.45,6.37,74.1
2020-09-30,11167.5069,0.55,5.5,-6.437850573120321,-2.45,6.37,74.1
2020-10-01,11326.5071,0.56,5.41,-6.505408667464795,-2.45,5.3,80.4
2020-10-02,11075.0163,0.54,5.36,-6.462517164176751,-2.45,5.3,80.4
2020-10-05,11332.4851,0.57,5.38,-6.473930278407442,-2.1,5.3,80.4
2020-10-06,11154.6036,0.64,5.18,-6.467859049097896,-2.1,5.3,80.4
2020-10-07,11364.5989,0.62,5.06,-6.435203070212637,-2.1,5.3,80.4
2020-10-08,11420.9796,0.65,5.02,-6.434511692735663,-2.1,5.3,80.4
2020-10-09,11579.9436,0.65,4.97,-6.437563473070401,-2.1,5.3,80.4
2020-10-12,11876.2592,0.63,4.92,-6.444983919351849,-1.75,5.3,80.4
2020-10-13,11863.8955,0.63,4.92,-6.433426329374942,-1.75,5.3,80.4
2020-10-14,11768.7288,0.58,4.88,-6.438138396772611,-1.75,5.3,80.4
2020-10-15,11713.8705,0.59,4.89,-6.427568720127872,-1.75,5.3,80.4
2020-10-16,11671.5553,0.6,5.01,-6.432109028181603,-1.75,5.3,80.4
2020-10-19,11478.8828,0.62,4.94,-6.428872423594004,-1.84,5.3,80.4
2020-10-20,11516.4944,0.62,4.91,-6.410914426532362,-1.84,5.3,80.4
2020-10-21,11484.6942,0.67,4.9,-6.402334231069618,-1.84,5.3,80.4
2020-10-22,11506.0058,0.69,4.91,-6.403514344638377,-1.84,5.3,80.4
2020-10-23,11548.2816,0.71,4.88,-6.41162880423996,-1.84,5.3,80.4
2020-10-26,11358.9368,0.67,4.87,-6.424595408615433,-1.36,5.3,80.4
2020-10-27,11431.3505,0.65,5.03,-6.426549654999452,-1.36,5.3,80.4
2020-10-28,11004.8682,0.63,5.06,-6.418880181466358,-1.36,5.3,80.4
2020-10-29,11185.5928,0.63,5.29,-6.415353148302144,-1.36,5.3,80.4
2020-10-30,10911.5909,0.69,5.25,-6.424652280546626,-1.36,5.3,80.4
2020-11-02,10957.6114,0.71,5.25,-6.421698888971699,-1.15,4.2,81.8
2020-11-03,11160.5724,0.73,5.07,-6.4260880979137776,-1.15,4.2,81.8
2020-11-04,11590.7807,0.64,4.79,-6.413949532072948,-1.15,4.2,81.8
2020-11-05,11890.927,0.65,4.59,-6.439319551768157,-1.15,4.2,81.8
2020-11-06,11895.2296,0.67,4.67,-6.427784578096309,-1.15,4.2,81.8
2020-11-09,11713.7825,0.79,4.22,-6.3760110696018595,-1.08,4.2,81.8
2020-11-10,11553.8559,0.79,4.37,-6.387963364412146,-1.08,4.2,81.8
2020-11-11,11786.4309,0.79,4.37,-6.386881468054253,-1.08,4.2,81.8
2020-11-12,11709.5887,0.71,4.62,-6.389642970314609,-1.08,4.2,81.8
2020-11-13,11829.2855,0.72,4.63,-6.38606743399526,-1.08,4.2,81.8
2020-11-16,11924.1291,0.72,4.5,-6.373165124136062,-1.16,4.2,81.8
2020-11-17,11899.3429,0.69,4.48,-6.379210534461104,-1.16,4.2,81.8
2020-11-18,11801.6034,0.72,4.42,-6.373251485169858,-1.16,4.2,81.8
2020-11-19,11904.714,0.68,4.48,-6.365362278738249,-1.16,4.2,81.8
2020-11-20,11854.9697,0.67,4.49,-6.343784839464712,-1.16,4.2,81.8
2020-11-23,11880.6338,0.7,4.43,-6.335210972886931,-1.09,4.2,81.8
2020-11-24,12036.7854,0.72,4.31,-6.304323297719061,-1.09,4.2,81.8
2020-11-25,12094.4022,0.71,4.33,-6.301795720140672,-1.09,4.2,81.8
2020-11-27,12205.8463,0.68,4.35,-6.2599995929651895,-1.09,4.2,81.8
2020-11-30,12198.737,0.68,4.33,-6.249984226521303,-0.42,3.63,76.9
2020-12-01,12355.106,0.75,4.21,-6.257519157533308,-0.42,3.63,76.9
2020-12-02,12349.3663,0.79,4.17,-6.262565367276641,-0.42,3.63,76.9
2020-12-03,12377.1815,0.76,4.1,-6.268073505634842,-0.42,3.63,76.9
2020-12-04,12464.2321,0.81,4.03,-6.257782268371238,-0.42,3.63,76.9
2020-12-07,12519.9458,0.8,4.03,-6.274086204641353,-0.73,3.63,76.9
2020-12-08,12582.7735,0.78,4.03,-6.2838333902633545,-0.73,3.63,76.9
2020-12-09,12338.9534,0.79,4.04,-6.2600926090912115,-0.73,3.63,76.9
2020-12-10,12405.8083,0.78,4.08,-6.241861950526099,-0.73,3.63,76.9
2020-12-11,12377.8721,0.79,4.13,-6.2587443227018085,-0.73,3.63,76.9
2020-12-14,12440.04,0.77,4.07,-6.252912251231102,-0.91,3.63,76.9
2020-12-15,12595.0595,0.81,4.06,-6.2604045807198965,-0.91,3.63,76.9
2020-12-16,12658.1876,0.79,4.06,-6.258368172108116,-0.91,3.63,76.9
2020-12-17,12764.7454,0.81,4.05,-6.263193300525417,-0.91,3.63,76.9
2020-12-18,12755.6379,0.82,4.03,-6.253828811575473,-0.91,3.63,76.9
2020-12-21,12742.5164,0.82,4.18,-6.265851077078518,-0.29,3.63,76.9
2020-12-22,12807.9182,0.8,4.12,-6.275393135178948,-0.29,3.63,76.9
2020-12-23,12771.1142,0.83,4.07,-6.269379588835234,-0.29,3.63,76.9
2020-12-24,12804.734,0.81,4.05,-6.2702651909112435,-0.29,3.63,76.9
2020-12-28,12899.4232,0.81,3.89,-6.266394130537664,0.92,3.63,76.9
2020-12-29,12850.2211,0.82,3.85,-6.272072720160947,0.92,3.63,76.9
2020-12-30,12870.0016,0.81,3.87,-6.279463560030432,0.92,3.63,76.9
2020-12-31,12888.2824,0.8,3.86,-6.288850028233316,0.92,3.23,80.7
2021-01-04,12698.4471,0.82,3.93,-6.305625133604993,-0.28,3.23,80.7
2021-01-05,12818.9602,0.83,3.92,-6.285992210367355,-0.28,3.23,80.7
2021-01-06,12740.7939,0.9,3.8,-6.25926112346915,-0.28,3.23,80.7
2021-01-07,13067.4798,0.94,3.78,-6.249490409976874,-0.28,3.23,80.7
2021-01-08,13201.9754,0.99,3.76,-6.213872834306717,-0.28,3.23,80.7
2021-01-11,13036.4308,1.01,3.82,-6.252349465457298,0.32,3.23,80.7
2021-01-12,13072.4339,1.01,3.85,-6.237340400730364,0.32,3.23,80.7
2021-01-13,13128.9511,0.96,3.82,-6.239941112262672,0.32,3.23,80.7
2021-01-14,13112.6375,0.99,3.73,-6.2250054882493435,0.32,3.23,80.7
2021-01-15,12998.5023,0.98,3.74,-6.230527352779878,0.32,3.23,80.7
2021-01-19,13197.1795,0.96,3.71,-6.2274331692737075,0.33,3.23,80.7
2021-01-20,13457.2477,0.97,3.67,-6.239424613678806,0.33,3.23,80.7
2021-01-21,13530.9149,0.99,3.65,-6.2374567879884,0.33,3.23,80.7
2021-01-22,13543.0616,0.97,3.75,-6.238156553828634,0.33,3.23,80.7
2021-01-25,13635.9918,0.92,3.75,-6.236652888198564,0.41,3.23,80.7
2021-01-26,13626.0649,0.94,3.74,-6.237091391511612,0.41,3.23,80.7
2021-01-27,13270.5976,0.92,3.85,-6.251122303481849,0.41,3.23,80.7
2021-01-28,13337.1578,0.95,3.76,-6.243368826856559,0.41,3.23,80.7
2021-01-29,13070.6945,1,3.79,-6.254466749436013,0.41,3.23,80.7
2021-02-01,13403.3941,0.98,3.83,-6.264606138085742,-0.03,3.03,79
2021-02-02,13612.7771,1.01,3.75,-6.254188863295882,-0.03,3.03,79
2021-02-03,13610.5432,1.04,3.68,-6.243549958430408,-0.03,3.03,79
2021-02-04,13777.7433,1.04,3.64,-6.222848748245655,-0.03,3.03,79
2021-02-05,13856.2956,1.1,3.58,-6.214608098422191,-0.03,3.03,79
2021-02-08,13987.6419,1.08,3.54,-6.21526254870733,-0.02,3.03,79
2021-02-09,14007.6973,1.07,3.51,-6.202437562801936,-0.02,3.03,79
2021-02-10,13972.5339,1.04,3.51,-6.191249254680948,-0.02,3.03,79
2021-02-11,14025.7744,1.05,3.5,-6.182848280999296,-0.02,3.03,79
2021-02-12,14095.4741,1.09,3.48,-6.1765103026076424,-0.02,3.03,79
2021-02-16,14047.4994,1.17,3.41,-6.15107758932708,0.53,3.03,79
2021-02-17,13965.4948,1.18,3.44,-6.13993419244748,0.53,3.03,79
2021-02-18,13865.3559,1.18,3.46,-6.120322771384997,0.53,3.03,79
2021-02-19,13874.4628,1.23,3.41,-6.078281583499761,0.53,3.03,79
2021-02-22,13533.0483,1.26,3.44,-6.07926045085702,-0.91,3.03,79
2021-02-23,13465.1981,1.26,3.47,-6.068862030998944,-0.91,3.03,79
2021-02-24,13597.9659,1.26,3.42,-6.0370394619081065,-0.91,3.03,79
2021-02-25,13119.4307,1.37,3.42,-6.031690609434252,-0.91,3.03,79
2021-02-26,13192.3454,1.3,3.52,-6.046026774929524,-0.91,3.03,79
2021-03-01,13588.8286,1.32,3.54,-6.037669547279642,0.14,2.87,76.8
2021-03-02,13358.7871,1.29,3.53,-6.017646500796021,0.14,2.87,76.8
2021-03-03,12997.7517,1.33,3.51,-6.026455960165472,0.14,2.87,76.8
2021-03-04,12723.4718,1.4,3.54,-6.057890346162916,0.14,2.87,76.8
2021-03-05,12920.1477,1.42,3.6,-6.032507349048264,0.14,2.87,76.8
2021-03-08,12609.161,1.42,3.57,-6.016079689516886,1.02,2.87,76.8
2021-03-09,13073.8245,1.38,3.62,-6.059858511582298,1.02,2.87,76.8
2021-03-10,13068.8319,1.37,3.63,-6.056739003206627,1.02,2.87,76.8
2021-03-11,13398.6727,1.4,3.52,-6.031135843588478,1.02,2.87,76.8
2021-03-12,13319.8647,1.5,3.55,-6.029267496139573,1.02,2.87,76.8
2021-03-15,13459.7076,1.5,3.55,-6.034597599301859,1.21,2.87,76.8
2021-03-16,13471.5672,1.48,3.55,-6.052385301507304,1.21,2.87,76.8
2021-03-17,13525.2025,1.47,3.55,-6.03858856489593,1.21,2.87,76.8
2021-03-18,13116.1677,1.5,3.65,-6.044384438997747,1.21,2.87,76.8
2021-03-19,13215.235,1.55,3.66,-6.048464237489452,1.21,2.87,76.8
2021-03-22,13377.5422,1.58,3.67,-6.039972833972711,3.85,2.87,76.8
2021-03-23,13227.697,1.54,3.58,-6.04706586691298,3.85,2.87,76.8
2021-03-24,12961.8901,1.48,3.57,-6.055556979589574,3.85,2.87,76.8
2021-03-25,12977.6799,1.48,3.51,-6.072261118367918,3.85,2.87,76.8
2021-03-26,13138.725,1.49,3.53,-6.054053806098582,3.85,2.87,76.8
2021-03-29,13059.6466,1.53,3.48,-6.050651994001961,6.61,2.87,76.8
2021-03-30,13045.3943,1.59,3.43,-6.049209274726349,6.61,2.87,76.8
2021-03-31,13246.8707,1.57,3.44,-6.062349424810345,6.61,2.87,76.8
2021-04-01,13480.1055,1.58,3.36,-6.071034867723852,6.61,2.33,84.9
2021-04-05,13705.5931,1.53,3.33,-6.035091064489495,8.27,2.33,84.9
2021-04-06,13698.38,1.56,3.25,-6.048359757763677,8.27,2.33,84.9
2021-04-07,13688.8419,1.51,3.25,-6.062732134517863,8.27,2.33,84.9
2021-04-08,13829.3097,1.52,3.22,-6.062401227688972,8.27,2.33,84.9
2021-04-09,13900.1853,1.5,3.21,-6.068150522914361,8.27,2.33,84.9
2021-04-12,13849.999,1.51,3.24,-6.066527465846165,10.27,2.33,84.9
2021-04-13,13996.0991,1.51,3.24,-6.071860181934341,10.27,2.33,84.9
2021-04-14,13857.8403,1.48,3.32,-6.041597546474746,10.27,2.33,84.9
2021-04-15,14038.7632,1.48,3.25,-6.037445665098827,10.27,2.33,84.9
2021-04-16,14052.3421,1.4,3.25,-6.057044692073766,10.27,2.33,84.9
2021-04-19,13914.7652,1.43,3.22,-6.0349822913308415,10.22,2.33,84.9
2021-04-20,13786.2681,1.45,3.25,-6.045294379653107,10.22,2.33,84.9
2021-04-21,13950.2183,1.43,3.35,-6.037981907063639,10.22,2.33,84.9
2021-04-22,13818.4126,1.42,3.34,-6.033175451368867,10.22,2.33,84.9
2021-04-23,14016.8081,1.41,3.34,-6.01617965967023,10.22,2.33,84.9
2021-04-26,14138.7758,1.42,3.29,-5.993545245173422,10.55,2.33,84.9
2021-04-27,14090.2157,1.4,3.26,-5.982287090416146,10.55,2.33,84.9
2021-04-28,14051.0305,1.46,3.24,-5.97730293795777,10.55,2.33,84.9
2021-04-29,14082.5461,1.46,3.26,-5.9767010243049565,10.55,2.33,84.9
2021-04-30,13962.6812,1.49,3.24,-5.980493664334883,10.55,2.33,84.9
2021-05-03,13895.1182,1.49,3.28,-5.980585221330612,10.57,-0.07,88.3
2021-05-04,13633.5034,1.47,3.27,-5.973275126353718,10.57,-0.07,88.3
2021-05-05,13582.4248,1.45,3.32,-5.977384902183509,10.57,-0.07,88.3
2021-05-06,13632.8418,1.43,3.29,-5.977626713151525,10.57,-0.07,88.3
2021-05-07,13752.2367,1.42,3.3,-5.954952597446033,10.57,-0.07,88.3
2021-05-10,13401.8576,1.46,3.27,-5.965254668699764,9.84,-0.07,88.3
2021-05-11,13389.4262,1.47,3.26,-5.954731287863471,9.84,-0.07,88.3
2021-05-12,13031.6808,1.48,3.36,-5.952936161808023,9.84,-0.07,88.3
2021-05-13,13124.9882,1.53,3.34,-5.963247984050408,9.84,-0.07,88.3
2021-05-14,13429.9784,1.5,3.37,-5.978653214825311,9.84,-0.07,88.3
2021-05-17,13379.0475,1.47,3.35,-5.982403134432108,9.86,-0.07,88.3
2021-05-18,13303.6357,1.48,3.35,-5.979650243335814,9.86,-0.07,88.3
2021-05-19,13299.7371,1.48,3.35,-6.018890096190795,9.86,-0.07,88.3
2021-05-20,13535.7389,1.52,3.4,-6.020961711417098,9.86,-0.07,88.3
2021-05-21,13470.9925,1.48,3.42,-6.037423958493221,9.86,-0.07,88.3
2021-05-24,13661.1704,1.46,3.37,-6.031689744422102,9.77,-0.07,88.3
2021-05-25,13657.174,1.46,3.37,-6.043035180155546,9.77,-0.07,88.3
2021-05-26,13737.9955,1.41,3.34,-6.039628986612649,9.77,-0.07,88.3
2021-05-27,13736.2757,1.44,3.35,-6.009160361845673,9.77,-0.07,88.3
2021-05-28,13748.7386,1.47,3.3,-6.009630976310931,9.77,-0.07,88.3
2021-06-01,13736.4776,1.44,3.34,-6.014617662917173,9.84,-0.13,82.9
2021-06-02,13756.3272,1.46,3.33,-6.030599395577669,9.84,-0.13,82.9
2021-06-03,13614.5065,1.46,3.31,-6.0396356748198805,9.84,-0.13,82.9
2021-06-04,13814.4889,1.47,3.28,-6.034888585037747,9.84,-0.13,82.9
2021-06-07,13881.7208,1.42,3.28,-6.039028372743805,8.24,-0.13,82.9
2021-06-08,13924.911,1.41,3.27,-6.030212399104751,8.24,-0.13,82.9
2021-06-09,13911.7503,1.39,3.26,-6.036295269271388,8.24,-0.13,82.9
2021-06-10,14020.3333,1.34,3.22,-6.046974135517204,8.24,-0.13,82.9
2021-06-11,14069.4234,1.31,3.23,-6.026438067637692,8.24,-0.13,82.9
2021-06-14,14174.1431,1.31,3.21,-6.021439320949382,9.02,-0.13,82.9
2021-06-15,14072.8565,1.35,3.17,-6.060134264609249,9.02,-0.13,82.9
2021-06-16,14039.6838,1.35,3.17,-6.050894545927464,9.02,-0.13,82.9
2021-06-17,14161.3502,1.36,3.12,-6.0516103563703805,9.02,-0.13,82.9
2021-06-18,14030.3758,1.29,3.15,-6.053376033889285,9.02,-0.13,82.9
2021-06-21,14141.4804,1.19,3.18,-6.054728804278103,8.69,-0.13,82.9
2021-06-22,14253.2681,1.23,3.14,-6.040704908246188,8.69,-0.13,82.9
2021-06-23,14271.7325,1.23,3.15,-6.020593924911816,8.69,-0.13,82.9
2021-06-24,14369.709,1.24,3.13,-6.021343094276863,8.69,-0.13,82.9
2021-06-25,14360.3877,1.23,3.08,-6.026379099039123,8.69,-0.13,82.9
2021-06-28,14500.5081,1.26,3.04,-6.031276213747055,8.27,-0.13,82.9
2021-06-29,14528.3348,1.24,3.05,-6.024787512706755,8.27,-0.13,82.9
2021-06-30,14503.9534,1.22,3.03,-6.0235847665143,8.27,-0.13,82.9
2021-07-01,14522.3755,1.2,3.04,-6.038949844841058,8.27,-0.03,85.5
2021-07-02,14639.325,1.23,3.02,-6.033202866295669,8.27,-0.03,85.5
2021-07-06,14663.6404,1.2,3.03,-6.04516026974853,8.63,-0.03,85.5
2021-07-07,14665.0631,1.15,3.05,-6.032873991948917,8.63,-0.03,85.5
2021-07-08,14559.7849,1.11,3.05,-6.0453281080459575,8.63,-0.03,85.5
2021-07-09,14701.9189,1.11,3.14,-6.0322727341459625,8.63,-0.03,85.5
2021-07-12,14733.2397,1.14,3.07,-6.03648531406241,6.81,-0.03,85.5
2021-07-13,14677.6536,1.15,3.05,-6.040785268042852,6.81,-0.03,85.5
2021-07-14,14644.9523,1.16,3.04,-6.058307090330133,6.81,-0.03,85.5
2021-07-15,14543.1334,1.14,3.1,-6.047575042705371,6.81,-0.03,85.5
2021-07-16,14427.2369,1.08,3.14,-6.039891141013456,6.81,-0.03,85.5
2021-07-19,14274.9841,1.06,3.18,-6.065198433217552,7.43,-0.03,85.5
2021-07-20,14498.8779,0.98,3.44,-6.051882168157775,7.43,-0.03,85.5
2021-07-21,14631.9543,1.03,3.38,-6.045346949407913,7.43,-0.03,85.5
2021-07-22,14684.5968,1.08,3.24,-6.031239307591077,7.43,-0.03,85.5
2021-07-23,14836.9911,1.07,3.24,-6.014936903293124,7.43,-0.03,85.5
2021-07-26,14840.7127,1.08,3.22,-5.972307294936678,7.34,-0.03,85.5
2021-07-27,14660.5757,1.07,3.21,-5.98151311602316,7.34,-0.03,85.5
2021-07-28,14762.5843,1.05,3.27,-5.995305887948422,7.34,-0.03,85.5
2021-07-29,14778.2637,1.06,3.26,-6.005949602301332,7.34,-0.03,85.5
2021-07-30,14672.6776,1.08,3.23,-6.004871207388097,7.34,-0.03,85.5
2021-08-02,14681.0689,1.05,3.32,-6.018723285516842,7.29,-0.23,81.2
2021-08-03,14761.2946,1.03,3.36,-6.024927105951581,7.29,-0.23,81.2
2021-08-04,14780.5331,1.02,3.42,-6.0374204840455015,7.29,-0.23,81.2
2021-08-05,14895.1171,1.02,3.42,-6.030758235448626,7.29,-0.23,81.2
2021-08-06,14835.7618,1.02,3.37,-6.0051129330277515,7.29,-0.23,81.2
2021-08-09,14860.1772,1.1,3.32,-5.997681340799164,6.69,-0.23,81.2
2021-08-10,14788.0868,1.1,3.34,-5.9857639011457495,6.69,-0.23,81.2
2021-08-11,14765.1352,1.12,3.32,-5.995064242450008,6.69,-0.23,81.2
2021-08-12,14816.262,1.12,3.37,-5.995927052368046,6.69,-0.23,81.2
2021-08-13,14822.8976,1.13,3.34,-6.003686041312004,6.69,-0.23,81.2
2021-08-16,14793.7624,1.06,3.36,-6.02498469950601,7.1,-0.23,81.2
2021-08-17,14656.1813,1.05,3.38,-6.052229015373244,7.1,-0.23,81.2
2021-08-18,14525.9141,1.03,3.37,-6.070984339892675,7.1,-0.23,81.2
2021-08-19,14541.7885,1.04,3.35,-6.089616515443664,7.1,-0.23,81.2
2021-08-20,14714.6631,1.02,3.42,-6.06664242566068,7.1,-0.23,81.2
2021-08-23,14942.6524,1.03,3.37,-6.05518036149409,6.45,-0.23,81.2
2021-08-24,15019.7995,1.02,3.34,-6.051453484920865,6.45,-0.23,81.2
2021-08-25,15041.8585,1.05,3.26,-6.039501226374253,6.45,-0.23,81.2
2021-08-26,14945.8072,1.12,3.22,-6.046541140764427,6.45,-0.23,81.2
2021-08-27,15129.5011,1.09,3.2,-6.043408897314011,6.45,-0.23,81.2
2021-08-30,15265.8899,1.09,3.17,-6.026276056794211,7.1,-0.23,81.2
2021-08-31,15259.2351,1.09,3.16,-6.029640758915649,7.1,-0.23,81.2
2021-09-01,15309.3812,1.1,3.21,-6.050905948501025,7.1,-0.2,70.3
2021-09-02,15331.177,1.11,3.19,-6.042365687475648,7.1,-0.2,70.3
2021-09-03,15363.5159,1.09,3.16,-6.047600159440952,7.1,-0.2,70.3
2021-09-07,15374.3275,1.12,3.13,-6.040404847651569,6.78,-0.2,70.3
2021-09-08,15286.6374,1.16,3.16,-6.049013335433551,6.78,-0.2,70.3
2021-09-09,15248.2537,1.13,3.16,-6.040304712527456,6.78,-0.2,70.3
2021-09-10,15115.4944,1.07,3.15,-5.997789962136045,6.78,-0.2,70.3
2021-09-13,15105.5821,1.12,3.11,-6.018349708702575,6.8,-0.2,70.3
2021-09-14,15037.7587,1.12,3.09,-6.035991772454322,6.8,-0.2,70.3
2021-09-15,15161.5295,1.07,3.11,-6.00956815054425,6.8,-0.2,70.3
2021-09-16,15181.9239,1.1,3.08,-6.016888912535228,6.8,-0.2,70.3
2021-09-17,15043.9675,1.11,3.06,-6.02219338380706,6.8,-0.2,70.3
2021-09-20,14713.903,1.14,3.04,-6.06070853139045,6.65,-0.2,70.3
2021-09-21,14746.3976,1.08,3.23,-6.066048481037979,6.65,-0.2,70.3
2021-09-22,14896.8472,1.11,3.17,-6.03630479815684,6.65,-0.2,70.3
2021-09-23,15052.2438,1.07,3.09,-6.024818402934233,6.65,-0.2,70.3
2021-09-24,15047.699,1.14,3.03,-6.013104792600801,6.65,-0.2,70.3
2021-09-27,14969.97,1.18,3.05,-6.012343095465454,6.65,-0.2,70.3
2021-09-28,14546.6827,1.17,3.06,-6.01410746320102,6.65,-0.2,70.3
2021-09-29,14512.4409,1.23,3.13,-6.016917794836305,6.65,-0.2,70.3
2021-09-30,14448.5815,1.25,3.09,-6.063062646804592,6.65,-0.2,70.3
2021-10-01,14566.6971,1.24,3.15,-6.039816909037629,6.65,-0.37,72.8
2021-10-04,14255.4848,1.21,3.2,-6.033168540190261,6.68,-0.37,72.8
2021-10-05,14433.8301,1.22,3.21,-6.040283106251506,6.68,-0.37,72.8
2021-10-06,14501.911,1.26,3.17,-6.0515855495932325,6.68,-0.37,72.8
2021-10-07,14654.0156,1.23,3.29,-6.027226038812957,6.68,-0.37,72.8
2021-10-08,14579.5373,1.26,3.19,-6.01868966844787,6.68,-0.37,72.8
2021-10-11,14486.2004,1.29,3.2,-5.996661143903513,6.11,-0.37,72.8
2021-10-12,14465.9245,1.29,3.2,-6.008143541006708,6.11,-0.37,72.8
2021-10-13,14571.6352,1.24,3.28,-5.9849665097478155,6.11,-0.37,72.8
2021-10-14,14823.4293,1.19,3.25,-5.961493806420304,6.11,-0.37,72.8
2021-10-15,14897.3397,1.16,3.18,-5.923954423389843,6.11,-0.37,72.8
2021-10-18,15021.8091,1.18,3.12,-5.923329115855779,6.55,-0.37,72.8
2021-10-19,15129.0896,1.15,3.11,-5.930816668589047,6.55,-0.37,72.8
2021-10-20,15121.6783,1.24,3.09,-5.932241545794045,6.55,-0.37,72.8
2021-10-21,15215.7,1.25,3.07,-5.968441867690549,6.55,-0.37,72.8
2021-10-22,15090.2004,1.23,3.03,-5.989851419237666,6.55,-0.37,72.8
2021-10-25,15226.7062,1.18,3.07,-5.989032262879567,5.58,-0.37,72.8
2021-10-26,15235.7145,1.17,3.11,-5.990907102419931,5.58,-0.37,72.8
2021-10-27,15235.8377,1.16,3.09,-6.015659729512426,5.58,-0.37,72.8
2021-10-28,15448.1177,1.04,3.11,-6.006668864596072,5.58,-0.37,72.8
2021-10-29,15498.3885,1.07,3.08,-6.012252019314618,5.58,-0.37,72.8
2021-11-01,15595.9154,1.07,3.15,-6.013079708132947,5.94,-0.27,71.7
2021-11-02,15649.6025,1.08,3.16,-6.015788388985744,5.94,-0.27,71.7
2021-11-03,15811.5842,1.1,3.21,-6.011795688667635,5.94,-0.27,71.7
2021-11-04,15940.3075,1.13,3.18,-6.02855316067302,5.94,-0.27,71.7
2021-11-05,15971.5882,1.12,3.19,-6.036266637238664,5.94,-0.27,71.7
2021-11-08,15982.3574,1.06,3.03,-6.029600509647513,5.48,-0.27,71.7
2021-11-09,15886.5426,1.05,3.08,-6.037059036348704,5.48,-0.27,71.7
2021-11-10,15622.7052,1.05,3.06,-6.05807197100314,5.48,-0.27,71.7
2021-11-11,15704.2814,1.05,3.06,-6.04893544763428,5.48,-0.27,71.7
2021-11-12,15860.9577,1.05,3.09,-6.0400995186107584,5.48,-0.27,71.7
2021-11-15,15853.8463,1.1,3.1,-6.050269332207431,5.45,-0.27,71.7
2021-11-16,15973.8551,1.09,3.12,-6.054634068856377,5.45,-0.27,71.7
2021-11-17,15921.5709,1.08,3.17,-6.083124035952188,5.45,-0.27,71.7
2021-11-18,15993.7104,1.07,3.19,-6.069423184635738,5.45,-0.27,71.7
2021-11-19,16057.4375,1.02,3.24,-6.040497773867227,5.45,-0.27,71.7
2021-11-22,15854.7574,1,3.18,-6.018227063301592,5.86,-0.27,71.7
2021-11-23,15775.1383,1.07,3.3,-5.9995699612908036,5.86,-0.27,71.7
2021-11-24,15845.2257,1,3.32,-5.991856934792043,5.86,-0.27,71.7
2021-11-26,15491.6568,0.98,3.62,-6.032683334612542,5.86,-0.27,71.7
2021-11-29,15782.8341,1.01,3.53,-6.019180996437658,6.44,-0.27,71.7
2021-11-30,15537.6907,0.91,3.67,-6.028447405867376,6.44,-0.33,67.4
2021-12-01,15254.0521,0.87,3.58,-6.040450885873433,6.44,-0.33,67.4
2021-12-02,15381.3197,0.81,3.54,-6.016219565911763,6.44,-0.33,67.4
2021-12-03,15085.4715,0.75,3.56,-6.035646253551359,6.44,-0.33,67.4
2021-12-06,15225.1525,0.78,3.41,-6.01678955967727,5.72,-0.33,67.4
2021-12-07,15686.9162,0.78,3.16,-6.019246478759807,5.72,-0.33,67.4
2021-12-08,15786.988,0.84,3.21,-6.007327591080743,5.72,-0.33,67.4
2021-12-09,15517.3698,0.79,3.25,-6.016252847284088,5.72,-0.33,67.4
2021-12-10,15630.601,0.81,3.29,-6.031591093981649,5.72,-0.33,67.4
2021-12-13,15413.282,0.76,3.33,-6.0341335743084885,6.22,-0.33,67.4
2021-12-14,15237.6398,0.77,3.35,-6.031351283506388,6.22,-0.33,67.4
2021-12-15,15565.583,0.78,3.33,-6.044713489236483,6.22,-0.33,67.4
2021-12-16,15180.4349,0.8,3.32,-6.0348804564348,6.22,-0.33,67.4
2021-12-17,15169.6821,0.75,3.36,-6.0408089121339845,6.22,-0.33,67.4
2021-12-20,14980.9442,0.78,3.41,-6.035435183733555,5.48,-0.33,67.4
2021-12-21,15341.0867,0.78,3.25,-6.019988496164962,5.48,-0.33,67.4
2021-12-22,15521.8924,0.78,3.21,-6.017092565425902,5.48,-0.33,67.4
2021-12-23,15653.374,0.79,3.12,-6.02212236890285,5.48,-0.33,67.4
2021-12-27,15871.2619,0.72,3.02,-6.002583185110962,6.36,-0.33,67.4
2021-12-28,15781.7235,0.75,3.01,-6.012502682484381,6.36,-0.33,67.4
2021-12-29,15766.2163,0.8,3.03,-6.014204255585969,6.36,-0.33,67.4
2021-12-30,15741.5641,0.79,3.09,-6.023446214868161,6.36,-0.33,67.4
2021-12-31,15644.9707,0.79,3.1,-6.015372714093046,6.36,-0.27,70.6
2022-01-03,15832.7986,0.85,3.05,-6.009118492863006,5.55,-0.27,70.6
2022-01-04,15622.7185,0.89,3.09,-6.00511398500871,5.55,-0.27,70.6
2022-01-05,15100.1742,0.88,3.07,-6.024722033557825,5.55,-0.27,70.6
2022-01-06,15080.8648,0.85,3.15,-6.018314078408036,5.55,-0.27,70.6
2022-01-07,14935.9017,0.89,3.2,-6.010221765765518,5.55,-0.27,70.6
2022-01-10,14942.8279,0.86,3.24,-6.024239545342911,4.6,-0.27,70.6
2022-01-11,15153.4487,0.85,3.18,-6.0175934394859825,4.6,-0.27,70.6
2022-01-12,15188.3923,0.82,3.06,-5.989660232667852,4.6,-0.27,70.6
2022-01-13,14806.8123,0.79,3.1,-5.993112989703366,4.6,-0.27,70.6
2022-01-14,14893.7527,0.79,3.09,-6.018414039797535,4.6,-0.27,70.6
2022-01-18,14506.8966,0.81,3.12,-6.02478787497973,4.93,-0.27,70.6
2022-01-19,14340.2551,0.79,3.11,-6.021870061876095,4.93,-0.27,70.6
2022-01-20,14154.0204,0.75,3.1,-5.996688195943109,4.93,-0.27,70.6
2022-01-21,13768.9218,0.74,3.29,-6.003657810715013,4.93,-0.27,70.6
2022-01-24,13855.1295,0.76,3.44,-6.034002914842145,5.04,-0.27,70.6
2022-01-25,13539.2949,0.76,3.39,-6.031387260992093,5.04,-0.27,70.6
2022-01-26,13542.1189,0.72,3.25,-6.004502111101572,5.04,-0.27,70.6
2022-01-27,13352.783,0.63,3.46,-6.004770006557014,5.04,-0.27,70.6
2022-01-28,13770.5733,0.63,3.61,-6.027131747152082,5.04,-0.27,70.6
2022-01-31,14239.8832,0.61,3.63,-6.029243414449153,5.42,-0.2,67.2
2022-02-01,14346.0027,0.63,3.51,-6.007072818994028,5.42,-0.2,67.2
2022-02-02,14417.5473,0.62,3.45,-5.998059743790508,5.42,-0.2,67.2
2022-02-03,13878.8179,0.63,3.51,-6.000205034206914,5.42,-0.2,67.2
2022-02-04,14098.0067,0.62,3.56,-5.998570161549913,5.42,-0.2,67.2
2022-02-07,14015.6675,0.62,3.6,-6.011871155204952,5.23,-0.2,67.2
2022-02-08,14194.4546,0.61,3.55,-6.015550089776431,5.23,-0.2,67.2
2022-02-09,14490.3729,0.58,3.46,-5.989071681054326,5.23,-0.2,67.2
2022-02-10,14185.6413,0.42,3.44,-5.977198661593793,5.23,-0.2,67.2
2022-02-11,13791.154,0.42,3.66,-6.013251662148119,5.23,-0.2,67.2
2022-02-14,13790.9188,0.4,3.74,-6.027630126653148,5.12,-0.2,67.2
2022-02-15,14139.7573,0.47,3.67,-6.0152336556485935,5.12,-0.2,67.2
2022-02-16,14124.0946,0.51,3.68,-6.022339737716937,5.12,-0.2,67.2
2022-02-17,13716.7192,0.48,3.74,-6.0414857526096295,5.12,-0.2,67.2
2022-02-18,13548.0657,0.45,3.78,-6.041102528199754,5.12,-0.2,67.2
2022-02-22,13381.5163,0.38,3.75,-6.047088325030256,6.23,-0.2,67.2
2022-02-23,13037.4873,0.41,3.72,-6.054552417988369,6.23,-0.2,67.2
2022-02-24,13473.585,0.42,3.93,-6.06910484084313,6.23,-0.2,67.2
2022-02-25,13694.6244,0.42,3.62,-6.042322964341473,6.23,-0.2,67.2
2022-02-28,13751.3992,0.39,3.77,-6.0560626971782305,5.2,-0.13,62.8
2022-03-01,13532.4592,0.41,3.89,-6.047104954747698,5.2,-0.13,62.8
2022-03-02,13752.0162,0.36,3.71,-6.021082655066875,5.2,-0.13,62.8
2022-03-03,13537.9413,0.33,3.71,-6.003573308802443,5.2,-0.13,62.8
2022-03-04,13313.438,0.24,3.9,-5.987202312118816,5.2,-0.13,62.8
2022-03-07,12830.9622,0.23,4.01,-6.044713758766941,4.77,-0.13,62.8
2022-03-08,12795.5513,0.23,4.03,-6.072633518887056,4.77,-0.13,62.8
2022-03-09,13255.5455,0.26,3.94,-6.074924884495161,4.77,-0.13,62.8
2022-03-10,13129.9625,0.26,4,-6.06369773001048,4.77,-0.13,62.8
2022-03-11,12843.8081,0.25,4.05,-6.0617897198920545,4.77,-0.13,62.8
2022-03-14,12581.2204,0.25,4.05,-6.071932341718197,4.72,-0.13,62.8
2022-03-15,12948.6213,0.27,4.16,-6.058157708557446,4.72,-0.13,62.8
2022-03-16,13436.5529,0.3,4.21,-6.028274591891463,4.72,-0.13,62.8
2022-03-17,13614.7814,0.24,3.96,-6.024103427570085,4.72,-0.13,62.8
2022-03-18,13893.8373,0.26,3.81,-6.008980876897968,4.72,-0.13,62.8
2022-03-21,13838.4602,0.17,3.81,-6.015222121471088,4.91,-0.13,62.8
2022-03-22,14108.8171,0.18,3.67,-6.013298901288886,4.91,-0.13,62.8
2022-03-23,13922.6042,0.2,3.7,-6.005342469364974,4.91,-0.13,62.8
2022-03-24,14191.8391,0.19,3.72,-6.025257148902258,4.91,-0.13,62.8
2022-03-25,14169.2999,0.21,3.67,-6.03049287266926,4.91,-0.13,62.8
2022-03-28,14354.9019,0.18,3.51,-6.017366778506468,4.43,-0.13,62.8
2022-03-29,14619.6362,0.11,3.54,-6.001873094002335,4.43,-0.13,62.8
2022-03-30,14442.2746,0.06,3.38,-6.011677779577985,4.43,-0.13,62.8
2022-03-31,14220.5187,0.04,3.33,-6.019278710397944,4.43,-0.13,62.8
2022-04-01,14261.4998,0.04,3.43,-6.016892992034593,4.43,-0.1,59.4
2022-04-04,14532.5538,-0.05,3.4,-6.002591371205779,4.71,-0.1,59.4
2022-04-05,14204.1676,-0.01,3.33,-5.996405397102083,4.71,-0.1,59.4
2022-04-06,13888.8171,0.03,3.27,-6.006078640580208,4.71,-0.1,59.4
2022-04-07,13897.3,0.11,3.48,-6.021852467872685,4.71,-0.1,59.4
2022-04-08,13710.996,0.19,3.54,-6.020458130826142,4.71,-0.1,59.4
2022-04-11,13411.9563,0.19,3.57,-6.041240722326671,4.43,-0.1,59.4
2022-04-12,13371.5715,0.29,3.73,-6.039298739034022,4.43,-0.1,59.4
2022-04-13,13643.5872,0.33,3.75,-6.043110601848928,4.43,-0.1,59.4
2022-04-14,13351.0789,0.33,3.77,-6.035722992914889,4.43,-0.1,59.4
2022-04-18,13332.3575,0.36,3.68,-6.025046736394896,4.45,-0.1,59.4
2022-04-19,13619.6565,0.39,3.64,-6.028804436959057,4.45,-0.1,59.4
2022-04-20,13453.0654,0.32,3.58,-6.041155096048072,4.45,-0.1,59.4
2022-04-21,13174.6515,0.25,3.56,-6.026247937740529,4.45,-0.1,59.4
2022-04-22,12839.2932,0.22,3.5,-6.045474327484921,4.45,-0.1,59.4
2022-04-25,13004.8523,0.18,3.65,-6.054822330991063,4.37,-0.1,59.4
2022-04-26,12490.7432,0.18,3.8,-6.060885158670569,4.37,-0.1,59.4
2022-04-27,12488.9331,0.23,3.83,-6.049280336113165,4.37,-0.1,59.4
2022-04-28,12871.5277,0.24,3.89,-6.055830362456484,4.37,-0.1,59.4
2022-04-29,12334.64,0.22,3.83,-6.072213681990028,4.37,-0.1,59.4
2022-05-02,12536.0171,0.19,3.97,-6.079120046503134,4.47,-0.13,65.2
2022-05-03,12563.7574,0.26,4.05,-6.079360815367217,4.47,-0.13,65.2
2022-05-04,12964.8558,0.19,3.97,-6.065638380229225,4.47,-0.13,65.2
2022-05-05,12317.6912,0.27,4.1,-6.080100879890158,4.47,-0.13,65.2
2022-05-06,12144.6619,0.34,4.03,-6.089604305321124,4.47,-0.13,65.2
2022-05-09,11623.2484,0.4,4.18,-6.09404308768091,4.36,-0.13,65.2
2022-05-10,11737.671,0.44,4.47,-6.093872097110179,4.36,-0.13,65.2
2022-05-11,11364.2355,0.37,4.52,-6.08771383094661,4.36,-0.13,65.2
2022-05-12,11370.9615,0.25,4.55,-6.098007146417045,4.36,-0.13,65.2
2022-05-13,11805.0015,0.28,4.77,-6.070972796000447,4.36,-0.13,65.2
2022-05-16,11662.7907,0.32,4.63,-6.070230965579307,4.26,-0.13,65.2
2022-05-17,11984.5229,0.3,4.71,-6.0616598093752945,4.26,-0.13,65.2
2022-05-18,11418.1543,0.27,4.6,-6.074384161106398,4.26,-0.13,65.2
2022-05-19,11388.4955,0.21,4.84,-6.0635191133098525,4.26,-0.13,65.2
2022-05-20,11354.6171,0.21,4.92,-6.0658774017694475,4.26,-0.13,65.2
2022-05-23,11535.2746,0.18,4.91,-6.052610194341267,3.67,-0.13,65.2
2022-05-24,11264.4482,0.21,4.82,-6.071453648413069,3.67,-0.13,65.2
2022-05-25,11434.7407,0.26,4.94,-6.072961669094222,3.67,-0.13,65.2
2022-05-26,11740.6504,0.27,4.74,-6.072608387615374,3.67,-0.13,65.2
2022-05-27,12131.1311,0.29,4.38,-6.066753589946205,3.67,-0.13,65.2
2022-05-31,12081.3912,0.27,4.19,-6.0643913217895475,3.62,-0.13,65.2
2022-06-01,11994.4595,0.32,4.22,-6.057016906684709,3.62,-0.07,58.4
2022-06-02,12316.898,0.28,4.13,-6.018765560222187,3.62,-0.07,58.4
2022-06-03,12012.7339,0.27,4.15,-6.02521328448442,3.62,-0.07,58.4
2022-06-06,12061.3702,0.3,4.21,-6.030002085314802,3.96,-0.07,58.4
2022-06-07,12175.2318,0.31,4.19,-6.034435060450251,3.96,-0.07,58.4
2022-06-08,12086.2708,0.23,4.34,-6.032533452438574,3.96,-0.07,58.4
2022-06-09,11754.2255,0.25,4.34,-6.047176278546915,3.96,-0.07,58.4
2022-06-10,11340.0244,0.21,4.42,-6.0792954352978,3.96,-0.07,58.4
2022-06-13,10809.2253,0.09,4.51,-6.075235490195606,2.92,-0.07,58.4
2022-06-14,10828.3454,0.03,4.87,-6.078340584733951,2.92,-0.07,58.4
2022-06-15,11099.1545,0.04,4.9,-6.080015909002112,2.92,-0.07,58.4
2022-06-16,10646.0987,0.13,4.82,-6.109950570491032,2.92,-0.07,58.4
2022-06-17,10798.3495,0.14,5.17,-6.128183205815262,2.92,-0.07,58.4
2022-06-21,11069.3023,0.08,5.15,-6.120871327350797,3.38,-0.07,58.4
2022-06-22,11053.0798,0.1,5.05,-6.144455470354102,3.38,-0.07,58.4
2022-06-23,11232.1926,0.1,5.32,-6.193143754250459,3.38,-0.07,58.4
2022-06-24,11607.6204,0.08,5.38,-6.193015874495594,3.38,-0.07,58.4
2022-06-27,11521.4598,0.09,5.18,-6.184142040895184,3.12,-0.07,58.4
2022-06-28,11181.5402,0.12,5.11,-6.1791154565142685,3.12,-0.07,58.4
2022-06-29,11177.8931,0.1,5.26,-6.175360933391487,3.12,-0.07,58.4
2022-06-30,11028.7357,0.04,5.62,-6.188557421222249,3.12,-0.07,58.4
2022-07-01,11127.8451,0.06,5.87,-6.2143305904420565,3.12,0,50
2022-07-05,11322.2375,0.04,5.93,-6.247105052594678,3.53,0,50
2022-07-06,11361.8518,0,5.99,-6.233501263217059,3.53,0,50
2022-07-07,11621.3457,-0.04,5.8,-6.188342300536252,3.53,0,50
2022-07-08,11635.3079,-0.02,5.5,-6.203932348354845,3.53,0,50
2022-07-11,11372.5986,-0.03,5.36,-6.224152840809297,3.01,0,50
2022-07-12,11264.7279,-0.08,5.44,-6.262586903520744,3.01,0,50
2022-07-13,11247.5821,-0.07,5.43,-6.2583333236965775,3.01,0,50
2022-07-14,11251.1852,-0.22,5.47,-6.275051370169299,3.01,0,50
2022-07-15,11452.4211,-0.19,5.53,-6.266779176894143,3.01,0,50
2022-07-18,11360.0483,-0.2,5.39,-6.236599999157223,3.33,0,50
2022-07-19,11713.1475,-0.19,5.25,-6.253466452497043,3.33,0,50
2022-07-20,11897.6514,-0.22,5.1,-6.237031496075441,3.33,0,50
2022-07-21,12059.6091,-0.21,4.9,-6.252767159849155,3.33,0,50
2022-07-22,11834.1118,-0.19,4.99,-6.24556158588,3.33,0,50
2022-07-25,11782.6665,-0.21,4.96,-6.239253449026642,3.45,0,50
2022-07-26,11562.5747,-0.19,4.95,-6.229535280676455,3.45,0,50
2022-07-27,12032.4229,-0.21,5.06,-6.2169959158695995,3.45,0,50
2022-07-28,12162.5932,-0.18,5.07,-6.232832162221927,3.45,0,50
2022-07-29,12390.6879,-0.17,4.98,-6.211833860608647,3.45,0,50
2022-08-01,12368.9756,-0.22,4.83,-6.223852463838345,3.26,-0.03,51.5
2022-08-02,12348.7579,-0.3,4.8,-6.2317685245988965,3.26,-0.03,51.5
2022-08-03,12668.1588,-0.31,4.61,-6.239054456715061,3.26,-0.03,51.5
2022-08-04,12720.5802,-0.37,4.54,-6.2519047133173205,3.26,-0.03,51.5
2022-08-05,12657.5547,-0.35,4.55,-6.223130240154622,3.26,-0.03,51.5
2022-08-08,12644.4588,-0.41,4.44,-6.221249871368494,3.46,-0.03,51.5
2022-08-09,12493.9292,-0.44,4.41,-6.225454101472312,3.46,-0.03,51.5
2022-08-10,12854.8047,-0.48,4.46,-6.208534064713827,3.46,-0.03,51.5
2022-08-11,12779.9125,-0.45,4.33,-6.189445930039156,3.46,-0.03,51.5
2022-08-12,13047.1859,-0.36,4.21,-6.204333331682479,3.46,-0.03,51.5
2022-08-15,13128.0531,-0.41,4.25,-6.20870265131409,3.29,-0.03,51.5
2022-08-16,13102.5488,-0.41,4.24,-6.202086939264567,3.29,-0.03,51.5
2022-08-17,12938.123,-0.43,4.25,-6.206173013590023,3.29,-0.03,51.5
2022-08-18,12965.3415,-0.39,4.33,-6.189766775890287,3.29,-0.03,51.5
2022-08-19,12705.2151,-0.34,4.37,-6.1760235589079295,3.29,-0.03,51.5
2022-08-22,12381.573,-0.27,4.45,-6.171318320911132,3.18,-0.03,51.5
2022-08-23,12381.3009,-0.29,4.62,-6.1666348106387945,3.18,-0.03,51.5
2022-08-24,12431.5275,-0.24,4.68,-6.180839018383581,3.18,-0.03,51.5
2022-08-25,12639.2654,-0.25,4.61,-6.171462960525166,3.18,-0.03,51.5
2022-08-26,12141.7102,-0.32,4.6,-6.15973509471767,3.18,-0.03,51.5
2022-08-29,12017.6686,-0.33,4.65,-6.182937988095835,2.9,-0.03,51.5
2022-08-30,11883.1364,-0.3,4.78,-6.192282437389141,2.9,-0.03,51.5
2022-08-31,11816.2029,-0.35,4.9,-6.195642977361091,2.9,-0.03,51.5
2022-09-01,11785.1261,-0.3,5.03,-6.218153837730637,2.9,0.03,58.2
2022-09-02,11630.8645,-0.25,5.08,-6.223851898478875,2.9,0.03,58.2
2022-09-06,11544.9089,-0.2,5.07,-6.204096662749921,3.13,0.03,58.2
2022-09-07,11791.8998,-0.17,4.98,-6.221898178775976,3.13,0.03,58.2
2022-09-08,11862.1286,-0.18,4.97,-6.189748190863464,3.13,0.03,58.2
2022-09-09,12112.307,-0.19,4.8,-6.183061896600774,3.13,0.03,58.2
2022-09-12,12266.4106,-0.23,4.57,-6.178138893446314,2.93,0.03,58.2
2022-09-13,11633.5743,-0.21,4.5,-6.180071097896949,2.93,0.03,58.2
2022-09-14,11719.6781,-0.33,4.68,-6.18540326108841,2.93,0.03,58.2
2022-09-15,11552.3573,-0.37,4.74,-6.175038900486373,2.93,0.03,58.2
2022-09-16,11448.4037,-0.42,4.77,-6.171164061835193,2.93,0.03,58.2
2022-09-19,11535.0199,-0.4,5,-6.169149034776105,2.21,0.03,58.2
2022-09-20,11425.0511,-0.46,4.88,-6.167617626993987,2.21,0.03,58.2
2022-09-21,11220.1924,-0.39,4.88,-6.180696600703792,2.21,0.03,58.2
2022-09-22,11066.8052,-0.51,4.87,-6.1827608831593635,2.21,0.03,58.2
2022-09-23,10867.9262,-0.41,4.91,-6.205050152436615,2.21,0.03,58.2
2022-09-26,10802.9219,-0.51,5.12,-6.206164599552437,3.03,0.03,58.2
2022-09-27,10829.5035,-0.39,5.18,-6.211221832430708,3.03,0.03,58.2
2022-09-28,11051.6364,-0.33,5.22,-6.209084459686019,3.03,0.03,58.2
2022-09-29,10737.5063,-0.35,5.47,-6.190684645774575,3.03,0.03,58.2
2022-09-30,10575.6187,-0.4,5.5,-6.194330633133569,3.03,0.03,58.2
2022-10-03,10815.4347,-0.39,5.43,-6.212847017837894,2.57,0,58.6
2022-10-04,11176.4056,-0.45,5.43,-6.206263926861063,2.57,0,58.6
2022-10-05,11148.6384,-0.48,5.12,-6.197638762518405,2.57,0,58.6
2022-10-06,11073.3107,-0.39,5.09,-6.213330439847782,2.57,0,58.6
2022-10-07,10652.4047,-0.4,4.95,-6.224042269289401,2.57,0,58.6
2022-10-10,10542.1019,-0.41,5.02,-6.190981816967464,2.22,0,58.6
2022-10-11,10426.1915,-0.41,5.03,-6.188267681807783,2.22,0,58.6
2022-10-12,10417.0986,-0.37,5.25,-6.193958397131649,2.22,0,58.6
2022-10-13,10649.152,-0.37,5.31,-6.1891449521628115,2.22,0,58.6
2022-10-14,10321.3882,-0.5,5.25,-6.177200258327942,2.22,0,58.6
2022-10-17,10675.8011,-0.48,5.15,-6.188655726191387,2.17,0,58.6
2022-10-18,10772.4021,-0.43,5.04,-6.199503519718282,2.17,0,58.6
2022-10-19,10680.5081,-0.42,4.95,-6.199546475182355,2.17,0,58.6
2022-10-20,10614.8441,-0.41,4.97,-6.173639487084725,2.17,0,58.6
2022-10-21,10859.7156,-0.38,4.89,-6.166890894185864,2.17,0,58.6
2022-10-24,10952.6117,-0.28,4.99,-6.178306310099367,2.58,0,58.6
2022-10-25,11199.1157,-0.25,4.91,-6.190474646516794,2.58,0,58.6
2022-10-26,10970.9923,-0.32,4.88,-6.154561588733307,2.58,0,58.6
2022-10-27,10792.6749,-0.35,4.8,-6.1596217637946555,2.58,0,58.6
2022-10-28,11102.452,-0.34,4.76,-6.173105401780063,2.58,0,58.6
2022-10-31,10988.1459,-0.39,4.54,-6.186482934696343,2.61,0,58.6
2022-11-01,10890.8455,-0.41,4.63,-6.1634739365355165,2.61,0.07,59.9
2022-11-02,10524.7971,-0.47,4.61,-6.164808343051408,2.61,0.07,59.9
2022-11-03,10342.9405,-0.51,4.62,-6.165202045770401,2.61,0.07,59.9
2022-11-04,10475.2544,-0.57,4.81,-6.119845713756189,2.61,0.07,59.9
2022-11-07,10564.52,-0.5,4.71,-6.144941051782801,2.39,0.07,59.9
2022-11-08,10616.2,-0.53,4.79,-6.144159410693259,2.39,0.07,59.9
2022-11-09,10353.175,-0.49,4.99,-6.138077235016625,2.39,0.07,59.9
2022-11-10,11114.1468,-0.52,4.8,-6.1455962196839735,2.39,0.07,59.9
2022-11-11,11323.3309,-0.52,4.81,-6.1139636707865295,2.39,0.07,59.9
2022-11-14,11196.2204,-0.52,4.67,-6.138847327934217,1.99,0.07,59.9
2022-11-15,11358.4101,-0.57,4.64,-6.142318849961734,1.99,0.07,59.9
2022-11-16,11183.6586,-0.68,4.71,-6.15400335185544,1.99,0.07,59.9
2022-11-17,11144.9578,-0.66,4.75,-6.169687876703523,1.99,0.07,59.9
2022-11-18,11146.0626,-0.69,4.65,-6.180098736364632,1.99,0.07,59.9
2022-11-21,11024.511,-0.65,4.64,-6.188424805110593,1.66,0.07,59.9
2022-11-22,11174.4067,-0.71,4.57,-6.176629385834456,1.66,0.07,59.9
2022-11-23,11285.3175,-0.75,4.51,-6.178932228105703,1.66,0.07,59.9
2022-11-25,11226.3558,-0.74,4.52,-6.181110467155922,1.66,0.07,59.9
2022-11-28,11049.4986,-0.77,4.63,-6.1776895926313635,1.92,0.07,59.9
2022-11-29,10983.7792,-0.73,4.63,-6.183322844500143,1.92,0.07,59.9
2022-11-30,11467.9959,-0.7,4.55,-6.154461559202794,1.92,0.07,56.7
2022-12-01,11482.4491,-0.72,4.48,-6.164355175354982,1.92,0.07,56.7
2022-12-02,11461.4972,-0.77,4.5,-6.152658095364688,1.92,0.07,56.7
2022-12-05,11239.9372,-0.81,4.43,-6.151414302950846,1.59,0.07,56.7
2022-12-06,11014.8901,-0.83,4.57,-6.145989324429409,1.59,0.07,56.7
2022-12-07,10958.5533,-0.84,4.68,-6.143633506264832,1.59,0.07,56.7
2022-12-08,11082.0033,-0.83,4.55,-6.139638121310583,1.59,0.07,56.7
2022-12-09,11004.6174,-0.76,4.46,-6.146020308877808,1.59,0.07,56.7
2022-12-12,11143.7384,-0.78,4.4,-6.156122353213593,1.06,0.07,56.7
2022-12-13,11256.8135,-0.71,4.34,-6.163616136749327,1.06,0.07,56.7
2022-12-14,11170.8863,-0.74,4.37,-6.150557682312512,1.06,0.07,56.7
2022-12-15,10810.5259,-0.79,4.54,-6.163524581042452,1.06,0.07,56.7
2022-12-16,10705.4141,-0.69,4.67,-6.170835234804846,1.06,0.07,56.7
2022-12-19,10546.032,-0.68,4.67,-6.163746003401478,1.82,0.07,56.7
2022-12-20,10547.1122,-0.56,4.68,-6.174816545877288,1.82,0.07,56.7
2022-12-21,10709.37,-0.53,4.56,-6.171925230944168,1.82,0.07,56.7
2022-12-22,10476.1193,-0.57,4.61,-6.169306651284951,1.82,0.07,56.7
2022-12-23,10497.8629,-0.56,4.59,-6.1605058717260714,1.82,0.07,56.7
2022-12-27,10353.2263,-0.48,4.55,-6.162691061352819,2.22,0.07,56.7
2022-12-28,10213.2876,-0.43,4.77,-6.158158224507043,2.22,0.07,56.7
2022-12-29,10478.0868,-0.51,4.81,-6.1685860659657585,2.22,0.07,56.7
2022-12-30,10466.4817,-0.53,4.79,-6.172232170058205,2.22,0.07,56.7
2023-01-03,10386.9848,-0.61,4.7,-6.194684396492911,1.75,0.03,59.8
2023-01-04,10458.7622,-0.67,4.62,-6.208574695391121,1.75,0.03,59.8
2023-01-05,10305.2409,-0.74,4.58,-6.177334715939994,1.75,0.03,59.8
2023-01-06,10569.2939,-0.69,4.47,-6.169740173397852,1.75,0.03,59.8
2023-01-09,10635.6495,-0.66,4.37,-6.144958645570984,1.23,0.03,59.8
2023-01-10,10742.6301,-0.63,4.33,-6.131679563062044,1.23,0.03,59.8
2023-01-11,10931.6712,-0.66,4.3,-6.111485435360697,1.23,0.03,59.8
2023-01-12,11001.1049,-0.69,4.29,-6.114726542136418,1.23,0.03,59.8
2023-01-13,11079.1566,-0.73,4.21,-6.12207867869932,1.23,0.03,59.8
2023-01-17,11095.1133,-0.65,4.19,-6.1142603876973025,1.38,0.03,59.8
2023-01-18,10957.0128,-0.69,4.25,-6.1100213482209025,1.38,0.03,59.8
2023-01-19,10852.2692,-0.7,4.39,-6.119553114694903,1.38,0.03,59.8
2023-01-20,11140.4344,-0.66,4.35,-6.11707034238657,1.38,0.03,59.8
2023-01-23,11364.4137,-0.69,4.27,-6.11610240373431,1.25,0.03,59.8
2023-01-24,11334.2719,-0.66,4.33,-6.121503322985383,1.25,0.03,59.8
2023-01-25,11313.357,-0.65,4.35,-6.126158533772345,1.25,0.03,59.8
2023-01-26,11512.4133,-0.68,4.24,-6.114247106212472,1.25,0.03,59.8
2023-01-27,11621.7095,-0.67,4.23,-6.124536983036635,1.25,0.03,59.8
2023-01-30,11393.8143,-0.7,4.26,-6.134470193452187,1.5,0.03,59.8
2023-01-31,11584.5518,-0.69,4.3,-6.131915566609907,1.5,-0.07,64.9
2023-02-01,11816.3195,-0.7,4.31,-6.158219202555848,1.5,-0.07,64.9
2023-02-02,12200.818,-0.69,3.94,-6.156900264839076,1.5,-0.07,64.9
2023-02-03,12006.9547,-0.77,3.95,-6.136896375002967,1.5,-0.07,64.9
2023-02-06,11887.4502,-0.81,3.99,-6.14375476128232,1.37,-0.07,64.9
2023-02-07,12113.7863,-0.8,3.99,-6.135357463530107,1.37,-0.07,64.9
2023-02-08,11910.5201,-0.82,4.07,-6.149572200071593,1.37,-0.07,64.9
2023-02-09,11789.579,-0.81,4.05,-6.127973866449289,1.37,-0.07,64.9
2023-02-10,11718.1197,-0.76,4.24,-6.145686359544237,1.37,-0.07,64.9
2023-02-13,11891.7894,-0.8,4.23,-6.1296446985127035,1.28,-0.07,64.9
2023-02-14,11960.1451,-0.83,4.15,-6.126360039599937,1.28,-0.07,64.9
2023-02-15,12070.5929,-0.81,4.18,-6.13148122305759,1.28,-0.07,64.9
2023-02-16,11855.8341,-0.76,4.24,-6.104305177864123,1.28,-0.07,64.9
2023-02-17,11787.2718,-0.78,4.38,-6.109991021948113,1.28,-0.07,64.9
2023-02-21,11492.3006,-0.72,4.49,-6.077741027061092,1.42,-0.07,64.9
2023-02-22,11507.0699,-0.73,4.41,-6.085515677328296,1.42,-0.07,64.9
2023-02-23,11590.4011,-0.78,4.3,-6.109384443454084,1.42,-0.07,64.9
2023-02-24,11394.9417,-0.83,4.28,-6.13077532276939,1.42,-0.07,64.9
2023-02-27,11466.9792,-0.86,4.21,-6.120239883206853,1.44,-0.07,64.9
2023-02-28,11455.544,-0.89,4.22,-6.107303048941597,1.44,0,66.9
2023-03-01,11379.4845,-0.88,4.17,-6.094936260871283,1.44,0,66.9
2023-03-02,11462.9817,-0.81,4.18,-6.112676437458598,1.44,0,66.9
2023-03-03,11689.0057,-0.89,4.05,-6.122518691441038,1.44,0,66.9
2023-03-06,11675.737,-0.91,3.97,-6.1172461637462305,1.08,0,66.9
2023-03-07,11530.3325,-1.03,3.98,-6.126567031964545,1.08,0,66.9
2023-03-08,11576.0045,-1.07,4.09,-6.112800571422495,1.08,0,66.9
2023-03-09,11338.3547,-0.97,4.27,-6.118584616494279,1.08,0,66.9
2023-03-10,11138.8876,-0.9,4.61,-6.138304823790773,1.08,0,66.9
2023-03-13,11188.843,-0.9,4.61,-6.158675179374985,1.29,0,66.9
2023-03-14,11428.1488,-0.48,5.03,-6.168285534236889,1.29,0,66.9
2023-03-15,11434.0522,-0.56,4.74,-6.219695318695846,1.29,0,66.9
2023-03-16,11717.2768,-0.42,5.2,-6.209809438023991,1.29,0,66.9
2023-03-17,11630.5134,-0.58,4.93,-6.228512270376886,1.29,0,66.9
2023-03-20,11675.5376,-0.42,5.17,-6.218170012483526,1.38,0,66.9
2023-03-21,11860.1091,-0.45,5.15,-6.186216866683422,1.38,0,66.9
2023-03-22,11669.9556,-0.58,4.85,-6.178021568835126,1.38,0,66.9
2023-03-23,11787.3982,-0.48,5,-6.182148038124678,1.38,0,66.9
2023-03-24,11823.9601,-0.38,5.1,-6.187898729619067,1.38,0,66.9
2023-03-27,11768.8358,-0.38,5.22,-6.171802199460344,1.73,0,66.9
2023-03-28,11716.0805,-0.41,5.03,-6.180119775260277,1.73,0,66.9
2023-03-29,11926.2359,-0.47,5.01,-6.1765251202817995,1.73,0,66.9
2023-03-30,12013.4714,-0.51,4.83,-6.190840146799387,1.73,0,66.9
2023-03-31,12221.9067,-0.55,4.74,-6.184333934741153,1.73,0,66.9
2023-04-03,12189.4526,-0.58,4.58,-6.203497287278991,1.89,0,62
2023-04-04,12126.3268,-0.54,4.58,-6.240804392245479,1.89,0,62
2023-04-05,11996.8618,-0.49,4.73,-6.2356322417542644,1.89,0,62
2023-04-06,12087.9565,-0.49,4.84,-6.223854226041086,1.89,0,62
2023-04-10,12084.355,-0.58,4.84,-6.22239862141011,1.3,0,62
2023-04-11,12031.877,-0.59,4.7,-6.219200101526959,1.3,0,62
2023-04-12,11929.3373,-0.6,4.63,-6.206933539181555,1.3,0,62
2023-04-13,12166.2719,-0.54,4.62,-6.21135353552225,1.3,0,62
2023-04-14,12123.4655,-0.51,4.49,-6.196200333722667,1.3,0,62
2023-04-17,12157.7239,-0.56,4.43,-6.201736633590183,1.14,0,62
2023-04-18,12153.4115,-0.58,4.41,-6.201792613529044,1.14,0,62
2023-04-19,12157.2262,-0.61,4.37,-6.199184390619765,1.14,0,62
2023-04-20,12059.5578,-0.64,4.41,-6.21775801979843,1.14,0,62
2023-04-21,12072.4563,-0.6,4.54,-6.214859323144026,1.14,0,62
2023-04-24,12037.2037,-0.6,4.46,-6.226074729793324,1.4,0,62
2023-04-25,11799.1571,-0.6,4.48,-6.255596399279102,1.4,0,62
2023-04-26,11854.3508,-0.46,4.64,-6.249918630635499,1.4,0,62
2023-04-27,12142.2379,-0.47,4.63,-6.243536784071321,1.4,0,62
2023-04-28,12226.5838,-0.54,4.48,-6.241914674186849,1.4,0,62
2023-05-01,12212.5979,-0.6,4.53,-6.227338114744198,1.2,0,63.7
2023-05-02,12080.5061,-0.55,4.45,-6.261170478561285,1.2,0,63.7
2023-05-03,12025.3277,-0.53,4.7,-6.272459813269198,1.2,0,63.7
2023-05-04,11966.3981,-0.51,4.79,-6.276927617847483,1.2,0,63.7
2023-05-05,12235.4128,-0.38,4.95,-6.256618158481384,1.2,0,63.7
2023-05-08,12256.9175,-0.48,4.77,-6.2488539942486545,1.38,0,63.7
2023-05-09,12179.5531,-0.48,4.72,-6.260764551418929,1.38,0,63.7
2023-05-10,12306.4418,-0.48,4.74,-6.273549757459744,1.38,0,63.7
2023-05-11,12328.5065,-0.47,4.78,-6.300068407899184,1.38,0,63.7
2023-05-12,12284.7432,-0.5,4.81,-6.294747767590744,1.38,0,63.7
2023-05-15,12365.2094,-0.52,4.76,-6.2901660604593,1.07,0,63.7
2023-05-16,12343.0527,-0.49,4.77,-6.298022431123606,1.07,0,63.7
2023-05-17,12500.5662,-0.52,4.79,-6.27036869346073,1.07,0,63.7
2023-05-18,12688.838,-0.55,4.75,-6.275106758685434,1.07,0,63.7
2023-05-19,12657.8973,-0.59,4.69,-6.274715595190052,1.07,0,63.7
2023-05-22,12720.7762,-0.58,4.62,-6.285166455791504,1.4,0,63.7
2023-05-23,12560.2454,-0.57,4.54,-6.292111195788395,1.4,0,63.7
2023-05-24,12484.162,-0.56,4.6,-6.3128621368044975,1.4,0,63.7
2023-05-25,12698.0937,-0.58,4.68,-6.294753707927471,1.4,0,63.7
2023-05-26,12975.6875,-0.67,4.58,-6.269201211290894,1.4,0,63.7
2023-05-30,13017.4256,-0.74,4.54,-6.291103919784158,1.2,0,63.7
2023-05-31,12935.2854,-0.77,4.58,-6.300753001699098,1.2,0,63.7
2023-06-01,13100.9818,-0.76,4.69,-6.287348542410328,1.2,0.03,59
2023-06-02,13240.7659,-0.72,4.65,-6.269847987773432,1.2,0.03,59
2023-06-05,13229.4287,-0.81,4.37,-6.261424827416066,1.21,0.03,59
2023-06-06,13276.4181,-0.77,4.39,-6.264932368329102,1.21,0.03,59
2023-06-07,13104.895,-0.81,4.39,-6.25652853097199,1.21,0.03,59
2023-06-08,13238.5239,-0.77,4.33,-6.256460392041529,1.21,0.03,59
2023-06-09,13259.1432,-0.79,4.39,-6.25733484939634,1.21,0.03,59
2023-06-12,13461.921,-0.84,4.29,-6.263347494727671,1.21,0.03,59
2023-06-13,13573.3205,-0.82,4.34,-6.236859345568182,1.21,0.03,59
2023-06-14,13626.477,-0.83,4.18,-6.231975783106097,1.21,0.03,59
2023-06-15,13782.8208,-0.91,4.18,-6.224911158042017,1.21,0.03,59
2023-06-16,13689.5713,-0.9,4.21,-6.22824571816559,1.21,0.03,59
2023-06-20,13667.2935,-0.93,4.15,-6.217667659358289,1.43,0.03,59
2023-06-21,13502.1985,-0.94,4.22,-6.208533726586304,1.43,0.03,59
2023-06-22,13630.6088,-0.96,4.32,-6.203596536281781,1.43,0.03,59
2023-06-23,13492.5161,-0.97,4.3,-6.229146311077647,1.43,0.03,59
2023-06-26,13335.7779,-0.97,4.4,-6.236460606859816,1.52,0.03,59
2023-06-27,13555.6727,-0.93,4.45,-6.23485005705795,1.52,0.03,59
2023-06-28,13591.7498,-0.97,4.3,-6.246830156813157,1.52,0.03,59
2023-06-29,13591.3308,-1,4.27,-6.250923603590474,1.52,0.03,59
2023-06-30,13787.9227,-1.02,4.14,-6.240678382900509,1.52,0.03,59
2023-07-03,13816.7729,-1.06,4.05,-6.231595309464851,1.4,0.07,64.2
2023-07-05,13791.6543,-1.08,3.99,-6.237094516902487,1.4,0.07,64.2
2023-07-06,13679.0428,-0.99,4.01,-6.240067816272535,1.4,0.07,64.2
2023-07-07,13660.716,-0.94,4.1,-6.236316810225311,1.4,0.07,64.2
2023-07-10,13685.4812,-0.88,4.08,-6.234879504661429,1.44,0.07,64.2
2023-07-11,13760.6989,-0.84,4.13,-6.24293385806557,1.44,0.07,64.2
2023-07-12,13918.9632,-0.89,4.05,-6.23271465759132,1.44,0.07,64.2
2023-07-13,14138.5702,-0.86,3.95,-6.211455927425347,1.44,0.07,64.2
2023-07-14,14113.7032,-0.83,3.97,-6.213539640715417,1.44,0.07,64.2
2023-07-17,14244.9485,-0.91,3.9,-6.232347837557156,1.64,0.07,64.2
2023-07-18,14353.6421,-0.93,3.97,-6.248521836122766,1.64,0.07,64.2
2023-07-19,14358.0182,-0.94,3.9,-6.25257757531205,1.64,0.07,64.2
2023-07-20,14063.3068,-0.99,3.89,-6.242206521975672,1.64,0.07,64.2
2023-07-21,14032.8052,-0.95,3.9,-6.2443347170425,1.64,0.07,64.2
2023-07-24,14058.8659,-0.98,3.89,-6.232320871438413,1.32,0.07,64.2
2023-07-25,14144.5553,-0.95,3.82,-6.217642692547329,1.32,0.07,64.2
2023-07-26,14127.2819,-0.94,3.84,-6.224350339664117,1.32,0.07,64.2
2023-07-27,14050.1071,-0.96,3.91,-6.218702401737901,1.32,0.07,64.2
2023-07-28,14316.6576,-0.9,3.78,-6.233104014459249,1.32,0.07,64.2
2023-07-31,14346.0236,-0.91,3.82,-6.217199548093326,1.87,0.07,64.2
2023-08-01,14283.9132,-0.91,3.79,-6.2270922106753055,1.87,0.1,71.5
2023-08-02,13973.4472,-0.87,3.82,-6.2419402675281725,1.87,0.1,71.5
2023-08-03,13959.7153,-0.8,3.96,-6.224331159288431,1.87,0.1,71.5
2023-08-04,13909.2384,-0.7,3.98,-6.236272180849673,1.87,0.1,71.5
2023-08-07,13994.3982,-0.73,4.01,-6.241619386912815,1.56,0.1,71.5
2023-08-08,13884.3239,-0.67,3.97,-6.254502542231202,1.56,0.1,71.5
2023-08-09,13722.0156,-0.72,4,-6.245242789385475,1.56,0.1,71.5
2023-08-10,13737.9856,-0.79,3.94,-6.249272528576122,1.56,0.1,71.5
2023-08-11,13644.8493,-0.73,3.83,-6.260384725049461,1.56,0.1,71.5
2023-08-14,13788.3312,-0.73,3.83,-6.257301914008739,1.23,0.1,71.5
2023-08-15,13631.0468,-0.77,3.79,-6.268455728260818,1.23,0.1,71.5
2023-08-16,13474.628,-0.71,3.85,-6.2676142108134165,1.23,0.1,71.5
2023-08-17,13316.9316,-0.69,3.81,-6.251544455286625,1.23,0.1,71.5
2023-08-18,13290.7764,-0.64,3.95,-6.248302756957441,1.23,0.1,71.5
2023-08-21,13497.5899,-0.66,4.02,-6.248321384427562,1.92,0.1,71.5
2023-08-22,13505.8729,-0.63,3.97,-6.239579825766239,1.92,0.1,71.5
2023-08-23,13721.0326,-0.68,3.93,-6.2373744067564525,1.92,0.1,71.5
2023-08-24,13463.9719,-0.76,3.92,-6.246756146845355,1.92,0.1,71.5
2023-08-25,13590.6464,-0.75,3.91,-6.245440973458222,1.92,0.1,71.5
2023-08-28,13705.1305,-0.78,3.9,-6.250587716613283,1.99,0.1,71.5
2023-08-29,13943.7569,-0.78,3.86,-6.249745763731891,1.99,0.1,71.5
2023-08-30,14019.3108,-0.75,3.87,-6.24079701491457,1.99,0.1,71.5
2023-08-31,14034.968,-0.78,3.8,-6.2429315888954795,1.99,0.1,71.5
2023-09-01,14031.8145,-0.76,3.85,-6.235723162001804,1.99,0.13,69.4
2023-09-05,14020.9519,-0.69,3.81,-6.2292336347993364,1.9,0.13,69.4
2023-09-06,13872.4709,-0.67,3.83,-6.241295807599838,1.9,0.13,69.4
2023-09-07,13748.8316,-0.71,3.86,-6.246780351362964,1.9,0.13,69.4
2023-09-08,13761.5255,-0.67,3.9,-6.259051671861524,1.9,0.13,69.4
2023-09-11,13917.8941,-0.72,3.85,-6.237306244832903,2.07,0.13,69.4
2023-09-12,13773.6145,-0.68,3.82,-6.235020699322327,2.07,0.13,69.4
2023-09-13,13813.5851,-0.71,3.84,-6.233412517754815,2.07,0.13,69.4
2023-09-14,13926.0525,-0.71,3.85,-6.226081992039694,2.07,0.13,69.4
2023-09-15,13708.3346,-0.71,3.78,-6.238369842380777,2.07,0.13,69.4
2023-09-18,13710.2372,-0.69,3.79,-6.247867298646025,2.39,0.13,69.4
2023-09-19,13678.1855,-0.73,3.82,-6.256524769786039,2.39,0.13,69.4
2023-09-20,13469.1276,-0.71,3.82,-6.2556504076544295,2.39,0.13,69.4
2023-09-21,13223.9849,-0.77,3.77,-6.262985891451759,2.39,0.13,69.4
2023-09-22,13211.8069,-0.63,3.89,-6.26607453799241,2.39,0.13,69.4
2023-09-25,13271.3195,-0.66,3.93,-6.2684974751109515,1.69,0.13,69.4
2023-09-26,13063.6096,-0.54,3.97,-6.265523135475126,1.69,0.13,69.4
2023-09-27,13092.8491,-0.48,4.04,-6.253786504574716,1.69,0.13,69.4
2023-09-28,13201.2765,-0.49,4.03,-6.2277894498568065,1.69,0.13,69.4
2023-09-29,13219.3218,-0.45,4.09,-6.213189031822621,1.69,0.13,69.4
2023-10-02,13307.7727,-0.44,4.03,-6.229030573364453,1.81,0.2,67.8
2023-10-03,13059.4661,-0.43,4.11,-6.231585505101616,1.81,0.2,67.8
2023-10-04,13236.0096,-0.34,4.26,-6.236817150557546,1.81,0.2,67.8
2023-10-05,13219.8341,-0.32,4.37,-6.245543543838964,1.81,0.2,67.8
2023-10-06,13431.3411,-0.31,4.38,-6.231799245907459,1.81,0.2,67.8
2023-10-09,13484.2393,-0.3,4.33,-6.2370102502449445,2.13,0.2,67.8
2023-10-10,13562.8437,-0.3,4.34,-6.246189955631897,2.13,0.2,67.8
2023-10-11,13659.6769,-0.3,4.26,-6.258640879689355,2.13,0.2,67.8
2023-10-12,13574.2193,-0.41,4.25,-6.2621908134132065,2.13,0.2,67.8
2023-10-13,13407.2344,-0.36,4.25,-6.29837048055941,2.13,0.2,67.8
2023-10-16,13567.9838,-0.41,4.3,-6.291579479269532,2.1,0.2,67.8
2023-10-17,13533.7472,-0.38,4.27,-6.293280578954985,2.1,0.2,67.8
2023-10-18,13314.3023,-0.36,4.25,-6.307609306468796,2.1,0.2,67.8
2023-10-19,13186.1753,-0.28,4.32,-6.309893032395233,2.1,0.2,67.8
2023-10-20,12983.8072,-0.16,4.37,-6.327495645585649,2.1,0.2,67.8
2023-10-23,13018.3293,-0.14,4.52,-6.317606981949553,2.16,0.2,67.8
2023-10-24,13139.8746,-0.19,4.51,-6.306349807624013,2.16,0.2,67.8
2023-10-25,12821.2244,-0.19,4.41,-6.319918487510419,2.16,0.2,67.8
2023-10-26,12595.6053,-0.13,4.37,-6.322982619498244,2.16,0.2,67.8
2023-10-27,12643.011,-0.16,4.5,-6.306521501894907,2.16,0.2,67.8
2023-10-30,12789.4829,-0.15,4.53,-6.306645319502136,2,0.2,67.8
2023-10-31,12851.2379,-0.15,4.5,-6.303595233104866,2,0.2,67.8
2023-11-01,13061.469,-0.19,4.42,-6.300179689074176,2,0.33,63.8
2023-11-02,13294.1905,-0.18,4.47,-6.296774537755514,2,0.33,63.8
2023-11-03,13478.2828,-0.31,4.15,-6.297182101694108,2,0.33,63.8
2023-11-06,13518.7794,-0.26,4,-6.28173133760304,2.08,0.33,63.8
2023-11-07,13639.8558,-0.33,4.08,-6.284922918980264,2.08,0.33,63.8
2023-11-08,13650.4139,-0.44,4.08,-6.2881425927314,2.08,0.33,63.8
2023-11-09,13521.4478,-0.41,4.04,-6.293566258882973,2.08,0.33,63.8
2023-11-10,13798.1078,-0.43,4.03,-6.291940783156392,2.08,0.33,63.8
2023-11-13,13767.7432,-0.39,4.03,-6.276586060983505,2.15,0.33,63.8
2023-11-14,14094.3814,-0.36,3.92,-6.280147204731133,2.15,0.33,63.8
2023-11-15,14103.836,-0.37,3.89,-6.269570865579013,2.15,0.33,63.8
2023-11-16,14113.6728,-0.38,4.02,-6.285523945374422,2.15,0.33,63.8
2023-11-17,14125.4814,-0.44,3.99,-6.27453858674038,2.15,0.33,63.8
2023-11-20,14284.5337,-0.47,3.92,-6.252325120184607,2.03,0.33,63.8
2023-11-21,14199.9822,-0.45,3.95,-6.2634169977791165,2.03,0.33,63.8
2023-11-22,14265.8573,-0.47,3.9,-6.27207945233667,2.03,0.33,63.8
2023-11-24,14250.8549,-0.45,3.85,-6.270299203629355,2.03,0.33,63.8
2023-11-27,14241.0225,-0.45,3.89,-6.28319641762589,1.92,0.33,63.8
2023-11-28,14281.7556,-0.39,3.9,-6.285704020105922,1.92,0.33,63.8
2023-11-29,14258.4898,-0.37,3.8,-6.2922127601154205,1.92,0.33,63.8
2023-11-30,14226.2183,-0.36,3.84,-6.280898103903594,1.92,0.3,61.3
2023-12-01,14305.0323,-0.34,3.87,-6.275754761536619,1.92,0.3,61.3
2023-12-04,14185.4937,-0.36,3.8,-6.277483132704224,2.28,0.3,61.3
2023-12-05,14229.9121,-0.39,3.8,-6.288108063366837,2.28,0.3,61.3
2023-12-06,14146.7121,-0.48,3.79,-6.306956216027283,2.28,0.3,61.3
2023-12-07,14339.9941,-0.44,3.77,-6.289494475336787,2.28,0.3,61.3
2023-12-08,14403.9725,-0.48,3.75,-6.265130961656664,2.28,0.3,61.3
2023-12-11,14432.4864,-0.48,3.79,-6.267891211832594,2.17,0.3,61.3
2023-12-12,14533.3968,-0.53,3.76,-6.265790495571762,2.17,0.3,61.3
2023-12-13,14733.9639,-0.42,3.79,-6.267845376635639,2.17,0.3,61.3
2023-12-14,14761.5588,-0.45,3.47,-6.264052542799752,2.17,0.3,61.3
2023-12-15,14813.9198,-0.53,3.51,-6.2600573349981525,2.17,0.3,61.3
2023-12-18,14904.8131,-0.48,3.51,-6.272357660909981,2.05,0.3,61.3
2023-12-19,15003.2232,-0.48,3.46,-6.26615533696135,2.05,0.3,61.3
2023-12-20,14777.9426,-0.48,3.43,-6.261958658600028,2.05,0.3,61.3
2023-12-21,14963.8663,-0.44,3.41,-6.260775322240052,2.05,0.3,61.3
2023-12-22,14992.9726,-0.41,3.39,-6.272611225813706,2.05,0.3,61.3
2023-12-26,15074.573,-0.37,3.37,-6.273718021033154,2.49,0.3,61.3
2023-12-27,15099.1763,-0.41,3.34,-6.270283744944971,2.49,0.3,61.3
2023-12-28,15095.1363,-0.42,3.32,-6.274565496277777,2.49,0.3,61.3
2023-12-29,15011.3524,-0.35,3.34,-6.277635389549154,2.49,0.3,61.3
2024-01-02,14765.9396,-0.38,3.54,-6.280981039576956,2.11,0.23,69.7
2024-01-03,14592.2106,-0.42,3.71,-6.271020985746308,2.11,0.23,69.7
2024-01-04,14510.3,-0.39,3.69,-6.279081581024408,2.11,0.23,69.7
2024-01-05,14524.0732,-0.35,3.68,-6.288918737523505,2.11,0.23,69.7
2024-01-08,14843.7683,-0.35,3.63,-6.2798845362086695,2.52,0.23,69.7
2024-01-09,14857.7095,-0.34,3.59,-6.29324787199296,2.52,0.23,69.7
2024-01-10,14969.6496,-0.33,3.5,-6.284718215609684,2.52,0.23,69.7
2024-01-11,14970.185,-0.28,3.55,-6.281659017575529,2.52,0.23,69.7
2024-01-12,14972.7595,-0.18,3.56,-6.30715596318479,2.52,0.23,69.7
2024-01-16,14944.3468,-0.15,3.58,-6.289743401066718,1.85,0.23,69.7
2024-01-17,14855.6218,-0.24,3.62,-6.286934989774525,1.85,0.23,69.7
2024-01-18,15055.6481,-0.2,3.58,-6.291222939104801,1.85,0.23,69.7
2024-01-19,15310.9679,-0.24,3.54,-6.2840040754111826,1.85,0.23,69.7
2024-01-22,15360.2856,-0.26,3.49,-6.286591931164849,1.5,0.23,69.7
2024-01-23,15425.943,-0.17,3.51,-6.2804308874567045,1.5,0.23,69.7
2024-01-24,15481.9176,-0.16,3.44,-6.251490278236011,1.5,0.23,69.7
2024-01-25,15510.4956,-0.14,3.45,-6.256767012255903,1.5,0.23,69.7
2024-01-26,15455.3635,-0.19,3.39,-6.260922768704426,1.5,0.23,69.7
2024-01-29,15628.0445,-0.21,3.41,-6.257945102440354,1.5,0.23,69.7
2024-01-30,15509.8969,-0.3,3.42,-6.26224090440631,1.5,0.23,69.7
2024-01-31,15164.0118,-0.28,3.59,-6.271533225679897,1.5,0.2,79
2024-02-01,15361.6417,-0.33,3.56,-6.286853319846195,1.5,0.2,79
2024-02-02,15628.9543,-0.33,3.47,-6.286755307645246,1.5,0.2,79
2024-02-05,15597.677,-0.29,3.5,-6.29465284568206,2.14,0.2,79
2024-02-06,15608.9984,-0.3,3.52,-6.296289240964515,2.14,0.2,79
2024-02-07,15756.6441,-0.32,3.43,-6.308542318338441,2.14,0.2,79
2024-02-08,15793.7145,-0.31,3.38,-6.315696942690961,2.14,0.2,79
2024-02-09,15990.664,-0.31,3.33,-6.316747350976459,2.14,0.2,79
2024-02-12,15942.5454,-0.29,3.35,-6.302469454213526,1.54,0.2,79
2024-02-13,15655.5991,-0.33,3.36,-6.293194612973752,1.54,0.2,79
2024-02-14,15859.1462,-0.29,3.38,-6.294717331949363,1.54,0.2,79
2024-02-15,15906.1735,-0.32,3.35,-6.284437944366447,1.54,0.2,79
2024-02-16,15775.6544,-0.34,3.34,-6.2677987710156735,1.54,0.2,79
2024-02-20,15630.7829,-0.32,3.37,-6.2679987393513334,1.63,0.2,79
2024-02-21,15580.8696,-0.32,3.34,-6.263361395552596,1.63,0.2,79
2024-02-22,16041.6212,-0.36,3.22,-6.2559288138261,1.63,0.2,79
2024-02-23,15996.8231,-0.41,3.23,-6.269467192730436,1.63,0.2,79
2024-02-26,15976.2506,-0.41,3.23,-6.279915303104445,1.75,0.2,79
2024-02-27,16035.3004,-0.39,3.26,-6.280370400215224,1.75,0.2,79
2024-02-28,15947.7383,-0.37,3.31,-6.276425174700431,1.75,0.2,79
2024-02-29,16091.9224,-0.39,3.29,-6.2805915071018115,1.75,0.27,76.9
2024-03-01,16274.9416,-0.35,3.32,-6.296587196398716,1.75,0.27,76.9
2024-03-04,16207.5093,-0.39,3.26,-6.312248979786565,2.18,0.27,76.9
2024-03-05,15939.5877,-0.41,3.31,-6.322154940806938,2.18,0.27,76.9
2024-03-06,16031.5425,-0.44,3.27,-6.322484157124323,2.18,0.27,76.9
2024-03-07,16273.3752,-0.41,3.27,-6.312646919068554,2.18,0.27,76.9
2024-03-08,16085.1131,-0.39,3.26,-6.3308052268860635,2.18,0.27,76.9
2024-03-11,16019.2742,-0.39,3.26,-6.3227596753506035,1.78,0.27,76.9
2024-03-12,16265.636,-0.41,3.26,-6.311535392262012,1.78,0.27,76.9
2024-03-13,16177.7663,-0.42,3.2,-6.286264087328627,1.78,0.27,76.9
2024-03-14,16128.5295,-0.42,3.15,-6.28372455638894,1.78,0.27,76.9
2024-03-15,15973.1739,-0.39,3.15,-6.261612903789037,1.78,0.27,76.9
2024-03-18,16103.448,-0.41,3.16,-6.261574855547543,1.66,0.27,76.9
2024-03-19,16166.7912,-0.39,3.13,-6.27297656236523,1.66,0.27,76.9
2024-03-20,16369.4075,-0.38,3.1,-6.279239173588243,1.66,0.27,76.9
2024-03-21,16401.836,-0.32,3.14,-6.288420351112953,1.66,0.27,76.9
2024-03-22,16428.8185,-0.35,3.05,-6.2896958951766395,1.66,0.27,76.9
2024-03-25,16384.4669,-0.37,3.08,-6.295141032222342,1.83,0.27,76.9
2024-03-26,16315.6987,-0.29,3.11,-6.297377820059176,1.83,0.27,76.9
2024-03-27,16399.5206,-0.32,3.15,-6.315674407156995,1.83,0.27,76.9
2024-03-28,16379.4583,-0.34,3.15,-6.325473772257209,1.83,0.27,76.9
2024-04-01,16396.8321,-0.39,3.15,-6.323489640293679,1.89,0.3,79.4
2024-04-02,16240.449,-0.39,3.12,-6.328954042130373,1.89,0.3,79.4
2024-04-03,16277.458,-0.34,3.23,-6.313510034040606,1.89,0.3,79.4
2024-04-04,16049.0819,-0.32,3.23,-6.297669580814369,1.89,0.3,79.4
2024-04-05,16248.5202,-0.34,3.24,-6.316591814287804,1.89,0.3,79.4
2024-04-08,16253.9552,-0.34,3.18,-6.309578055377271,1.77,0.3,79.4
2024-04-09,16306.6391,-0.36,3.15,-6.312196099072913,1.77,0.3,79.4
2024-04-10,16170.3603,-0.38,3.14,-6.30706933402254,1.77,0.3,79.4
2024-04-11,16442.1979,-0.42,3.1,-6.3241592099219845,1.77,0.3,79.4
2024-04-12,16175.0941,-0.37,3.16,-6.323456711682624,1.77,0.3,79.4
2024-04-15,15885.0186,-0.38,3.25,-6.299295089279481,1.89,0.3,79.4
2024-04-16,15865.2513,-0.3,3.28,-6.327040101393534,1.89,0.3,79.4
2024-04-17,15683.3725,-0.3,3.36,-6.310619830570675,1.89,0.3,79.4
2024-04-18,15601.4989,-0.34,3.42,-6.292524558294204,1.89,0.3,79.4
2024-04-19,15282.0097,-0.34,3.39,-6.285435861341247,1.89,0.3,79.4
2024-04-22,15451.3053,-0.35,3.37,-6.261907727213562,1.74,0.3,79.4
2024-04-23,15696.64,-0.35,3.29,-6.269388371959985,1.74,0.3,79.4
2024-04-24,15712.7486,-0.25,3.2,-6.262634143041878,1.74,0.3,79.4
2024-04-25,15611.7598,-0.24,3.19,-6.251015270628331,1.74,0.3,79.4
2024-04-26,15927.9003,-0.26,3.24,-6.242778975388888,1.74,0.3,79.4
2024-04-29,15983.0843,-0.29,3.16,-6.22289187964777,1.8,0.3,79.4
2024-04-30,15657.8223,-0.34,3.12,-6.223615498230973,1.8,0.3,79.4
2024-05-01,15605.4813,-0.35,3.18,-6.231187884844029,1.8,0.37,77.2
2024-05-02,15840.9583,-0.33,3.21,-6.244202621772804,1.8,0.37,77.2
2024-05-03,16156.328,-0.29,3.16,-6.2277320468990665,1.8,0.37,77.2
2024-05-06,16349.2451,-0.31,3.08,-6.224826567486125,1.5,0.37,77.2
2024-05-07,16332.5553,-0.33,3.03,-6.22387993134262,1.5,0.37,77.2
2024-05-08,16302.7558,-0.35,3.06,-6.2368358315905885,1.5,0.37,77.2
2024-05-09,16346.2647,-0.36,3.1,-6.235244299553949,1.5,0.37,77.2
2024-05-10,16340.8686,-0.35,3.14,-6.233200931498808,1.5,0.37,77.2
2024-05-13,16388.2378,-0.37,3.12,-6.197680059831245,2.03,0.37,77.2
2024-05-14,16511.1798,-0.37,3.14,-6.17816024825807,2.03,0.37,77.2
2024-05-15,16742.3903,-0.36,3.14,-6.186874008692243,2.03,0.37,77.2
2024-05-16,16698.3207,-0.37,3.13,-6.192633748228246,2.03,0.37,77.2
2024-05-17,16685.966,-0.4,3.08,-6.171059618138088,2.03,0.37,77.2
2024-05-20,16794.8742,-0.41,3.09,-6.174023983330999,1.86,0.37,77.2
2024-05-21,16832.6244,-0.38,3.07,-6.163541549719715,1.86,0.37,77.2
2024-05-22,16801.5439,-0.41,3.07,-6.201591919722807,1.86,0.37,77.2
2024-05-23,16736.0332,-0.43,3.11,-6.189656714742619,1.86,0.37,77.2
2024-05-24,16920.7944,-0.44,3.1,-6.196671825594044,1.86,0.37,77.2
2024-05-28,17019.8801,-0.47,3.12,-6.184923644620497,2.51,0.37,77.2
2024-05-29,16920.5804,-0.4,3.09,-6.191679739516081,2.51,0.37,77.2
2024-05-30,16737.0791,-0.35,3.15,-6.23047384143796,2.51,0.37,77.2
2024-05-31,16735.0153,-0.37,3.19,-6.233890782474231,2.51,0.37,77.2
2024-06-03,16828.6699,-0.38,3.2,-6.22972623541869,2.05,0.37,69.1
2024-06-04,16857.0472,-0.41,3.17,-6.248797610984197,2.05,0.37,69.1
2024-06-05,17187.9046,-0.44,3.22,-6.245603419228483,2.05,0.37,69.1
2024-06-06,17173.1207,-0.43,3.2,-6.2365544749169,2.05,0.37,69.1
2024-06-07,17133.1259,-0.44,3.2,-6.251071326611491,2.05,0.37,69.1
2024-06-10,17192.5289,-0.44,3.15,-6.238637523149027,2.38,0.37,69.1
2024-06-11,17343.5463,-0.4,3.15,-6.2458660998680795,2.38,0.37,69.1
2024-06-12,17608.4356,-0.42,3.19,-6.245354542951245,2.38,0.37,69.1
2024-06-13,17667.5596,-0.44,3.09,-6.248502212084418,2.38,0.37,69.1
2024-06-14,17688.8821,-0.44,3.2,-6.258821887136136,2.38,0.37,69.1
2024-06-17,17857.0202,-0.47,3.29,-6.260852129326488,2.24,0.37,69.1
2024-06-18,17862.2321,-0.47,3.26,-6.258886533230277,2.24,0.37,69.1
2024-06-20,17721.5873,-0.47,3.24,-6.252462080296589,2.24,0.37,69.1
2024-06-21,17689.3607,-0.45,3.23,-6.263033709968704,2.24,0.37,69.1
2024-06-24,17496.8169,-0.45,3.21,-6.269806312205501,2.17,0.37,69.1
2024-06-25,17717.6536,-0.46,3.19,-6.27748905009105,2.17,0.37,69.1
2024-06-26,17805.1559,-0.42,3.19,-6.2716241171765645,2.17,0.37,69.1
2024-06-27,17858.6837,-0.39,3.18,-6.286621202235366,2.17,0.37,69.1
2024-06-28,17732.6027,-0.41,3.21,-6.278064399193836,2.17,0.37,69.1
2024-07-01,17879.2996,-0.35,3.21,-6.271748907358923,2.39,0.43,68.2
2024-07-02,18028.763,-0.29,3.21,-6.269168284241154,2.39,0.43,68.2
2024-07-03,18188.3015,-0.31,3.23,-6.258897769416685,2.39,0.43,68.2
2024-07-05,18352.7589,-0.35,3.25,-6.2449679888513066,2.39,0.43,68.2
2024-07-08,18403.7381,-0.32,3.27,-6.237937139300987,2.68,0.43,68.2
2024-07-09,18429.291,-0.34,3.2,-6.2486057678159375,2.68,0.43,68.2
2024-07-10,18647.4482,-0.32,3.21,-6.246827283848749,2.68,0.43,68.2
2024-07-11,18283.4067,-0.34,3.17,-6.286786836054752,2.68,0.43,68.2
2024-07-12,18398.4455,-0.3,3.18,-6.267278628178914,2.68,0.43,68.2
2024-07-15,18472.5657,-0.27,3.19,-6.2852447450159055,1.83,0.43,68.2
2024-07-16,18509.3402,-0.21,3.13,-6.318290614149654,1.83,0.43,68.2
2024-07-17,17996.9246,-0.26,3.08,-6.32434148214871,1.83,0.43,68.2
2024-07-18,17871.2231,-0.26,3.09,-6.352615962115717,1.83,0.43,68.2
2024-07-19,17726.9398,-0.26,3.09,-6.339111489349572,1.83,0.43,68.2
2024-07-22,18007.5678,-0.24,3.09,-6.346524131069313,2,0.43,68.2
2024-07-23,17997.3512,-0.24,3.05,-6.360625807135186,2,0.43,68.2
2024-07-24,17342.4133,-0.15,3.02,-6.376564689257998,2,0.43,68.2
2024-07-25,17181.7245,-0.09,3.1,-6.346471636278936,2,0.43,68.2
2024-07-26,17357.8816,-0.14,3.08,-6.358452280332149,2,0.43,68.2
2024-07-29,17370.2007,-0.16,3.1,-6.366731647624658,1.71,0.43,68.2
2024-07-30,17147.4167,-0.19,3.13,-6.397541612887775,1.71,0.43,68.2
2024-07-31,17599.3997,-0.2,3.2,-6.383713692307592,1.71,0.43,68.2
2024-08-01,17194.1453,-0.2,3.25,-6.409626821923756,1.71,0.53,66.4
2024-08-02,16776.1636,-0.17,3.35,-6.400174041223673,1.71,0.53,66.4
2024-08-05,16200.082,-0.08,3.72,-6.415510643156079,1.85,0.53,66.4
2024-08-06,16366.8545,-0.11,3.93,-6.40328307400525,1.85,0.53,66.4
2024-08-07,16195.8055,-0.09,3.67,-6.422411923360333,1.85,0.53,66.4
2024-08-08,16660.021,-0.04,3.57,-6.43326572525886,1.85,0.53,66.4
2024-08-09,16745.3021,-0.05,3.48,-6.428806173226873,1.85,0.53,66.4
2024-08-12,16780.6092,-0.11,3.49,-6.422370351065414,2.01,0.53,66.4
2024-08-13,17187.6075,-0.11,3.52,-6.4280739708377945,2.01,0.53,66.4
2024-08-14,17192.6008,-0.08,3.54,-6.419648172126847,2.01,0.53,66.4
2024-08-15,17594.4956,-0.11,3.46,-6.397652111599165,2.01,0.53,66.4
2024-08-16,17631.7204,-0.16,3.31,-6.4175120016558544,2.01,0.53,66.4
2024-08-19,17876.7712,-0.17,3.29,-6.4100001834976394,2.04,0.53,66.4
2024-08-20,17816.9372,-0.2,3.21,-6.4189294722661945,2.04,0.53,66.4
2024-08-21,17918.9868,-0.17,3.25,-6.410167031162834,2.04,0.53,66.4
2024-08-22,17619.3538,-0.13,3.27,-6.408077508153077,2.04,0.53,66.4
2024-08-23,17877.7937,-0.13,3.21,-6.40707401188164,2.04,0.53,66.4
2024-08-26,17725.765,-0.09,3.19,-6.406406162837204,1.99,0.53,66.4
2024-08-27,17754.8197,-0.09,3.15,-6.401011774163379,1.99,0.53,66.4
2024-08-28,17556.0273,0,3.17,-6.416064997906449,1.99,0.53,66.4
2024-08-29,17516.4305,0.01,3.19,-6.407452348407872,1.99,0.53,66.4
2024-08-30,17713.6241,0,3.15,-6.397206636126019,1.99,0.53,66.4
2024-09-03,17136.2983,0,3.17,-6.424170100551677,2.36,0.57,67.9
2024-09-04,17084.2961,-0.04,3.31,-6.428540442575015,2.36,0.57,67.9
2024-09-05,17127.6611,0.01,3.35,-6.421047347579288,2.36,0.57,67.9
2024-09-06,16690.8319,-0.02,3.29,-6.429335332550202,2.36,0.57,67.9
2024-09-09,16884.6028,0.06,3.39,-6.41525905230166,2.02,0.57,67.9
2024-09-10,17025.8801,0.02,3.36,-6.430640038465762,2.02,0.57,67.9
2024-09-11,17395.531,0.06,3.46,-6.419685032809059,2.02,0.57,67.9
2024-09-12,17569.6763,0.03,3.44,-6.421764686689759,2.02,0.57,67.9
2024-09-13,17683.9761,0.04,3.39,-6.42375423585231,2.02,0.57,67.9
2024-09-16,17592.1265,0.09,3.37,-6.41425079191659,2.05,0.57,67.9
2024-09-17,17628.0613,0.07,3.32,-6.408023209891673,2.05,0.57,67.9
2024-09-18,17573.3005,0.06,3.25,-6.404345679934491,2.05,0.57,67.9
2024-09-19,18013.9811,0.09,3.21,-6.399380449121105,2.05,0.57,67.9
2024-09-20,17948.3208,0.14,3.1,-6.4123145740556255,2.05,0.57,67.9
2024-09-23,17974.2698,0.18,3.15,-6.413656903241837,2.41,0.57,67.9
2024-09-24,18074.5214,0.18,3.15,-6.390265321833228,2.41,0.57,67.9
2024-09-25,18082.2052,0.25,3.21,-6.393582931878196,2.41,0.57,67.9
2024-09-26,18190.2907,0.26,3.19,-6.364617551133664,2.41,0.57,67.9
2024-09-27,18119.5897,0.19,3.14,-6.363174285657405,2.41,0.57,67.9
2024-09-30,18189.1704,0.2,3.14,-6.3700694560699604,2.09,0.57,67.9
2024-10-01,17910.3587,0.15,3.03,-6.3737458551284,2.09,0.5,70.1
2024-10-02,17925.1234,0.13,3.07,-6.353069242822478,2.09,0.5,70.1
2024-10-03,17918.4755,0.16,3.06,-6.3774871651273495,2.09,0.5,70.1
2024-10-04,18137.8494,0.15,3.04,-6.368621346106354,2.09,0.5,70.1
2024-10-07,17923.9037,0.05,2.89,-6.369587453589057,2.24,0.5,70.1
2024-10-08,18182.9162,0.04,2.95,-6.382426547522517,2.24,0.5,70.1
2024-10-09,18291.6174,0.06,2.99,-6.391726156759264,2.24,0.5,70.1
2024-10-10,18282.0489,0.07,2.94,-6.390433918791481,2.24,0.5,70.1
2024-10-11,18342.937,0.11,2.99,-6.389558614471556,2.24,0.5,70.1
2024-10-14,18502.6854,0.13,2.98,-6.405217203592372,1.95,0.5,70.1
2024-10-15,18315.5869,0.13,2.97,-6.425863396213992,1.95,0.5,70.1
2024-10-16,18367.0788,0.08,2.93,-6.423588864207273,1.95,0.5,70.1
2024-10-17,18373.6092,0.09,2.9,-6.439368838491303,1.95,0.5,70.1
2024-10-18,18489.5531,0.13,2.89,-6.4339812939417325,1.95,0.5,70.1
2024-10-21,18540.005,0.13,2.88,-6.442954287035787,1.73,0.5,70.1
2024-10-22,18573.1294,0.17,2.88,-6.445750619193173,1.73,0.5,70.1
2024-10-23,18276.6545,0.17,2.92,-6.44476951266164,1.73,0.5,70.1
2024-10-24,18415.4856,0.17,2.95,-6.448435497391846,1.73,0.5,70.1
2024-10-25,18518.6063,0.14,2.93,-6.446150101444826,1.73,0.5,70.1
2024-10-28,18567.1888,0.14,2.89,-6.448454059476459,2.13,0.5,70.1
2024-10-29,18712.7484,0.16,2.82,-6.458015082190963,2.13,0.5,70.1
2024-10-30,18607.9309,0.17,2.85,-6.467139756393025,2.13,0.5,70.1
2024-10-31,18095.1506,0.14,2.8,-6.451227264691565,2.13,0.5,70.1
2024-11-01,18239.9174,0.12,2.88,-6.443959039608641,2.13,0.43,70.5
2024-11-04,18179.9844,0.14,2.87,-6.429235289691336,1.66,0.43,70.5
2024-11-05,18439.1707,0.07,2.86,-6.420740742073861,1.66,0.43,70.5
2024-11-06,18983.4655,0.15,2.74,-6.446213159306783,1.66,0.43,70.5
2024-11-07,19269.4589,0.1,2.73,-6.414414768972945,1.66,0.43,70.5
2024-11-08,19286.777,0.04,2.63,-6.439069870144333,1.66,0.43,70.5
2024-11-11,19298.7633,0.04,2.63,-6.428204028372559,2.06,0.43,70.5
2024-11-12,19281.4012,0.09,2.61,-6.445836850367266,2.06,0.43,70.5
2024-11-13,19230.7394,0.17,2.64,-6.451228877106131,2.06,0.43,70.5
2024-11-14,19107.6508,0.09,2.6,-6.444855410165132,2.06,0.43,70.5
2024-11-15,18680.1209,0.12,2.72,-6.449409353433618,2.06,0.43,70.5
2024-11-18,18791.8064,0.13,2.72,-6.453013237766324,1.89,0.43,70.5
2024-11-19,18987.4681,0.12,2.69,-6.4539405180669,1.89,0.43,70.5
2024-11-20,18966.1432,0.1,2.67,-6.458523464724068,1.89,0.43,70.5
2024-11-21,18972.4201,0.09,2.61,-6.474601255667124,1.89,0.43,70.5
2024-11-22,19003.6511,0.04,2.61,-6.497948896258414,1.89,0.43,70.5
2024-11-25,19054.835,0.06,2.64,-6.45936994000928,3.21,0.43,70.5
2024-11-26,19174.2973,0.09,2.68,-6.472955719853043,3.21,0.43,70.5
2024-11-27,19060.4759,0.06,2.69,-6.467430074112874,3.21,0.43,70.5
2024-11-29,19218.1662,0.05,2.72,-6.473249350398737,3.21,0.43,70.5
2024-12-02,19403.9478,0.02,2.68,-6.46711886792397,1.73,0.43,71.8
2024-12-03,19480.9105,0.06,2.66,-6.453486322650895,1.73,0.43,71.8
2024-12-04,19735.1158,0.06,2.66,-6.4567115524847525,1.73,0.43,71.8
2024-12-05,19700.2586,0.02,2.66,-6.448413748335464,1.73,0.43,71.8
2024-12-06,19859.7736,0.05,2.67,-6.451680169987554,1.73,0.43,71.8
2024-12-09,19736.6897,0.07,2.67,-6.442832859533202,2.18,0.43,71.8
2024-12-10,19687.2416,0.07,2.67,-6.455716649259774,2.18,0.43,71.8
2024-12-11,20034.8942,0.11,2.64,-6.471699171974982,2.18,0.43,71.8
2024-12-12,19902.8415,0.14,2.66,-6.458858459950751,2.18,0.43,71.8
2024-12-13,19926.724,0.15,2.68,-6.457633695688065,2.18,0.43,71.8
2024-12-16,20173.8907,0.14,2.69,-6.4568943824513605,2.79,0.43,71.8
2024-12-17,20109.0605,0.15,2.75,-6.464568394045935,2.79,0.43,71.8
2024-12-18,19392.6929,0.15,2.73,-6.4587657670068355,2.79,0.43,71.8
2024-12-19,19372.7681,0.25,2.91,-6.461015842032614,2.79,0.43,71.8
2024-12-20,19572.597,0.22,2.86,-6.469355233266762,2.79,0.43,71.8
2024-12-23,19764.8852,0.29,2.85,-6.466732751897571,2.48,0.43,71.8
2024-12-24,20031.1263,0.3,2.86,-6.463405167787118,2.48,0.43,71.8
2024-12-26,20020.3569,0.28,2.86,-6.466113638395004,2.48,0.43,71.8
2024-12-27,19722.0308,0.31,2.84,-6.45912281533418,2.48,0.43,71.8
2024-12-30,19486.7849,0.31,2.94,-6.4609259453271095,2.71,0.43,71.8
2024-12-31,19310.7916,0.33,2.92,-6.486015400043669,2.71,0.4,74
2025-01-02,19280.7928,0.32,2.88,-6.496685822186924,2.71,0.4,74
2025-01-03,19621.6771,0.32,2.81,-6.4795843521728544,2.71,0.4,74
2025-01-06,19864.9809,0.34,2.76,-6.455457719075658,1.98,0.4,74
2025-01-07,19489.6796,0.37,2.79,-6.4540968968176395,1.98,0.4,74
2025-01-08,19478.8775,0.39,2.84,-6.441815238452324,1.98,0.4,74
2025-01-10,19161.6275,0.37,2.81,-6.447002409508553,1.98,0.4,74
2025-01-13,19088.1021,0.39,2.85,-6.42852180831473,2.28,0.4,74
2025-01-14,19044.3927,0.41,2.8,-6.42597969527626,2.28,0.4,74
2025-01-15,19511.2344,0.39,2.72,-6.4284765977803,2.28,0.4,74
2025-01-16,19338.29,0.38,2.73,-6.428803833535887,2.28,0.4,74
2025-01-17,19630.1987,0.34,2.64,-6.444463650861114,2.28,0.4,74
2025-01-21,19756.7793,0.28,2.61,-6.4545913253051745,2.81,0.4,74
2025-01-22,20009.3396,0.31,2.59,-6.468079902355336,2.81,0.4,74
2025-01-23,20053.6781,0.36,2.61,-6.459574852282744,2.81,0.4,74
2025-01-24,19954.3011,0.36,2.6,-6.466323587978295,2.81,0.4,74
2025-01-27,19341.8338,0.36,2.66,-6.472572547087952,2.8,0.4,74
2025-01-28,19733.5863,0.36,2.66,-6.479604550344865,2.8,0.4,74
2025-01-29,19632.3229,0.34,2.68,-6.471876695775383,2.8,0.4,74
2025-01-30,19681.7485,0.34,2.67,-6.493030953439412,2.8,0.4,74
2025-01-31,19627.4415,0.36,2.68,-6.4960778787271725,2.8,0.37,71.7
2025-02-03,19391.9554,0.28,2.73,-6.4976691282142305,2.4,0.37,71.7
2025-02-04,19654.015,0.31,2.71,-6.4931060561071074,2.4,0.37,71.7
2025-02-05,19692.3298,0.26,2.69,-6.478494433198752,2.4,0.37,71.7
2025-02-06,19791.9911,0.24,2.66,-6.469026126681618,2.4,0.37,71.7
2025-02-07,19523.4018,0.2,2.67,-6.444518850852309,2.4,0.37,71.7
2025-02-10,19714.2701,0.23,2.66,-6.43520751964314,2.55,0.37,71.7
2025-02-11,19643.8557,0.25,2.66,-6.4573710093696475,2.55,0.37,71.7
2025-02-12,19649.9505,0.26,2.65,-6.433794420081843,2.55,0.37,71.7
2025-02-13,19945.6444,0.21,2.65,-6.423977861388444,2.55,0.37,71.7
2025-02-14,20026.7734,0.21,2.62,-6.432726718738733,2.55,0.37,71.7
2025-02-18,20041.2607,0.26,2.62,-6.4651235435481915,2.51,0.37,71.7
2025-02-19,20056.2528,0.25,2.68,-6.466966730191274,2.51,0.37,71.7
2025-02-20,19962.3621,0.22,2.66,-6.462964508588398,2.51,0.37,71.7
2025-02-21,19524.005,0.23,2.78,-6.473321983658716,2.51,0.37,71.7
2025-02-24,19286.9249,0.27,2.78,-6.4866198575829115,2.43,0.37,71.7
2025-02-25,19026.3864,0.23,2.84,-6.478970040076186,2.43,0.37,71.7
2025-02-26,19075.2627,0.2,2.81,-6.470035447150668,2.43,0.37,71.7
2025-02-27,18544.4189,0.22,2.81,-6.440981245472152,2.43,0.37,71.7
2025-02-28,18847.279,0.25,2.87,-6.439860243032161,2.43,0.27,64.7
2025-03-03,18350.1912,0.2,2.94,-6.44526836844563,2.26,0.27,64.7
2025-03-04,18285.1628,0.26,2.99,-6.462989568652326,2.26,0.27,64.7
2025-03-05,18552.7342,0.29,2.88,-6.4140264455678775,2.26,0.27,64.7
2025-03-06,18069.2554,0.33,2.99,-6.411419420177529,2.26,0.27,64.7
2025-03-07,18196.2212,0.33,2.97,-6.4276283952279165,2.26,0.27,64.7
2025-03-10,17468.3214,0.33,2.97,-6.431849771993133,2.61,0.27,64.7
2025-03-11,17436.0951,0.33,3.16,-6.418139688274087,2.61,0.27,64.7
2025-03-12,17648.4498,0.34,3.22,-6.409599507957198,2.61,0.27,64.7
2025-03-13,17303.0136,0.31,3.2,-6.40903756218926,2.61,0.27,64.7
2025-03-14,17754.086,0.33,3.4,-6.418315621901094,2.61,0.27,64.7
2025-03-17,17808.6639,0.29,3.25,-6.407194729052329,2.34,0.27,64.7
2025-03-18,17504.1173,0.25,3.18,-6.4071434382915085,2.34,0.27,64.7
2025-03-19,17750.7903,0.25,3.23,-6.3907669136240015,2.34,0.27,64.7
2025-03-20,17691.6261,0.26,3.19,-6.3892712967254655,2.34,0.27,64.7
2025-03-21,17784.0512,0.29,3.17,-6.381591477845694,2.34,0.27,64.7
2025-03-24,18188.5926,0.31,3.21,-6.383785225218723,2.09,0.27,64.7
2025-03-25,18271.8553,0.3,3.05,-6.364288026425259,2.09,0.27,64.7
2025-03-26,17899.0148,0.35,3.09,-6.356945728898552,2.09,0.27,64.7
2025-03-27,17804.0332,0.37,3.19,-6.393440160912678,2.09,0.27,64.7
2025-03-28,17322.9909,0.41,3.27,-6.408654027684631,2.09,0.27,64.7
2025-03-31,17299.2866,0.38,3.47,-6.4390380686669335,2.29,0.27,64.7
2025-04-01,17449.8908,0.34,3.55,-6.437473557447698,2.29,0.27,57
2025-04-02,17601.0462,0.3,3.5,-6.442782126127818,2.29,0.27,57
2025-04-03,16550.6053,0.29,3.42,-6.471597143784828,2.29,0.27,57
2025-04-04,15587.7863,0.35,4.01,-6.536039507421675,2.29,0.27,57
2025-04-07,15603.2621,0.33,4.45,-6.565782994959235,3.08,0.27,57
2025-04-08,15267.9129,0.42,4.61,-6.581434048822645,3.08,0.27,57
2025-04-09,17124.9721,0.55,4.57,-6.599192837080592,3.08,0.27,57
2025-04-10,16387.3111,0.43,4.37,-6.596782431921236,3.08,0.27,57
2025-04-11,16724.4556,0.56,4.42,-6.575571864480593,3.08,0.27,57
2025-04-14,16831.4838,0.52,4.26,-6.54750677555254,2.58,0.27,57
2025-04-15,16823.1676,0.54,4.14,-6.551759494147089,2.58,0.27,57
2025-04-16,16307.1599,0.51,4.09,-6.571167786546248,2.58,0.27,57
2025-04-17,16286.4476,0.52,4.16,-6.554420844040823,2.58,0.27,57
2025-04-21,15870.9005,0.53,4.02,-6.585336310627883,2.68,0.27,57
2025-04-22,16300.4183,0.67,4.16,-6.55248507627528,2.68,0.27,57
2025-04-23,16708.0503,0.65,3.99,-6.522250668619561,2.68,0.27,57
2025-04-24,17166.043,0.59,3.75,-6.536082573265245,2.68,0.27,57
2025-04-25,17382.9387,0.55,3.73,-6.52427806066415,2.68,0.27,57
2025-04-28,17366.1333,0.55,3.67,-6.539010800681776,2.33,0.27,57
2025-04-29,17461.3175,0.56,3.73,-6.528200927708665,2.33,0.27,57
2025-04-30,17446.3416,0.54,3.74,-6.579438027084813,2.33,0.27,57
2025-05-01,17710.7395,0.57,3.94,-6.545694825725456,2.33,0.27,52.2
2025-05-02,17977.7282,0.55,3.78,-6.542545345248547,2.33,0.27,52.2
2025-05-05,17844.2408,0.5,3.6,-6.561062873019075,2.57,0.27,52.2
2025-05-06,17689.6587,0.53,3.6,-6.574192159640282,2.57,0.27,52.2
2025-05-07,17738.162,0.52,3.66,-6.590237369101568,2.57,0.27,52.2
2025-05-08,17928.1386,0.48,3.67,-6.5765687875213334,2.57,0.27,52.2
2025-05-09,17928.9156,0.47,3.51,-6.577410801342081,2.57,0.27,52.2
2025-05-12,18708.3437,0.49,3.53,-6.54900689750171,2.1,0.27,52.2
2025-05-13,19010.0846,0.47,3.15,-6.533288932117007,2.1,0.27,52.2
2025-05-14,19146.8095,0.47,3.09,-6.530268397668144,2.1,0.27,52.2
2025-05-15,19112.3191,0.48,3.1,-6.535138536564995,2.1,0.27,52.2
2025-05-16,19211.1016,0.49,3.2,-6.542255806660895,2.1,0.27,52.2
2025-05-19,19215.4629,0.45,3.16,-6.540054288555881,1.93,0.27,52.2
2025-05-20,19142.7141,0.49,3.21,-6.559273093023361,1.93,0.27,52.2
2025-05-21,18872.6426,0.51,3.2,-6.564173066002356,1.93,0.27,52.2
2025-05-22,18925.7349,0.58,3.25,-6.556970180321433,1.93,0.27,52.2
2025-05-23,18737.2072,0.54,3.32,-6.545229636638508,1.93,0.27,52.2
2025-05-27,19199.1632,0.51,3.4,-6.545761816523203,2.05,0.27,52.2
2025-05-28,19100.9377,0.51,3.24,-6.558008892313176,2.05,0.27,52.2
2025-05-29,19175.872,0.51,3.23,-6.572556960557865,2.05,0.27,52.2
2025-05-30,19113.7665,0.51,3.22,-6.563569779824658,2.05,0.27,52.2
2025-06-02,19242.6133,0.52,3.32,-6.549977093608497,1.78,0.27,52.2
2025-06-03,19398.9576,0.52,3.27,-6.5490983497475765,1.78,0.27,52.2
2025-06-04,19460.4892,0.5,3.19,-6.544819088003848,1.78,0.27,52.2
2025-06-05,19298.4484,0.5,3.23,-6.52823291024571,1.78,0.27,52.2
2025-06-06,19529.9526,0.48,3.18,-6.53713393529346,1.78,0.27,52.2
2025-06-09,19591.2366,0.47,3.09,-6.5238529680782005,1.96,0.27,52.2
2025-06-10,19714.9892,0.48,3.12,-6.525508327151949,1.96,0.27,52.2
2025-06-11,19615.8761,0.46,3.12,-6.543201059563286,1.96,0.27,52.2
2025-06-12,19662.4847,0.47,3.12,-6.556251807764543,1.96,0.27,52.2
2025-06-13,19406.8261,0.46,3.17,-6.575308577365614,1.96,0.27,52.2
2025-06-16,19701.2133,0.45,3.18,-6.5605181118214295,2.03,0.27,52.2
2025-06-17,19521.0912,0.49,3.1,-6.563068903599197,2.03,0.27,52.2
2025-06-18,19546.2732,0.45,3.17,-6.554313159818642,2.03,0.27,52.2
2025-06-20,19447.41,0.44,3.16,-6.5517451157272015,2.03,0.27,52.2
2025-06-23,19630.9745,0.48,3.13,-6.551183433141336,2.37,0.27,52.2
2025-06-24,19912.5328,0.5,3.12,-6.528290916460132,2.37,0.27,52.2
2025-06-25,19973.5519,0.55,3.06,-6.5218535279431995,2.37,0.27,52.2
2025-06-26,20167.9133,0.55,3.04,-6.493566880029882,2.37,0.27,52.2
2025-06-27,20273.4586,0.56,3.04,-6.46417288931728,2.37,0.27,52.2
2025-06-30,20369.7334,0.56,3.02,-6.4782050962724895,2.15,0.27,52.2
2025-07-01,20202.8886,0.52,2.96,-6.487513425835934,2.15,0.17,60.7
2025-07-02,20393.1298,0.48,2.91,-6.4714292225067265,2.15,0.17,60.7
2025-07-03,20601.1011,0.52,2.88,-6.47724910703401,2.15,0.17,60.7
2025-07-07,20412.5151,0.47,2.8,-6.499939619005881,2.65,0.17,60.7
2025-07-08,20418.4638,0.5,2.86,-6.368866816686113,2.65,0.17,60.7
2025-07-09,20611.3382,0.52,2.92,-6.40573069192803,2.65,0.17,60.7
2025-07-10,20630.6648,0.48,2.94,-6.388277295203681,2.65,0.17,60.7
2025-07-11,20585.5271,0.49,2.92,-6.397316174613826,2.65,0.17,60.7
2025-07-14,20640.3274,0.53,2.97,-6.405540346143696,2.36,0.17,60.7
2025-07-15,20677.7998,0.53,2.95,-6.393996926276697,2.36,0.17,60.7
2025-07-16,20730.4908,0.55,2.95,-6.409964133433036,2.36,0.17,60.7
2025-07-17,20884.2678,0.58,3,-6.408293413866462,2.36,0.17,60.7
2025-07-18,20895.6554,0.56,2.91,-6.39562032606019,2.36,0.17,60.7
2025-07-21,20974.1746,0.56,2.93,-6.403970589310418,2.25,0.17,60.7
2025-07-22,20892.685,0.53,2.89,-6.400070744963928,2.25,0.17,60.7
2025-07-23,21020.017,0.52,2.9,-6.369610231599167,2.25,0.17,60.7
2025-07-24,21057.959,0.52,2.83,-6.365589555262017,2.25,0.17,60.7
2025-07-25,21108.3168,0.52,2.82,-6.357139491567191,2.25,0.17,60.7
2025-07-28,21178.5845,0.49,2.84,-6.379172836950155,2.59,0.17,60.7
2025-07-29,21098.2907,0.51,2.82,-6.38161432294635,2.59,0.17,60.7
2025-07-30,21129.674,0.48,2.86,-6.397287629087876,2.59,0.17,60.7
2025-07-31,21122.4483,0.44,2.89,-6.645087833871786,2.59,0.17,60.7
2025-08-01,20650.1322,0.43,2.86,-6.641831536366165,2.59,0.1,61.7
2025-08-04,21053.5815,0.54,3.13,-6.649174271499627,2.61,0.1,61.7
2025-08-05,20916.5504,0.53,3.02,-6.66326721460218,2.61,0.1,61.7
2025-08-06,21169.4236,0.5,2.98,-6.656751572549418,2.61,0.1,61.7
2025-08-07,21242.6972,0.53,2.98,-6.665937825404507,2.61,0.1,61.7
2025-08-08,21450.0216,0.51,2.95,-6.660305515870816,2.61,0.1,61.7
2025-08-11,21385.4036,0.51,2.94,-6.642257732531069,2.52,0.1,61.7
2025-08-12,21681.9044,0.51,2.94,-6.621508481411028,2.52,0.1,61.7
2025-08-13,21713.1401,0.57,2.93,-6.630447225401418,2.52,0.1,61.7
2025-08-14,21710.6697,0.57,2.9,-6.627065853102783,2.52,0.1,61.7
2025-08-15,21622.9765,0.55,2.89,-6.623990583864365,2.52,0.1,61.7
2025-08-18,21629.774,0.58,2.88,-6.627427000115902,2.55,0.1,61.7
2025-08-19,21314.952,0.57,2.88,-6.632604126276583,2.55,0.1,61.7
2025-08-20,21172.8567,0.55,2.9,-6.637488248132034,2.55,0.1,61.7
2025-08-21,21100.3117,0.55,2.94,-6.634661895056187,2.55,0.1,61.7
2025-08-22,21496.5349,0.54,2.95,-6.642032611708509,2.55,0.1,61.7
2025-08-25,21449.2917,0.58,2.88,-6.637599713645375,2.63,0.1,61.7
2025-08-26,21544.27,0.55,2.8,-6.646153141333567,2.63,0.1,61.7
2025-08-27,21590.1397,0.65,2.78,-6.659583934476425,2.63,0.1,61.7
2025-08-28,21705.1583,0.65,2.78,-6.640441575384113,2.63,0.1,61.7
2025-08-29,21455.5523,0.6,2.75,-6.641118749209695,2.63,0.1,61.7
2025-09-02,21279.6301,0.64,2.84,-6.651590246900322,2.23,0.13,58.2
2025-09-03,21497.7267,0.62,2.92,-6.665945063991969,2.23,0.13,58.2
2025-09-04,21707.6943,0.61,2.88,-6.673554883791011,2.23,0.13,58.2
2025-09-05,21700.3882,0.58,2.84,-6.688039158670176,2.23,0.13,58.2
2025-09-08,21798.6989,0.59,2.83,-6.692748291328158,2.32,0.13,58.2
2025-09-09,21879.4888,0.56,2.84,-6.691861888892987,2.32,0.13,58.2
2025-09-10,21886.0604,0.54,2.87,-6.681249650860719,2.32,0.13,58.2
2025-09-11,22043.0747,0.5,2.84,-6.6703412152230435,2.32,0.13,58.2
2025-09-12,22141.1025,0.49,2.78,-6.6751084164050996,2.32,0.13,58.2
2025-09-15,22348.7495,0.5,2.79,-6.669931095664502,2.31,0.13,58.2
2025-09-16,22333.959,0.51,2.75,-6.6765638786620745,2.31,0.13,58.2
2025-09-17,22261.3262,0.53,2.79,-6.68789863420235,2.31,0.13,58.2
2025-09-18,22470.7254,0.54,2.79,-6.684040974666172,2.31,0.13,58.2
2025-09-19,22631.4764,0.54,2.71,-6.685637673382798,2.31,0.13,58.2
2025-09-22,22788.976,0.57,2.72,-6.703193411127801,2.07,0.13,58.2
2025-09-23,22573.4735,0.54,2.69,-6.711303349289904,2.07,0.13,58.2
2025-09-24,22497.8551,0.59,2.71,-6.662901704386341,2.07,0.13,58.2
2025-09-25,22384.6978,0.59,2.7,-6.675294603190934,2.07,0.13,58.2
2025-09-26,22484.0684,0.54,2.76,-6.682461245603433,2.07,0.13,58.2
2025-09-29,22591.1537,0.57,2.75,-6.669576947501197,2.37,0.13,58.2
2025-09-30,22660.009,0.52,2.74,-6.6815183038771275,2.37,0.13,58.2
2025-10-01,22755.1566,0.56,2.8,-6.682433217163235,2.37,0.23,55.1
2025-10-02,22844.0507,0.57,2.81,-6.661232148015357,2.37,0.23,55.1
2025-10-03,22780.5061,0.55,2.81,-6.64000759312679,2.37,0.23,55.1
2025-10-06,22941.6671,0.55,2.8,-6.671097839715931,2.44,0.23,55.1
2025-10-07,22788.3626,0.58,2.76,-6.666398812078856,2.44,0.23,55.1
2025-10-08,23043.3778,0.57,2.82,-6.683359594581829,2.44,0.23,55.1
2025-10-09,23024.6259,0.55,2.84,-6.65343586620179,2.44,0.23,55.1
2025-10-10,22204.4296,0.54,2.95,-6.706139670081881,2.44,0.23,55.1
2025-10-13,22694.6077,0.53,3.18,-6.688927827576414,2.5,0.23,55.1
2025-10-14,22521.7008,0.53,3.18,-6.72005996236565,2.5,0.23,55.1
2025-10-15,22670.0796,0.55,3.11,-6.730886968562351,2.5,0.23,55.1
2025-10-16,22562.5373,0.55,2.95,-6.7582016048986455,2.5,0.23,55.1
2025-10-17,22679.9746,0.58,3.04,-6.742682236183115,2.5,0.23,55.1
2025-10-20,22990.5427,0.56,3.04,-6.7634775960123115,2.13,0.23,55.1
2025-10-21,22953.666,0.54,2.99,-6.71834461832291,2.13,0.23,55.1
2025-10-22,22740.3963,0.53,2.97,-6.701729910933925,2.13,0.23,55.1
2025-10-23,22941.7983,0.52,3.01,-6.698505563020852,2.13,0.23,55.1
2025-10-24,23204.867,0.53,2.96,-6.694276923478725,2.13,0.23,55.1
2025-10-27,23637.4558,0.54,2.88,-6.655799770126951,2.02,0.23,55.1
2025-10-28,23827.4932,0.53,2.8,-6.646749596155882,2.02,0.23,55.1
2025-10-29,23958.4734,0.52,2.82,-6.633428420082072,2.02,0.23,55.1
2025-10-30,23581.144,0.49,2.76,-6.66799221462065,2.02,0.23,55.1
2025-10-31,23724.9571,0.5,2.85,-6.666092909459378,2.02,0.23,55.1
2025-11-03,23834.7233,0.53,3.04,-6.674399969866071,2.27,0.23,53.6
2025-11-04,23348.6368,0.52,3.13,-6.685041058549726,2.27,0.23,53.6
2025-11-05,23499.7971,0.54,3.05,-6.685639077821556,2.27,0.23,53.6
2025-11-06,23053.9925,0.54,3.13,-6.688880409604899,2.27,0.23,53.6
2025-11-07,23004.5375,0.56,3.15,-6.6956959247066425,2.27,0.23,53.6
2025-11-10,23527.1742,0.55,3.02,-6.693677442631112,1.95,0.23,53.6
2025-11-11,23468.3006,0.55,3.02,-6.700158429015755,1.95,0.23,53.6
2025-11-12,23406.457,0.52,3.02,-6.715754278155724,1.95,0.23,53.6
2025-11-13,22870.3551,0.53,3.09,-6.71189680256673,1.95,0.23,53.6
2025-11-14,22900.5887,0.52,3.07,-6.695367424018749,1.95,0.23,53.6
2025-11-17,22708.0749,0.53,3.13,-6.700668281726453,2.33,0.23,53.6
2025-11-18,22432.8461,0.54,3.2,-6.706313612225617,2.33,0.23,53.6
2025-11-19,22564.2294,0.55,3.17,-6.701407222257625,2.33,0.23,53.6
2025-11-20,22078.0485,0.55,3.17,-6.705820268906497,2.33,0.23,53.6
2025-11-21,22273.083,0.55,3.19,-6.701296289454956,2.33,0.23,53.6
2025-11-24,22872.0054,0.58,3.15,-6.714409921562686,2.19,0.23,53.6
2025-11-25,23025.5913,0.58,3.1,-6.718413334313292,2.19,0.23,53.6
2025-11-26,23214.6898,0.55,3,-6.69588316018993,2.19,0.23,53.6
2025-11-28,23365.6857,0.55,2.95,-6.693416741768465,2.19,0.23,53.6
2025-12-01,23275.9224,0.55,2.94,-6.692219898495749,2.26,0.43,51
2025-12-02,23413.6744,0.58,2.92,-6.6908861089326,2.26,0.43,51
2025-12-03,23454.0917,0.57,2.89,-6.666188275055931,2.26,0.43,51
2025-12-04,23505.1358,0.59,2.88,-6.671546379903254,2.26,0.43,51
2025-12-05,23578.128,0.58,2.85,-6.655210822150812,2.26,0.43,51
2025-12-08,23545.9037,0.6,2.89,-6.652439309949993,2.3,0.43,51
2025-12-09,23576.4859,0.57,2.89,-6.679948616606345,2.3,0.43,51
2025-12-10,23654.1553,0.59,2.91,-6.670952978736887,2.3,0.43,51
2025-12-11,23593.8553,0.62,2.88,-6.664368214320013,2.3,0.43,51
2025-12-12,23195.1692,0.67,2.91,-6.694152743692687,2.3,0.43,51
2025-12-15,23057.4126,0.67,2.91,-6.685904313943363,2.31,0.43,51
2025-12-16,23111.4618,0.67,2.98,-6.695076467287916,2.31,0.43,51
2025-12-17,22693.3229,0.67,2.99,-6.690458825944906,2.31,0.43,51
2025-12-18,23006.3608,0.66,2.95,-6.6879395177606025,2.31,0.43,51
2025-12-19,23307.6204,0.68,2.9,-6.67990465952473,2.31,0.43,51
2025-12-22,23428.8292,0.73,2.88,-6.698535575464591,2.21,0.43,51
2025-12-23,23561.8443,0.7,2.83,-6.698940317675142,2.21,0.43,51
2025-12-24,23613.3069,0.68,2.84,-6.694162387134466,2.21,0.43,51
2025-12-26,23593.0966,0.68,2.86,-6.658830565805848,2.21,0.43,51
2025-12-29,23474.3491,0.67,2.87,-6.659692286156121,2.51,0.43,51
2025-12-30,23419.0796,0.69,2.84,-6.631578161504622,2.51,0.43,51
2025-12-31,23241.9906,0.71,2.81,-6.638579767769051,2.51,0.35,51
2026-01-02,23235.629,0.72,2.83,-6.634256604193335,2.51,0.35,51
2026-01-05,23395.8216,0.71,2.81,-6.613328620688927,1.88,0.35,51
2026-01-06,23547.1728,0.71,2.79,-6.608843377055459,1.88,0.35,51
2026-01-07,23584.2748,0.68,2.79,-6.635229501906797,1.88,0.35,51
2026-01-08,23480.0157,0.7,2.76,-6.6458066962429685,1.88,0.35,51
2026-01-09,23671.3464,0.64,2.74,-6.636656665783547,1.88,0.35,51
2026-01-12,23733.9044,0.65,2.74,-6.640006403383589,2.48,0.35,51
2026-01-13,23709.8725,0.65,2.75,-6.639193324513351,2.48,0.35,51
2026-01-14,23471.7494,0.64,2.76,-6.640575541429108,2.48,0.35,51
2026-01-15,23530.0219,0.61,2.71,-6.648608731214319,2.48,0.35,51
2026-01-16,23515.3875,0.65,2.65,-6.669622569903583,2.48,0.35,51
2026-01-20,22954.3224,0.7,2.73,-6.709209921953667,2.34,0.35,51
2026-01-21,23224.8246,0.66,2.69,-6.731827937355389,2.34,0.35,51
2026-01-22,23436.0197,0.65,2.69,-6.745490788168556,2.34,0.35,51