time,close,logp,logret,vol_1m,trend_logp,price_cycle,price_cycle_z,vol_12m,vol_z,wave_7y,wave_7y_phase,wave_7y_amp,vol_wave_10y,vol_wave_10y_phase,vol_wave_10y_amp,risk_multiplier
1973-06-30,100.98,4.6149224774307696,,,,,,,,,,,,,,1.0
1973-07-31,108.64,4.688039663810386,0.0731171863796165,0.0731171863796165,,,,,,,,,,,,1.0
1973-08-31,104.87,4.652721487846314,-0.03531817596407194,0.03531817596407194,,,,,,,,,,,,1.0
1973-09-30,111.2,4.711330381816482,0.058608893970167664,0.058608893970167664,,,,,,,,,,,,1.0
1973-10-31,110.17,4.702024627351974,-0.009305754464508098,0.009305754464508098,,,,,,,,,,,,1.0
1973-11-30,93.51,4.5380683824473556,-0.16395624490461813,0.16395624490461813,,,,,,,,,,,,1.0
1973-12-31,92.19,4.523851664810503,-0.014216717636852394,0.014216717636852394,,,,,,,,,,,,1.0
1974-01-31,94.93,4.5531397778937075,0.029288113083204337,0.029288113083204337,,,,,,,,,,,,1.0
1974-02-28,94.35,4.547011271814559,-0.006128506079148721,0.006128506079148721,,,,,,,,,,,,1.0
1974-03-31,92.27,4.524719061590464,-0.022292210224094333,0.022292210224094333,,,,,,,,,,,,1.0
1974-04-30,86.86,4.464297627106676,-0.06042143448378834,0.06042143448378834,,,,,,,,,,,,1.0
1974-05-31,80.2,4.384523514872469,-0.07977411223420727,0.07977411223420727,,,,,,,,,,,,1.0
1974-06-30,75.96,4.330206885944085,-0.05431662892838407,0.05431662892838407,,,,0.05056199819605515,,,,,,,,1.0
1974-07-31,69.99,4.248352374701448,-0.08185451124263654,0.08185451124263654,,,,0.05129010860130682,,,,,,,,1.0
1974-08-31,62.37,4.1330843905380314,-0.11526798416341677,0.11526798416341677,,,,0.05795259261791889,,,,,,,,1.0
1974-09-30,55.67,4.019441402195416,-0.11364298834261533,0.11364298834261533,,,,0.06253876714895619,,,,,,,,1.0
1974-10-31,65.23,4.177919485808005,0.15847808361258853,0.15847808361258853,,,,0.07496979457796289,,,,,,,,1.0
1974-11-30,62.95,4.142340760490356,-0.03557872531764872,0.03557872531764872,,,,0.06427166794571544,,,,,,,,1.0
1974-12-31,59.82,4.091340053201802,-0.051000707288554104,0.051000707288554104,,,,0.06733700041669059,,,,,,,,1.0
1975-01-31,69.78,4.245347435758628,0.15400738255682622,0.15400738255682622,,,,0.07773027287282575,,,,,,,,1.0
1975-02-28,73.0,4.290459441148391,0.0451120053897629,0.0451120053897629,,,,0.08097889781537693,,,,,,,,1.0
1975-03-31,75.66,4.326249619204883,0.03579017805649176,0.03579017805649176,,,,0.08210372846807672,,,,,,,,1.0
1975-04-30,78.54,4.363608049149864,0.037358429944981175,0.037358429944981175,,,,0.08018181142317611,,,,,,,,1.0
1975-05-31,83.1,4.420044701861403,0.05643665271153875,0.05643665271153875,,,,0.0782370231296204,,,,,,,,1.0
1975-06-30,87.02,4.466137977292534,0.046093275431131175,0.046093275431131175,,,,0.077551743671516,,,,,,,,1.0
1975-07-31,83.19,4.421127148295796,-0.04501082899673747,0.04501082899673747,,,,0.07448143681769108,,,,,,,,1.0
1975-08-31,79.01,4.369574426734642,-0.05155272156115398,0.05155272156115398,,,,0.06917183160083584,,,,,,,,1.0
1975-09-30,74.33,4.308514638737202,-0.06105978799743994,0.06105978799743994,,,,0.06478989823873789,,,,,,,,1.0
1975-10-31,76.99,4.343675543289958,0.03516090455275567,0.03516090455275567,,,,0.054513466650418486,,,,,,,,1.0
1975-11-30,78.8,4.366912996863833,0.0232374535738753,0.0232374535738753,,,,0.05348502733843737,,,,,,,,1.0
1975-12-31,77.62,4.35182512594076,-0.01508787092307351,0.01508787092307351,,,,0.05049229097464732,,,,,,,,1.0
1976-01-31,87.05,4.466482666214198,0.11465754027343777,0.11465754027343777,,,,0.04721313745103162,,,,,,,,1.0
1976-02-29,90.26,4.502694394398855,0.03621172818465723,0.03621172818465723,,,,0.04647144768393948,,,,,,,,1.0
1976-03-31,90.62,4.506674939238992,0.003980544840136879,0.003980544840136879,,,,0.0438206449159099,,,,,,,,1.0
1976-04-30,90.08,4.50069816439138,-0.005976774847611388,0.005976774847611388,,,,0.04120550699112909,,,,,,,,1.0
1976-05-31,88.04,4.477791256658261,-0.022906907733119652,0.022906907733119652,,,,0.03841136157626083,,,,,,,,1.0
1976-06-30,90.32,4.503358919841406,0.025567663183145406,0.025567663183145406,,,,0.036700893888928686,,,,,,,,1.0
1976-07-31,91.29,4.514041252576989,0.010682332735583167,0.010682332735583167,,,,0.03384018586716583,,,,,,,,1.0
1976-08-31,89.7,4.49647076906475,-0.01757048351223922,0.01757048351223922,,,,0.03100833269642293,,,,,,,,1.0
1976-09-30,91.26,4.513712575499256,0.017241806434506124,0.017241806434506124,,,,0.02735683423284511,,,,,,,,1.0
1976-10-31,90.35,4.503691017038237,-0.01002155846101882,0.01002155846101882,,,,0.02526188872520037,,,,,,,,1.0
1976-11-30,91.12,4.512177319138927,0.008486302100689791,0.008486302100689791,,,,0.024032626102434913,,,,,,,,1.0
1976-12-31,97.88,4.583742238574471,0.0715649194355441,0.0715649194355441,,,,0.028739046811807462,,,,,,,,1.0
1977-01-31,95.54,4.559545007961816,-0.02419723061265522,0.02419723061265522,,,,0.021200687673408918,,,,,,,,1.0
1977-02-28,94.57,4.549340301027421,-0.010204706934395347,0.010204706934395347,,,,0.01903343590255376,,,,,,,,1.0
1977-03-31,94.13,4.544676805559129,-0.004663495468292034,0.004663495468292034,,,,0.019090348454900024,,,,,,,,1.0
1977-04-30,95.48,4.558916801470629,0.014239995911500714,0.014239995911500714,,,,0.019778950210224133,,,,,,,,1.0
1977-05-31,95.59,4.560068212075671,0.0011514106050416473,0.0011514106050416473,,,,0.017965992116217633,,,,,,,,1.0
1977-06-30,99.73,4.602466534413777,0.04239832233810592,0.04239832233810592,,,,0.019368547045797675,,,,,,,,1.0
1977-07-31,100.65,4.611649152085801,0.009182617672023774,0.009182617672023774,,,,0.01924357079050106,,,,,,,,1.0
1977-08-31,100.1,4.6061696863211745,-0.005479465764626212,0.005479465764626212,,,,0.018235985978199976,,,,,,,,1.0
1977-09-30,100.85,4.613634264400221,0.007464578079046547,0.007464578079046547,,,,0.017421216948578344,-1.3323631840095345,,,,,,,1.05
1977-10-31,97.52,4.5800574851730165,-0.03357677922720459,0.03357677922720459,,,,0.019384152012427158,-1.2052865773159476,,,,,,,1.05
1977-11-30,103.15,4.636184239517261,0.056126754344244745,0.056126754344244745,,,,0.02335418969939007,-1.000994399741357,,,,,,,1.05
1977-12-31,105.05,4.654436427291009,0.01825218777374804,0.01825218777374804,,,,0.018911462060907065,-1.1683358011776883,,,,,,,1.05
1978-01-31,100.84,4.6135351023197195,-0.04090132497128973,0.04090132497128973,,,,0.02030346992412661,-1.0781868600440678,,,,,,,1.05
1978-02-28,101.47,4.6197631882909915,0.006228085971272002,0.006228085971272002,,,,0.01997208484386633,-1.0667824746145569,,,,,,,1.05
1978-03-31,106.2,4.665324108807838,0.04556092051684679,0.04556092051684679,,,,0.02338020359791256,-0.8959627041093059,,,,,,,1.05
1978-04-30,115.18,4.7464961220785264,0.08117201327068813,0.08117201327068813,,,,0.02895787171117818,-0.6357937882927093,,,,,,,1.05
1978-05-31,120.24,4.789489745444719,0.0429936233661925,0.0429936233661925,4.481901684880386,0.3075880605643331,,0.032444722774607415,-0.4720976250381465,,,,,,,1.0
1978-06-30,120.3,4.789988622980633,0.0004988775359144881,0.0004988775359144881,4.486952290423012,0.3030363325576211,,0.028953102374424795,-0.6221716182558731,,,,,,,1.05
1978-07-31,126.32,4.838818369947386,0.04882974696675291,0.04882974696675291,4.49262754977018,0.34619082017720615,,0.032257029815652226,-0.4649456147133244,,,,,,,1.0
1978-08-31,135.01,4.905348849769155,0.0665304798217683,0.0665304798217683,4.499178681516195,0.4061701682529595,,0.03734461432041406,-0.22747882046835208,,,,,,,1.0
1978-09-30,132.89,4.889521718343416,-0.01582713142573855,0.01582713142573855,4.505277791466621,0.3842439268767954,,0.03804149376597173,-0.19301982309794335,,,,,,,1.0
1978-10-31,111.12,4.7106106984460885,-0.1789110198973276,0.1789110198973276,4.508436759266305,0.20217393917978388,,0.05015268048848198,0.37311046139744236,,,,,,,1.0
1978-11-30,114.69,4.742232836376431,0.0316221379303423,0.0316221379303423,4.511979124071004,0.23025371230542646,,0.04811062912065678,0.2734165497795787,,,,,,,1.0
1978-12-31,117.98,4.770515118574929,0.028282282198498265,0.028282282198498265,4.515837870257629,0.2546772483173001,,0.048946470322719295,0.3102969020323469,,,,,,,1.0
1979-01-31,125.82,4.834852314141884,0.06433719556695472,0.06433719556695472,4.52052925913828,0.31432305500360336,,0.050899459539024715,0.40036984341187337,,,,,,,1.0
1979-02-28,122.56,4.808600705992281,-0.026251608149602923,0.026251608149602923,4.524704207643411,0.2838964983488701,,0.05256808638721896,0.47632760723854917,,,,,,,1.0
1979-03-31,131.76,4.880982085869385,0.07238137987710402,0.07238137987710402,4.529793891618068,0.35118819425131687,,0.05480312466724039,0.5790101634716343,,,,,,,0.85
1979-04-30,133.82,4.896495613354671,0.015513527485286005,0.015513527485286005,4.534958704600273,0.36153690875439803,,0.049331584185123546,0.30660517353369016,,,,,,,1.0
1979-05-31,131.42,4.878398301469722,-0.018097311884949008,0.018097311884949008,4.5397286990012375,0.3386696024684843,,0.04725689156168659,0.2018407194020732,,,,,,,1.0
1979-06-30,138.13,4.928195270711869,0.049796969242146716,0.049796969242146716,4.545050158887685,0.38314511182418354,,0.051365065870539274,0.4035245376044689,,,,,,,1.0
1979-07-31,141.33,4.9510975813800595,0.02290231066819093,0.02290231066819093,4.550537286218663,0.40056029516139624,,0.049204446178992445,0.2920608200017609,,,,,,,1.0
1979-08-31,150.44,5.013564333602136,0.062466752222076316,0.062466752222076316,4.556710980183776,0.4568533534183601,,0.04886580221235145,0.2725157249505287,,,,,,,1.0
1979-09-30,149.98,5.010501951873243,-0.003062381728892838,0.003062381728892838,4.562681914021796,0.4478200378514474,,0.04780207307094764,0.21632249616015556,,,,,,,1.0
1979-10-31,135.53,4.909193018027924,-0.1013089338453188,0.1013089338453188,4.567182058229667,0.342010959798257,,0.04133523256661357,-0.11598583756770281,,,,,,,1.0
1979-11-30,144.26,4.971617227075527,0.062424209047602375,0.062424209047602375,4.572367124496921,0.3992501025786055,,0.043902071826385246,0.017161959810945208,,,,,,,1.0
1979-12-31,151.14,5.018206559592573,0.04658933251704678,0.04658933251704678,4.578010661650031,0.44019589794254266,,0.04542765935293095,0.09624944814312969,,,,,,,1.0
1980-01-31,161.75,5.08605193338101,0.0678453737884368,0.0678453737884368,4.584361177546668,0.5016907558343418,,0.04572000753805446,0.11082561704665124,,,,,,,1.0
1980-02-29,158.03,5.062784888421012,-0.023267044959998096,0.023267044959998096,4.590267643113018,0.4725172453079942,,0.04547129393892072,0.09690238414297356,,,,,,,1.0
1980-03-31,131.0,4.875197323201151,-0.18758756521986086,0.18758756521986086,4.593742395309215,0.2814549278919358,,0.05507180938415046,0.6044026403126959,,,,,,,0.85
1980-04-30,139.99,4.941570991486734,0.06637366828558289,0.06637366828558289,4.597933101287258,0.3436378901994761,,0.05931015445084187,0.8222409363036831,,,,,,,0.85
1980-05-31,150.45,5.013630803076055,0.07205981158932051,0.07205981158932051,4.60288188345141,0.41074891962464477,,0.06380702942620615,1.0487554280784033,,,,,,,0.75
1980-06-30,157.78,5.061201657666944,0.047570854590889056,0.047570854590889056,4.608273880795122,0.45292777687182184,,0.06362151987193469,1.0240936034026171,,,,,,,0.75
1980-07-31,171.81,5.146389215073875,0.08518755740693162,0.08518755740693162,4.614531035844875,0.5318581792290002,,0.06881195710016308,1.2798026207194182,,,,,,,0.75
1980-08-31,181.52,5.201365840471587,0.05497662539771131,0.05497662539771131,4.621276263484263,0.5800895769873238,,0.06818777986479933,1.2254225664270568,,,,,,,0.75
1980-09-30,187.76,5.235164551542768,0.033798711071181486,0.033798711071181486,4.628252266757655,0.6069122847851132,,0.07074914064332338,1.3368576825532288,,,,,,,0.75
1980-10-31,192.78,5.261549642355822,0.02638509081305429,0.02638509081305429,4.635367967607072,0.6261816747487501,,0.06450548705730134,0.9925282197954378,,,,,,,0.85
1980-11-30,208.15,5.3382589736409845,0.07670933128516211,0.07670933128516211,4.643177867674115,0.6950811059668691,,0.06569591391043132,1.0414887574657847,,,,,,,0.75
1980-12-31,202.34,5.3099494507777445,-0.028309522863239955,0.028309522863239955,4.650505027928001,0.6594444228497434,,0.06417259643928075,0.9490858479406303,,,,,,,0.85
1981-01-31,197.81,5.2873069740279846,-0.022642476749759943,0.022642476749759943,4.657426788211697,0.6298801858162877,,0.06040568835272434,0.7419347005283307,,,,,,,0.85
1981-02-28,198.01,5.288317534469703,0.0010105604417187664,0.0010105604417187664,4.664210559676837,0.6241069747928663,,0.0585509813095344,0.6376473551939663,,,,,,,0.85
1981-03-31,210.18,5.347964306437451,0.05964677196774737,0.05964677196774737,4.671484535706205,0.6764797707312455,,0.04788924853852494,0.06789959988194073,,,,,,,1.0
1981-04-30,216.74,5.378698478494849,0.030734172057398368,0.030734172057398368,4.678928892998717,0.6997695854961323,,0.04491929051950957,-0.09110671434803927,,,,,,,1.0
1981-05-31,223.47,5.409277176856294,0.030578698361445333,0.030578698361445333,4.686536687622234,0.7227404892340603,,0.0414625310838533,-0.2761587375734858,,,,,,,1.0
1981-06-30,215.75,5.374120329963537,-0.03515684689275744,0.03515684689275744,4.693625178780391,0.6804951511831456,,0.04042803044234233,-0.3302081268260228,,,,,,,1.0
1981-07-31,211.63,5.354839466872362,-0.019280863091174716,0.019280863091174716,4.700372263352758,0.6544672035196042,,0.03493580591602926,-0.6251685551908502,,,,,,,1.05
1981-08-31,195.75,5.276838334870913,-0.07800113200144931,0.07800113200144931,4.706195152964053,0.5706431819068598,0.7466230454327701,0.03685451479967409,-0.5161658538527041,,,,,,,1.05
1981-09-30,180.03,5.193123503669531,-0.08371483120138201,0.08371483120138201,4.711064436471108,0.4820590671984233,0.15031433834934715,0.0410141914771908,-0.2853511640093561,,,,,,,1.0
1981-10-31,195.24,5.274229571018947,0.08110606734941594,0.08110606734941594,4.716640328892373,0.557589242126574,0.6519229136822037,0.04557427285522094,-0.032752072350373584,,,,,,,1.0
1981-11-30,201.37,5.305144011890314,0.030914440871367077,0.030914440871367077,4.722409972843334,0.5827340390469802,0.8078764714380591,0.04175803198740469,-0.24373992644180498,,,,,,,1.0
1981-12-31,195.84,5.277297999323961,-0.027846012566352663,0.027846012566352663,4.727797235236349,0.549500764087612,0.5709284224684755,0.04171940612933075,-0.24446535445225617,,,,,,,1.0
1982-01-31,188.39,5.238514282177283,-0.0387837171466785,0.0387837171466785,4.73270797607232,0.5058063061049625,0.26543633707446457,0.04306450949574062,-0.16785657948997107,,,,,,,1.0
1982-02-28,179.43,5.189785159724575,-0.04872912245270733,0.04872912245270733,4.737061092107103,0.4527240676174724,-0.10447056347418912,0.04704105632998967,0.056709049430191755,,,,,,,1.0
1982-03-31,175.65,5.168493378711836,-0.02129178101273954,0.02129178101273954,4.741131208018468,0.42736217069336746,-0.28042723537559133,0.04384480708373902,-0.12433846774404263,,,,,,,1.0
1982-04-30,184.7,5.218732887205194,0.05023950849335801,0.05023950849335801,4.745594775113672,0.47313811209152234,0.04580062795745431,0.04547025178673566,-0.03126901027648758,,,,,,,1.0
1982-05-31,178.54,5.184812665751216,-0.033920221453977994,0.033920221453977994,4.74966160743439,0.4351510583168263,-0.2257245060818237,0.045748712044446714,-0.015189319555237795,,,,,,,1.0
1982-06-30,171.3,5.143416405330075,-0.04139626042114131,0.04139626042114131,4.753274036772883,0.39014236855719187,-0.546309418224905,0.04626866317181203,0.014766412601893267,,,,,,,1.0
1982-07-31,167.35,5.120087427657335,-0.023328977672739448,0.023328977672739448,4.7566087039627405,0.36347872369459466,-0.7306453255662152,0.046606006053609095,0.03417666564441399,,,,,,,1.0
1982-08-31,177.71,5.1801530081973945,0.06006558054005939,0.06006558054005939,4.7604244184153055,0.41972858978208905,-0.312823128654869,0.04511137676515994,-0.052778020248935874,,,,,,,1.0
1982-09-30,187.65,5.23457852558103,0.05442551738363566,0.05442551738363566,4.764657937229285,0.4699205883517452,0.059683829756349505,0.042670600613681074,-0.19492085497606373,,,,,,,1.0
1982-10-31,212.63,5.35955356601861,0.12497504043757957,0.12497504043757957,4.769922500315917,0.5896310657026929,0.941108413097093,0.04632634837102804,0.020441946088908584,,,,,,,1.0
1982-11-30,232.31,5.448072686632873,0.08851912061426326,0.08851912061426326,4.775871186160802,0.6722015004720712,1.5138402444368257,0.05112673834960272,0.30314522019268925,,,,,,,1.0
1982-12-31,232.41,5.448503053311921,0.0004303666790477223,0.0004303666790477223,4.781720158918637,0.6667828943932834,1.4329116522139278,0.04884210119232731,0.16637783273425463,,,,,,,1.0
1983-01-31,248.35,5.514839041553359,0.06633598824143849,0.06633598824143849,4.788040149286179,0.7267988922671806,1.8024591703843036,0.05113812378355731,0.30203857684138496,,,,,,,1.0
1983-02-28,260.67,5.563255239519225,0.04841619796586549,0.04841619796586549,4.79466591928817,0.7685893202310545,2.009548846045461,0.05111204674298716,0.2989100901774715,,,,,,,1.0
1983-03-31,270.8,5.60138054103812,0.03812530151889515,0.03812530151889515,4.801502483879271,0.7998780571588489,2.1218668286383378,0.052514840118500127,0.3814286864643645,,,,,,,1.0
1983-04-30,293.06,5.680377366209879,0.07899682517175943,0.07899682517175943,4.808887987092134,0.8714893791177456,2.4500227886758097,0.054911283175033576,0.5233899013530738,,,,,,,0.85
1983-05-31,308.73,5.73246710851611,0.05208974230623031,0.05208974230623031,4.8165844797706665,0.9158826287454431,2.56204763417883,0.05642540991272127,0.611456177808417,,,,,,,0.85
1983-06-30,318.7,5.764250221423291,0.03178311290718128,0.03178311290718128,4.826162210970605,0.9380880104526863,2.5323485993016943,0.05562431428655793,0.559244648638917,,,,,,,0.85
1983-07-31,303.96,5.716896113801584,-0.047354107621706554,0.047354107621706554,4.834736014720531,0.8821600990810534,2.106562438994543,0.05762640844897186,0.677090308774798,,,,,,,0.85
1983-08-31,292.42,5.678191124989292,-0.03870498881229256,0.03870498881229256,4.843281595030056,0.8349095299592362,1.7763352904809604,0.05584635913832462,0.5646312250505366,,,,,,,0.85
1983-09-30,296.65,5.692552992704652,0.014361867715360077,0.014361867715360077,4.8514584501207905,0.8410945425838614,1.7533266028098677,0.05250772166596832,0.3576080842133926,,,,,,,1.0
1983-10-31,274.55,5.615133393724881,-0.07741959897977058,0.07741959897977058,4.859067689840566,0.7560657038843157,1.2593051450828119,0.04854476821115091,0.11256423755499814,,,,,,,1.0
1983-11-30,285.67,5.654837298473027,0.039703904748146,0.039703904748146,4.8683740974741125,0.7864632009989148,1.3943558370730171,0.04447683355564114,-0.1389282825704131,,,,,,,1.0
1983-12-31,278.6,5.629777061345705,-0.025060237127322083,0.025060237127322083,4.877590142445239,0.752186918900466,1.186168891499036,0.046529322759664,-0.011122058412242656,,,,,,,1.0
1984-01-31,268.43,5.592590172323767,-0.03718688902193801,0.03718688902193801,4.88625222906549,0.7063379432582773,0.9246545361381678,0.04410023115803896,-0.16226029678826098,,,,,,,1.0
1984-02-29,252.57,5.5316884380176825,-0.0609017343060847,0.0609017343060847,4.894457872117183,0.6372305659004995,0.5441256090817237,0.04514069251972389,-0.09651944997552114,,,,,,,1.0
1984-03-31,250.78,5.524576060762392,-0.0071123772552903475,0.0071123772552903475,4.902790013776948,0.6217860469854442,0.45587241699010866,0.042556282164423496,-0.2582887227542077,,,,,,,1.0
1984-04-30,247.44,5.511168128376815,-0.013407932385577581,0.013407932385577581,4.911513934620866,0.5996541937559483,0.33176803087249834,0.03709054109890834,-0.6008042109702735,,,,,,,1.05
1984-05-31,232.82,5.450265622820095,-0.06090250555671961,0.06090250555671961,4.920395118853763,0.5298705039663316,-0.05340443928839034,0.03782493803644912,-0.551173004265938,,,,,,,1.05
1984-06-30,239.65,5.47917952560564,0.028913902785545176,0.028913902785545176,4.929969890850942,0.549209634754698,0.05380990863880988,0.03758583719297944,-0.5589330340058826,,,,,,,1.05
1984-07-31,229.7,5.436774109695053,-0.04240541591058733,0.04240541591058733,4.939873405309223,0.4969007043858298,-0.23747256019519544,0.03717344621705284,-0.577104052998539,,,,,,,1.05
1984-08-31,254.64,5.539850782973837,0.10307667327878445,0.10307667327878445,4.9515964585795205,0.5882543243943168,0.2754609148562302,0.04253775325592716,-0.22864931550047554,,,,,,,1.0
1984-09-30,249.94,5.521220889057638,-0.018629893916199514,0.018629893916199514,4.964111287636706,0.5571096014209314,0.09819011524452857,0.042893422105997114,-0.19645656718044233,,,,,,,1.0
1984-10-31,247.03,5.509509786742492,-0.011711102315145716,0.011711102315145716,4.975207873477827,0.5343019132646649,-0.031785449955244766,0.03741771405061171,-0.53372323900806,,,,,,,1.05
1984-11-30,242.53,5.491125414066127,-0.018384372676364613,0.018384372676364613,4.986447745590959,0.5046776684751686,-0.20063361924430576,0.03564108637796326,-0.636231033878917,,,,,,,1.05
1984-12-31,247.35,5.510804337673718,0.01967892360759027,0.01967892360759027,4.998276614628224,0.5125277230454941,-0.15426431691371337,0.035192643584652274,-0.6524340092916103,,,,,,,1.05
1985-01-31,278.7,5.630135934487902,0.11933159681418459,0.11933159681418459,5.009816518784302,0.6203194157036007,0.4690260803213352,0.04203803590067282,-0.1878531140930669,,,,,,,1.0
1985-02-28,284.2,5.649678215663,0.01954228117509782,0.01954228117509782,5.0211433419052565,0.6285348737577436,0.5130367326157378,0.03859141480642392,-0.40434411508978907,,,,,,,1.0
1985-03-31,279.2,5.631928370888217,-0.017749844774782808,0.017749844774782808,5.032023998169284,0.5999043727189335,0.34264319819365274,0.03947787043304829,-0.3284512762124782,,,,,,,1.0
1985-04-30,280.6,5.6369301676683605,0.005001796780143231,0.005001796780143231,5.042635015823605,0.5942951518447552,0.3075167909115486,0.038777359132595425,-0.3632718093270239,,,,,,,1.0
1985-05-31,290.8,5.672635745659364,0.0357055779910036,0.0357055779910036,5.053073274521921,0.619562471137443,0.45418554412526374,0.03667761516878576,-0.5029991678489063,,,,,,,1.05
1985-06-30,296.2,5.6910349018336985,0.018399156174334408,0.018399156174334408,5.0632807488930975,0.627754152940601,0.4993529887403111,0.0358013862845182,-0.5567558724409671,,,,,,,1.05
1985-07-31,301.3,5.708106446136256,0.017071544302557307,0.017071544302557307,5.074005576375102,0.6341008697611539,0.5333733334427887,0.03369023031718236,-0.7076315652285793,,,,,,,1.05
1985-08-31,297.7,5.69608626802173,-0.012020178114525493,0.012020178114525493,5.08505984171916,0.61102642630257,0.39204532164959505,0.026102189053494113,-1.2858525027568286,,,,,,,1.05
1985-09-30,280.3,5.635860458170742,-0.06022580985098802,0.06022580985098802,5.096121056881107,0.5397394012896353,-0.03841739045943075,0.029568515381393157,-0.9982727808333514,,,,,,,1.05
1985-10-31,292.5,5.678464666671911,0.04260420850116908,0.04260420850116908,5.107244299575957,0.5712203670959548,0.15197963826845903,0.0321429408968951,-0.7797055958567182,,,,,,,1.05
1985-11-30,314.0,5.749392985908253,0.07092831923634169,0.07092831923634169,5.1187649661513275,0.6306280197569256,0.511315360389879,0.03652160311022653,-0.4205225512564049,,,,,,,1.0
1985-12-31,324.9,5.783517442675055,0.034124456766801536,0.034124456766801536,5.130695735457446,0.6528217072176083,0.6424575886046695,0.0377253975401608,-0.3162786980167739,,,,,,,1.0
1986-01-31,335.8,5.81651574464344,0.03299830196838549,0.03299830196838549,5.141946011111022,0.6745697335324179,0.76960871445891,0.030530956303010875,-0.8791741645328578,,,,,,,1.05
1986-02-28,359.5,5.884714177161102,0.06819843251766144,0.06819843251766144,5.153462842634041,0.7312513345270606,1.1058439228505181,0.03458563558155784,-0.5469984973231035,,,,,,,1.05
1986-03-31,374.7,5.926125705799642,0.04141152863854014,0.04141152863854014,5.165291599022047,0.7608341067775948,1.270204494650007,0.03655744257020429,-0.3845513569851501,,,,,,,1.0
1986-04-30,383.2,5.948557046096705,0.022431340297063507,0.022431340297063507,5.177357089702925,0.7711999563937804,1.3147415218554461,0.038009904529947645,-0.2664331175521169,,,,,,,1.0
1986-05-31,400.2,5.991964422149633,0.04340737605292766,0.04340737605292766,5.189975199415353,0.8019892227342797,1.4781120357861413,0.03865172103510798,-0.2153957297673403,,,,,,,1.0
1986-06-30,405.5,6.005120873555468,0.01315645140583488,0.01315645140583488,5.202489882362969,0.8026309911924985,1.4581807913126237,0.03821482897106635,-0.2513380788734222,,,,,,,1.0
1986-07-31,371.4,5.917279648918606,-0.08784122463686206,0.08784122463686206,5.214183535665817,0.7030961132527889,0.8495532181356354,0.044112302332258414,0.21278457443291585,,,,,,,1.0
1986-08-31,382.9,5.947773858483249,0.030494209564642993,0.030494209564642993,5.226277728077637,0.7214961304056118,0.9516349755657431,0.04565180495310154,0.32687337833800945,,,,,,,1.0
1986-09-30,350.7,5.859931157146132,-0.08784270133711658,0.08784270133711658,5.2374962162580285,0.6224349408881036,0.35030587460794765,0.04795321257694559,0.49970589172000457,,,,,,,1.0
1986-10-31,360.8,5.888323788188469,0.028392631042336802,0.028392631042336802,5.249034822684281,0.6392889655041882,0.45004951862908027,0.04676891445537623,0.3926437701510448,,,,,,,1.0
1986-11-30,359.6,5.884992302597465,-0.0033314855910040464,0.0033314855910040464,5.260474947546435,0.6245173550510295,0.3579545182199095,0.041135844984931426,-0.07595732263039905,,,,,,,1.0
1986-12-31,348.8,5.8544986920348245,-0.030493610562640328,0.030493610562640328,5.271064584658604,0.5834341073762204,0.10572918628481477,0.04083327446791799,-0.1094697268585991,,,,,,,1.0
1987-01-31,392.1,5.971516909298286,0.11701821726346129,0.11701821726346129,5.282831017169741,0.6886858921285448,0.7480520301844296,0.047834934075840975,0.45275963241308487,,,,,,,1.0
1987-02-28,425.0,6.052089168924417,0.08057225962613135,0.08057225962613135,5.2953539244022165,0.7567352445222006,1.15491823489012,0.048866086334880134,0.5255916034773254,,,,,,,0.85
1987-03-31,430.1,6.064017739789691,0.011928570865273436,0.011928570865273436,5.308015098854138,0.7560026409355523,1.1380018551022721,0.04640917318710791,0.30406458081419596,,,,,,,1.0
1987-04-30,417.8,6.035002849122465,-0.0290148906672254,0.0290148906672254,5.320315815917904,0.7146870332045614,0.8766502436981388,0.046957802384621404,0.3371362767630975,,,,,,,1.0
1987-05-31,416.5,6.031886461606898,-0.0031163875155675314,0.0031163875155675314,5.3325809679973295,0.6993054936095682,0.7761877884569154,0.04360022000650806,0.026343148009349702,,,,,,,1.0
1987-06-30,424.7,6.0513830373192254,0.01949657571232777,0.01949657571232777,5.344655272188208,0.7067277651310171,0.8157182831715467,0.044128563698715796,0.05607745206636275,,,,,,,1.0
1987-07-31,434.9,6.075116119603592,0.02373308228436688,0.02373308228436688,5.356850830250857,0.7182652893527353,0.8798654457957799,0.03878621850267453,-0.45236712265578066,,,,,,,1.0
1987-08-31,455.0,6.12029741895095,0.04518129934735793,0.04518129934735793,5.369468561356104,0.7508288575948461,1.0707906502827003,0.040010142651234114,-0.3642611684486697,,,,,,,1.0
1987-09-30,444.3,6.096500009941863,-0.02379740900908711,0.02379740900908711,5.381825775902286,0.7146742340395775,0.8409832996845932,0.03467303495723165,-0.9046605755606495,,,,,,,1.05
1987-10-31,323.3,5.778580684731388,-0.3179193252104753,0.3179193252104753,5.391813469231939,0.38676721549944926,-1.175113657673483,0.0588002594712432,1.4265624427134258,,,,,,,0.75
1987-11-30,305.2,5.720967299410302,-0.057613385321086064,0.057613385321086064,5.400853328064381,0.3201139713459211,-1.562810435591265,0.0633237511154167,1.8465061052134872,,,,,,,0.75
1987-12-31,330.5,5.800606659291741,0.07963935988143955,0.07963935988143955,5.410404746664386,0.39020191262735526,-1.1216812811776524,0.06741923022531664,2.2267054817643843,,,,,,,0.75
1988-01-31,344.7,5.84267447352282,0.042067814231078415,0.042067814231078415,5.420647574757746,0.4220268987650737,-0.9193008210891132,0.06117336330595139,1.5950687675135515,,,,,,,0.75
1988-02-29,367.0,5.905361848054571,0.06268737453175088,0.06268737453175088,5.431360896922442,0.4740009511321288,-0.5971044291132765,0.05968295621475302,1.4390931348941236,,,,,,,0.75
1988-03-31,374.6,5.925858790009988,0.02049694195541729,0.02049694195541729,5.441865352599127,0.4839934374108612,-0.5327600481105011,0.06039698713893168,1.5007940572770515,,,,,,,0.75
1988-04-30,379.2,5.938063770380866,0.01220498037087836,0.01220498037087836,5.451795083001646,0.48626868737922013,-0.5159824843983868,0.05899616128090276,1.3361832109138623,,,,,,,0.75
1988-05-31,370.3,5.914313487919567,-0.0237502824612994,0.0237502824612994,5.461168614188937,0.45314487373063006,-0.7349270762104604,0.06071565252638041,1.4916359066020173,,,,,,,0.75
1988-06-30,394.7,5.978125982668802,0.0638124947492349,0.0638124947492349,5.471069758853005,0.5070562238157965,-0.41361179633444994,0.064408645779456,1.8488791405288096,,,,,,,0.75
1988-07-31,387.3,5.959199586520707,-0.018926396148095215,0.018926396148095215,5.480406268991116,0.47879331752959065,-0.6032699961323023,0.06400808860143337,1.7728559008320928,,,,,,,0.75
1988-08-31,376.6,5.931183616223052,-0.02801597029765457,0.02801597029765457,5.488954892044898,0.44222872417815395,-0.839159580148264,0.06257764451395809,1.5907936681638644,,,,,,,0.75
1988-09-30,387.7,5.960231844676883,0.02904822845383137,0.02904822845383137,5.49787747643101,0.4623543682458733,-0.717995432695194,0.06301521280102011,1.6034238559120706,,,,,,,0.75
1988-10-31,382.5,5.94672865326659,-0.013503191410292992,0.013503191410292992,5.508178459387848,0.4385501938787426,-0.9015357288232286,0.037647201651004915,-1.004962595041813,,,,,,,1.05
1988-11-30,371.5,5.917548864157814,-0.02917978910877661,0.02917978910877661,5.51797275961936,0.39957610453845405,-1.1841003465496334,0.03527773529997913,-1.2301245935638558,,,,,,,1.05
1988-12-31,381.4,5.943848693166319,0.02629982900850525,0.02629982900850525,5.527750539407621,0.4160981537586981,-1.0993496967857979,0.03083277439390127,-1.6505550704237129,,,,,,,1.05
1989-01-31,401.3,5.994709277272871,0.0508605841065517,0.0508605841065517,5.537416014100379,0.45729326317249175,-0.8388298954469572,0.03156550521685738,-1.545323190837448,,,,,,,1.05
1989-02-28,399.7,5.990714265717278,-0.003995011555592676,0.003995011555592676,5.547266960431421,0.44344730528585696,-0.9549822709250438,0.026674474968844192,-1.9829155008601282,,,,,,,1.05
1989-03-31,406.7,6.008075812913178,0.01736154719590033,0.01736154719590033,5.556659408156786,0.451416404756392,-0.9123582732453333,0.02641319207221778,-1.958278371797899,,,,,,,1.05
1989-04-30,427.6,6.05818817915089,0.05011236623771165,0.05011236623771165,5.566340179538421,0.49184799961246917,-0.6442784444435234,0.029572140894453886,-1.6172299177343006,,,,,,,1.05
1989-05-31,446.2,6.100767281998432,0.04257910284754196,0.04257910284754196,5.576526587709494,0.5242406942889382,-0.4332292201230807,0.0311412092599741,-1.440539566697132,,,,,,,1.05
1989-06-30,435.3,6.076035448558252,-0.02473183344018004,0.02473183344018004,5.58609192252488,0.48994352603337177,-0.6872765339559307,0.02788448748421953,-1.7129321138147673,,,,,,,1.05
1989-07-31,453.8,6.117656572345742,0.04162112378748972,0.04162112378748972,5.595813247449595,0.5218433248961469,-0.4698718247468534,0.029775714787502405,-1.5052397933064559,,,,,,,1.05
1989-08-31,469.3,6.151242222800372,0.033585650454630134,0.033585650454630134,5.605293896526247,0.5459483262741252,-0.30305108407949133,0.030239854800583704,-1.4352271089840678,,,,,,,1.05
1989-09-30,472.9,6.15888394964983,0.007641726849458408,0.007641726849458408,5.6148637465077185,0.5440202031421117,-0.3239755225122245,0.028455979666885955,-1.5694066407125058,,,,,,,1.05
1989-10-31,455.6,6.121615231573027,-0.03726871807680343,0.03726871807680343,5.624967264953927,0.4966479666190997,-0.6839412284160248,0.03043644022242849,-1.3693094559678094,,,,,,,1.05
1989-11-30,456.1,6.122712083717655,0.0010968521446281798,0.0010968521446281798,5.634559722092612,0.48815236162504316,-0.7559658255626976,0.028096195475416124,-1.5545830543526695,,,,,,,1.05
1989-12-31,454.8,6.119857761876381,-0.002854321841273766,0.002854321841273766,5.643740148778309,0.4761176130980722,-0.8486091878891864,0.026142403211480165,-1.695403320598699,,,,,,,1.05
1990-01-31,415.8,6.030204375423913,-0.08965338645246845,0.08965338645246845,5.651608085795334,0.37859628962857883,-1.5476623479318858,0.029375136740306562,-1.3840689716037784,,,,,,,1.05
1990-02-28,425.8,6.053969752459379,0.023765377035465995,0.023765377035465995,5.6598679596623205,0.39410179279705826,-1.4216590723159812,0.031022667196962672,-1.2201723104581699,,,,,,,1.05
1990-03-31,435.5,6.0764947962925575,0.02252504383317877,0.02252504383317877,5.669878771938082,0.4066160243544754,-1.3567348595902466,0.031452958583402545,-1.1623664275142633,,,,,,,1.05
1990-04-30,420.1,6.040492778175336,-0.03600201811722137,0.03600201811722137,5.67903645349382,0.3614563246815159,-1.6943089129784794,0.03027709624002835,-1.2446102174262539,,,,,,,1.05
1990-05-31,459.0,6.129050210060545,0.08855743188520915,0.08855743188520915,5.688331615218691,0.4407185948418544,-1.1126917431803456,0.03410862365983395,-0.8950597287673304,,,,,,,1.05
1990-06-30,462.3,6.1362140309941795,0.007163820933634213,0.007163820933634213,5.697290051663085,0.4389239793310944,-1.1240812449257465,0.0326446226176218,-1.0098936403533407,,,,,,,1.05
1990-07-31,438.2,6.082675427161366,-0.053538603832813614,0.053538603832813614,5.705092436763814,0.37758299039755183,-1.5538977270094119,0.03363774595473212,-0.9110833923346873,,,,,,,1.05
1990-08-31,381.2,5.943324171780047,-0.1393512553813192,0.1393512553813192,5.711275422858051,0.23204874892199534,-2.5290553498876025,0.04245154636528955,-0.09419364860308121,,,,,,,1.0
1990-09-30,344.5,5.842094090453713,-0.10123008132633338,0.10123008132633338,5.716333169015642,0.12576092143807127,-3.1225688067998623,0.05025057590502913,0.6609288662369965,,,,,,,0.85
1990-10-31,329.8,5.7984864101254985,-0.043607680328214826,0.043607680328214826,5.7208076420803895,0.07767876804510898,-3.264482759191609,0.05077882275931341,0.7330084843730874,,,,,,,0.85
1990-11-30,359.1,5.883600901232037,0.08511449110653846,0.08511449110653846,5.725352158143648,0.15824874308838854,-2.6357848674580127,0.05778029267280593,1.4314765791309607,,,,,,,0.75
1990-12-31,373.8,5.923720895021463,0.040119993789425656,0.040119993789425656,5.730466920179013,0.19325397484244977,-2.3364336925377347,0.06088576533515192,1.7461969622263753,,,,,,,0.75
1991-01-31,414.2,6.026348948961484,0.1026280539400215,0.1026280539400215,5.73662560330346,0.2897233456580244,-1.6999956842948036,0.061966987625781345,1.8468325835664696,,,,,,,0.75
1991-02-28,453.1,6.116112851673092,0.08976390271160817,0.08976390271160817,5.743523897613487,0.372588954059605,-1.1725197877790137,0.06746686476545986,2.345054486407631,,,,,,,0.75
1991-03-31,482.3,6.178566327074926,0.06245347540183399,0.06245347540183399,5.750445581118799,0.4281207459561269,-0.8202690368180425,0.0707942340628478,2.5752654079421062,,,,,,,0.75
1991-04-30,484.7,6.18353014285133,0.004963815776403813,0.004963815776403813,5.757152511655103,0.4263776311962273,-0.8171143574651907,0.068207717201113,2.2639891809719224,,,,,,,0.75
1991-05-31,506.1,6.226734278220032,0.04320413536870227,0.04320413536870227,5.763964654166468,0.46276962405356414,-0.5835498695368796,0.06442827582473742,1.8713619411623392,,,,,,,0.75
1991-06-30,475.9,6.165207748127065,-0.06152653009296749,0.06152653009296749,5.77055704931783,0.39465069880923487,-0.9838157345506009,0.0689585015880152,2.2137114043658768,,,,,,,0.75
1991-07-31,502.0,6.218600119691729,0.05339237156466403,0.05339237156466403,5.777755054757991,0.4408450649337379,-0.6906345699722936,0.0689463155656694,2.1504103552932303,,,,,,,0.75
1991-08-31,525.7,6.264730707825403,0.04613058813367399,0.04613058813367399,5.78598749119928,0.47874321662612296,-0.4543592231402121,0.06117792662836563,1.445352798209953,,,,,,,0.75
1991-09-30,526.9,6.26701077721524,0.002280069389836825,0.002280069389836825,5.79493655181216,0.4720742254030794,-0.4943914588262832,0.05293209230032425,0.7218125516963391,,,,,,,0.85
1991-10-31,543.0,6.297109319933935,0.030098542718695498,0.030098542718695498,5.8034605497197855,0.49364877021414966,-0.3594565764471957,0.05180633083286431,0.6190942500531991,,,,,,,0.85
1991-11-30,523.9,6.261300826414174,-0.03580849351976134,0.03580849351976134,5.811428523174151,0.4498723032400225,-0.6184690282701713,0.04769749770063288,0.2604269307908265,,,,,,,1.0
1991-12-31,586.3,6.373831603970169,0.11253077755599517,0.11253077755599517,5.820566303212869,0.5532653007572996,0.010237914542102712,0.05373172968118034,0.7705197637967609,,,,,,,0.85
1992-01-31,620.2,6.430042006666349,0.05621040269617961,0.05621040269617961,5.830495700916945,0.5995463057494037,0.2869892396062823,0.04986359207752685,0.4324636263980161,,,,,,,1.0
1992-02-29,633.5,6.451259999761194,0.02121799309484551,0.02121799309484551,5.841007991250583,0.6102520085106109,0.3444821437396762,0.04415143294279663,-0.056701958110158726,,,,,,,1.0
1992-03-31,603.8,6.403243017272739,-0.04801698248845554,0.04801698248845554,5.851297571571924,0.5519454457008148,-0.016900825826433822,0.04294839186668176,-0.15951921719306963,,,,,,,1.0
1992-04-30,578.7,6.360784208579793,-0.04245880869294538,0.04245880869294538,5.8608146659167115,0.4999695426630817,-0.33571891852889774,0.04607297460972689,0.10876576638974672,,,,,,,1.0
1992-05-31,585.3,6.372124536297175,0.011340327717381804,0.011340327717381804,5.870708931504595,0.5014156047925802,-0.33085264048161056,0.043417657305450184,-0.11791483031809824,,,,,,,1.0
1992-06-30,563.6,6.334344780024526,-0.0377797562726494,0.0377797562726494,5.880633334627048,0.4537114453974773,-0.6276380931978293,0.04143875948709034,-0.284554160604961,,,,,,,1.0
1992-07-31,580.8,6.364406463510586,0.03006168348606053,0.03006168348606053,5.891002659925826,0.47340380358475986,-0.5149059660397892,0.03949453548054005,-0.44628389092062076,,,,,,,1.0
1992-08-31,563.1,6.333457232260573,-0.030949231250013476,0.030949231250013476,5.900613528459686,0.432843703800887,-0.7660150844872927,0.03822942240690167,-0.5493482605410436,,,,,,,1.05
1992-09-30,583.3,6.368701633759592,0.03524440149901942,0.03524440149901942,5.910064554361174,0.458637079398418,-0.6061529389272274,0.04097645008266689,-0.3123463536273112,,,,,,,1.0
1992-10-31,605.2,6.405558981914201,0.036857348154608616,0.036857348154608616,5.918781266160304,0.48677771575389706,-0.42711311073162544,0.04153968386899298,-0.26056162760755985,,,,,,,1.0
1992-11-30,652.7,6.481117605641172,0.07555862372697142,0.07555862372697142,5.927389973818706,0.5537276318224658,-0.008515875551854568,0.04485219471959382,0.028040579101972284,,,,,,,1.0
1992-12-31,677.0,6.517671272912275,0.036553667271102874,0.036553667271102874,5.936299708982043,0.5813715639302321,0.16689753791551218,0.03852076886251946,-0.5080175218242785,,,,,,,1.05
1993-01-31,696.3,6.545780601948501,0.028109329036226427,0.028109329036226427,5.944890888652002,0.6008897132964997,0.2954505684377091,0.03617901272419003,-0.6978504465144485,,,,,,,1.05
1993-02-28,670.8,6.508471029949054,-0.0373095719994474,0.0373095719994474,5.9527676869055846,0.5557033430434695,0.025870554095795282,0.037519977632906855,-0.5731435629639012,,,,,,,1.05
1993-03-31,690.1,6.536836514626557,0.02836548467750255,0.02836548467750255,5.960563153352155,0.576273361274402,0.1680325404330796,0.035882352815327444,-0.701773193398078,,,,,,,1.05
1993-04-30,661.4,6.494358800547692,-0.04247771407886436,0.04247771407886436,5.967346331971636,0.5270124685760562,-0.12763312578369668,0.03588392826415402,-0.6891739404643568,,,,,,,1.05
1993-05-31,700.5,6.551794365777062,0.05743556522936988,0.05743556522936988,5.974174059115478,0.5776203066615837,0.2215995362835761,0.0397251980568197,-0.3486766350650616,0.016959128591617977,0.6673148030557581,0.021590610076779915,0.004953098087265638,0.45904836609114946,0.00552508488827483,1.0
1993-06-30,704.0,6.556778356158042,0.0049839903809800745,0.0049839903809800745,5.980778460238267,0.5759998959197752,0.2375989919981822,0.03699221756584725,-0.5728771274613176,0.015548494451381371,0.7580748280440505,0.021411911863199923,0.004748368671448701,0.5178167943312272,0.005464792584287999,0.9450000000000001
1993-07-31,704.7,6.557772180332977,0.0009938241749347654,0.0009938241749347654,5.987785760792695,0.5699864195402817,0.21939376721811069,0.03456989595658677,-0.7687980573650435,0.01392839918473396,0.8503562230273168,0.02111273661685719,0.004510019836320257,0.5793832143409493,0.00538959980814885,0.9450000000000001
1993-08-31,742.8,6.610426829478551,0.05265464914557416,0.05265464914557416,5.995554391663438,0.6148724378151131,0.5531474108135676,0.03637868078121683,-0.5995810765623804,0.012938042156055806,0.9128837293460559,0.021159037265838572,0.004275497049863455,0.6400387798589138,0.00533056117345462,0.9450000000000001
1993-09-30,762.8,6.6369958737262635,0.026569044247712448,0.026569044247712448,6.003424749005286,0.6335711247209774,0.7099106349032199,0.035655734343607914,-0.6509908563102214,0.012184732497185565,0.9605981307028219,0.021263694092923058,0.0040234955682666,0.7021223287635343,0.005269989099172345,0.9450000000000001
1993-10-31,779.3,6.658396080849515,0.021400207123251747,0.021400207123251747,6.012118604731325,0.6462774761181906,0.8142986145952699,0.03436763925766151,-0.7520095951421024,0.011595284710197887,0.9971527655261654,0.02136607821854229,0.0037499311531302574,0.7663904906840628,0.005205210780542004,0.9450000000000001
1993-11-30,754.4,6.625922731319248,-0.03247334953026737,0.03247334953026737,6.020210983338376,0.6057117479808722,0.5381968827230014,0.030777199741269506,-1.050118986930041,0.010345299250236799,1.0578739828381853,0.02108163679120456,0.0034360090070098947,0.8359034984446394,0.005124488906849297,0.9450000000000001
1993-12-31,776.8,6.6551829169771155,0.029260185657867588,0.029260185657867588,6.028756032135305,0.6264268848418109,0.7042915386365682,0.03016940960683323,-1.0860517496122388,0.009429664267353147,1.1011875231091444,0.020837311471982284,0.003108300956911561,0.9073818635049417,0.00504749446109684,0.9450000000000001
1994-01-31,800.5,6.685236532436769,0.03005361545965357,0.03005361545965357,6.037861418469579,0.6473751139671897,0.8665500160169061,0.030331433475452158,-1.0572139049824194,0.008874770106795755,1.1259747415103376,0.020624762714423137,0.002774288635267096,0.9797799109702685,0.0049789342499896565,0.9450000000000001
1994-02-28,792.5,6.675192505751435,-0.010044026685333662,0.010044026685333662,6.047390619034028,0.6278018867174078,0.7218624645951087,0.028059304699276016,-1.2325646983462573,0.008057350366258846,1.1612048360540248,0.020232670663612493,0.0024143344619135783,1.056603428644434,0.004908857328818226,0.9450000000000001
1994-03-31,743.5,6.61136876590021,-0.0638237398512258,0.0638237398512258,6.056447224910176,0.5549215409900334,0.18399337495724968,0.031014159297086286,-0.9681248394035847,0.0061483895897902745,1.249181000016953,0.019450806082190002,0.002073559132381282,1.1299331748868855,0.004859294021024612,0.9450000000000001
1994-04-30,733.8,6.598236511921182,-0.01313225397902773,0.01313225397902773,6.065506128106379,0.532730383814803,0.02274396665775006,0.028568704288766567,-1.164448220183862,0.003971906364525649,1.3553832059984563,0.01858192946453822,0.0017074260993377379,1.2079423014343065,0.004810411595469678,0.9450000000000001
1994-05-31,735.2,6.600142571041477,0.0019060591202952892,0.0019060591202952892,6.075088436008224,0.5250541350332529,-0.03424624257794445,0.023941245446343684,-1.5320405692122037,0.001783455347619663,1.4699364363296283,0.017712518786799275,0.001298976793234976,1.294456924693329,0.004761020910005356,0.9450000000000001
1994-06-30,706.0,6.559615237493242,-0.040527333548235234,0.040527333548235234,6.084092066940621,0.47552317055262083,-0.3990930518937276,0.026903190710281615,-1.268282964485171,-0.0010595647652908065,1.6333048093580562,0.01696177933868589,0.0008603207319211608,1.3875453009142151,0.0047211453363377376,1.05
1994-07-31,722.2,6.582302108843358,0.022686871350115823,0.022686871350115823,6.09363813360019,0.48866397524316785,-0.3005234865861637,0.028710944641546703,-1.106763308611562,-0.0035334262148917625,1.7890056036554614,0.016322054101853264,0.00042803342421969396,1.4796046786344397,0.004700290622200975,1.05
1994-08-31,765.6,6.640659840138745,0.058357731295386905,0.058357731295386905,6.102811542409897,0.5378482977288472,0.06947544205769769,0.029186201487364432,-1.0531532963717147,-0.005032340368333429,1.9021003076677707,0.015470968000381575,-5.7245186097587554e-05,1.5829839852781258,0.004697096115021199,1.05
1994-09-30,764.3,6.638960382248839,-0.0016994578899058865,0.0016994578899058865,6.11212603818649,0.5268343440623484,-0.010850139647645144,0.02711373595754722,-1.2060739394096431,-0.0064980966419953615,2.0283057327486715,0.01471106077532749,-0.0005981840863399662,1.69772786771529,0.004725329826106493,1.05
1994-10-31,777.5,6.656083644053389,0.01712326180455026,0.01712326180455026,6.121680820330749,0.5344028237226404,0.045644404021640404,0.026757323847655428,-1.2209903023485587,-0.007618802570732454,2.1509904953005985,0.013898198474935588,-0.0012444499748556586,1.8323142872321658,0.004813241024379553,1.05
1994-11-30,750.3,6.620473126551683,-0.03561051750170563,0.03561051750170563,6.131092051268128,0.48938107528355523,-0.28943979688912835,0.02701875451194195,-1.187914010026678,-0.009233958031732194,2.3148451713247566,0.013634040171708542,-0.0017965258809825764,1.9447501849880302,0.004917961565902355,1.05
1994-12-31,752.0,6.62273632394984,0.0022631973981566134,0.0022631973981566134,6.140358151153762,0.48237817279607764,-0.3396862690270328,0.024769005490299367,-1.3546043111173696,-0.010724153481324604,2.4815916910657587,0.013575021455795783,-0.0023883954288427853,2.060795917037406,0.0050749381274584225,1.05
1995-01-31,755.2,6.626982614831291,0.004246290881450676,0.004246290881450676,6.148665206823291,0.4783174080079995,-0.36167748032444025,0.022618395108782458,-1.5006829808070603,-0.012033223687616943,2.6453439464979516,0.013683838817466267,-0.003078737057475085,2.1870718083808707,0.005326536248043438,1.05
1995-02-28,793.7,6.67670555609683,0.04972294126553933,0.04972294126553933,6.157223767993572,0.5194817881032581,-0.047452746195768884,0.0259249713237996,-1.2205226796823414,-0.012414469834994465,2.7898587935219625,0.013224091505836364,-0.0037607865621717327,2.3035028329046794,0.00562247939962923,1.05
1995-03-31,817.2,6.705883862943467,0.029178306846636914,0.029178306846636914,6.166173397094032,0.5397104658494349,0.10793967790887841,0.023037851906750523,-1.426749782981515,-0.012203273770927229,2.933809237195928,0.012471529122739754,-0.00446658967533245,2.4141117159540753,0.005980555905474599,1.1025
1995-04-30,844.0,6.738152494595957,0.0322686316524905,0.0322686316524905,6.17535024981843,0.5628022447775276,0.28329066912418954,0.024632550046205754,-1.283084957813337,-0.011355260389270497,3.0868842561728087,0.0113722748039304,-0.005131519614550778,2.5120595084140835,0.006348514120304229,1.1025
1995-05-31,864.6,6.762266972233531,0.024114477637573906,0.024114477637573906,6.18443051003988,0.5778364621936509,0.3993047941377913,0.026483251589312307,-1.1261674259662702,-0.010012890166308307,-3.0205640369819995,0.010086674465496454,-0.005751389735988707,2.599477185800502,0.00671405712205337,1.1025
1995-06-30,933.5,6.838940962981777,0.07667399074824566,0.07667399074824566,6.193996393882782,0.6449445690989952,0.9017687770074228,0.029495473022646507,-0.8852538102656827,-0.0073247921104333,-2.754766584575415,0.00790919381285358,-0.006325274246715966,2.678486006959082,0.007069960339312871,1.1025
1995-07-31,1001.2,6.908954559557619,0.07001359657584239,0.07001359657584239,6.204003461494626,0.7049510980629936,1.3414788339742254,0.03343936679145706,-0.5788227867786045,-0.003424028430782002,-2.2176873248708566,0.005681069148133032,-0.006823918777281679,2.7493397358279816,0.007384792432550291,1.1025
1995-08-31,1020.1,6.9276559406884735,0.018701381130854067,0.018701381130854067,6.214266542100182,0.7133893985882915,1.389169733131429,0.03013467094441265,-0.8401739020193737,0.0007945636291395441,-1.4313533156558378,0.005716632469512664,-0.007287620565476645,2.8157991660557267,0.007692255833154037,1.05
1995-09-30,1043.5,6.950335726517255,0.022679785828781718,0.022679785828781718,6.225220502669737,0.725115223847518,1.4517936412473118,0.031883031605985636,-0.7064304819548647,0.0053397382132887045,-0.870783903906189,0.008288594934582432,-0.007680707534327008,2.877466020390623,0.007956636728934607,1.05
1995-10-31,1036.1,6.943218943257706,-0.007116783259549564,0.007116783259549564,6.235760121641284,0.7074588216164219,1.3046342394538744,0.031049158393902248,-0.7703060097898048,0.009663721191313148,-0.5911401327570923,0.011638749279363017,-0.007974430045545385,2.9348700612552947,0.008147908228078225,1.05
1995-11-30,1059.2,6.965269185182744,0.02205024192503835,0.02205024192503835,6.245892423301906,0.719376761880838,1.3784309484612451,0.029919135429179972,-0.8518542651924496,0.014212874775595645,-0.40949816823253976,0.015493898832245879,-0.008247409703902376,2.9908494438299633,0.008342010260937425,1.05
1995-12-31,1052.1,6.958543445814242,-0.0067257393685018485,0.0067257393685018485,6.255684306661399,0.7028591391528431,1.251284775077562,0.030291013926708743,-0.816063311167321,0.018450003287909925,-0.280721433709845,0.01920163564779378,-0.008470014463652396,3.0451524951235087,0.008509556234759647,1.05
1996-01-31,1059.8,6.965835490058661,0.007292044244419316,0.007292044244419316,6.265261971206526,0.7005735188521358,1.230957097999009,0.03054482670695613,-0.7964092066015378,0.022562172264844586,-0.17505981196077014,0.022912361978059424,-0.00864019282620307,3.098220126179636,0.008648326063373324,1.05
1996-02-29,1100.1,7.00315636374539,0.03732087368672854,0.03732087368672854,6.274582322761395,0.7285740409839949,1.4339310694771599,0.029511321075388564,-0.8712881406433616,0.027017653486312205,-0.08263380616880936,0.02711015960357437,-0.008789311180831639,-3.132749814750883,0.008789654835632488,1.05
1996-03-31,1101.4,7.004337376828381,0.0011810130829914556,0.0011810130829914556,6.283567420019968,0.7207699568084136,1.3850046380271201,0.027178213261751443,-1.0413365828065964,0.03115031102485728,0.0007195708254031658,0.03115031908939688,-0.008911884880365104,-3.081340053485376,0.008928086132092717,1.05
1996-04-30,1190.52,7.082145465449812,0.0778080886214303,0.0778080886214303,6.293013990181243,0.7891314752685687,1.8765109520342482,0.030973168009163093,-0.7430016684608151,0.03622270132151255,0.07315847442462428,0.036319852854065096,-0.008956804349582247,-3.0300433422956963,0.009012820612931556,1.05
1996-05-31,1243.43,7.12562896893681,0.04348350348699803,0.04348350348699803,6.302461194737803,0.8231677741990069,2.1163110173999065,0.0325872534966151,-0.614179365938349,0.041592864314151906,0.13844009834481852,0.041994649597465766,-0.00894055544201231,-2.9785575283155397,0.009060707800651489,1.05
1996-06-30,1185.02,7.077514931063937,-0.04811403787287283,0.04811403787287283,6.311397811883707,0.7661171191802296,1.7131646741762907,0.030207257423667366,-0.7896960278242905,0.045621632484707776,0.2070080722300497,0.04661689225995553,-0.008905447011120574,-2.9274667340992586,0.009113578321415195,1.05
1996-07-31,1080.59,6.985262467249063,-0.09225246381487384,0.09225246381487384,6.320297668703128,0.6649647985459355,0.9840581584453306,0.03206049636025332,-0.6392769580687984,0.04748054599321509,0.28530502415810566,0.04948076390444246,-0.008806720638520917,-2.8755347290747832,0.009127886411507873,1.05
1996-08-31,1141.5,7.04009846596985,0.054835998720786705,0.054835998720786705,6.329400373765517,0.7106980922043329,1.318580625111755,0.03507171449274771,-0.4023987159863937,0.04968065480599117,0.3556712550592852,0.05299761913734451,-0.008635183720960216,-2.822009378292441,0.009095733226823053,1.0
1996-09-30,1226.92,7.112262242911319,0.07216377694146914,0.07216377694146914,6.339836466146893,0.7724257767644263,1.739759766999141,0.03919538041880499,-0.08178228326894296,0.05247315282584172,0.4160266114983321,0.057366396353623006,-0.008375138922434907,-2.765667472903849,0.009003895771490997,1.0
1996-10-31,1221.51,7.107843077320036,-0.004419165591283303,0.004419165591283303,6.349999126889656,0.75784395043038,1.613859181647624,0.03897057894644947,-0.09410787398428631,0.05449571935241997,0.4780898021604167,0.06137766599589044,-0.008076418714010363,-2.7079767554202476,0.008900101298552744,1.0
1996-11-30,1292.61,7.16441870914422,0.05657563182418457,0.05657563182418457,6.360661013610879,0.8037576955333412,1.9048974033643116,0.04184769477137832,0.12584581503643888,0.05677097575016722,0.5329773630305602,0.06591327237826204,-0.007721185222182343,-2.6477093858913747,0.008769105180245535,1.0
1996-12-31,1291.03,7.163195628376804,-0.0012230807674162847,0.0012230807674162847,6.371566821413729,0.7916288069630752,1.7838451852148236,0.04138913988795453,0.09036075471134822,0.058257765114766255,0.589975452075832,0.07010946638789434,-0.007387626503856161,-2.5890398611214542,0.008679200622386902,1.0
1997-01-31,1379.85,7.2297300765912755,0.06653444821447163,0.06653444821447163,6.382051931141171,0.8476781454501046,2.13282008322222,0.04632600688545888,0.4697460267718238,0.060118921445601416,0.6388365333077131,0.0748874787432357,-0.006929714126050405,-2.5226840291015185,0.008507809928608986,1.0
1997-02-28,1309.0,7.1770187659099,-0.052711310681375245,0.052711310681375245,6.391426344449383,0.7855924214605174,1.7012783134437108,0.04760854330167944,0.5691284188606863,0.06027303972866072,0.697785839099055,0.07865804257582555,-0.006423772703805038,-2.452527296252928,0.0083226673963835,0.85
1997-03-31,1221.7,7.107998610410014,-0.06902015549988594,0.06902015549988594,6.400126185037885,0.7078724253721296,1.1772281376687206,0.053261805169753984,0.9950373838961639,0.05843698047189648,0.768541418424854,0.08128380299529886,-0.005853261579528644,-2.376466766902277,0.008114932441889162,0.765
1997-04-30,1260.76,7.139469992712013,0.03147138230199875,0.03147138230199875,6.4093300779011315,0.7301399148108816,1.327577018438559,0.04940041297646802,0.6976813371374537,0.05635533427555228,0.8353233696604103,0.08399485459827706,-0.005304233431741294,-2.301451015882302,0.007948115705780705,0.765
1997-05-31,1400.32,7.2444560609134525,0.10498606820143941,0.10498606820143941,6.419434824562019,0.8250212363514331,1.9489669965811711,0.05452562670267147,1.0771085954751285,0.05529807647195015,0.8868650581430056,0.08751841999668565,-0.004682510357098205,-2.2185184857282945,0.007760576152803759,0.675
1997-06-30,1442.07,7.273834860356008,0.02937879944255517,0.02937879944255517,6.429621923087326,0.844212937268682,2.045850307147054,0.05296435683347833,0.9495514031292916,0.05395869134365324,0.9360835954430194,0.0910009874476017,-0.0040722338561285055,-2.135682916836506,0.007607101630004281,0.765
1997-07-31,1593.81,7.373882655256927,0.1000477949009193,0.1000477949009193,6.440444977551104,0.9334376777058226,2.5725365983166006,0.05361396775731545,0.9854172331040514,0.053551446879612004,0.9724813491227853,0.09507564185065567,-0.003443957069642998,-2.04990449879617,0.007470818068566628,0.765
1997-08-31,1587.32,7.369802338511416,-0.0040803167455107925,0.0040803167455107925,6.450857518547441,0.9189448199639756,2.426116237169932,0.04938432759270913,0.6592250928510748,0.05228982121707104,1.0128749213589552,0.09876738866486882,-0.0028326985688643764,-1.9654656867976832,0.007367169191944856,0.765
1997-09-30,1685.69,7.429930254515003,0.060127916003587245,0.060127916003587245,6.461969437252217,0.967960817262786,2.6593712314071474,0.04838133918121897,0.574779314394685,0.05127323764078427,1.0474935241744943,0.10259907618920817,-0.002214888602058903,-1.879737243833658,0.007284622869187046,0.765
1997-10-31,1593.61,7.373757161911047,-0.056173092603956754,0.056173092603956754,6.475262574562048,0.8984945873489991,2.162275209045803,0.05269416643227509,0.9071504767949403,0.048484949807309906,1.0938474293382374,0.1056154268167543,-0.0015710717632275281,-1.7901766802272805,0.007219173825387815,0.765
1997-11-30,1600.55,7.378102599159377,0.004345437248330697,0.004345437248330697,6.489072035393289,0.889030563766088,2.0546448777437036,0.0483416502176206,0.5940474041961298,0.044979932378311875,1.1423814977204094,0.10827334547967911,-0.0009919229232680936,-1.7092450546223823,0.0071874903518286464,0.765
1997-12-31,1570.35,7.359053803433474,-0.019048795725903567,0.019048795725903567,6.502059094927804,0.8569947085056695,1.8169926665553335,0.04982712646416121,0.7302047982601394,0.040412169378190144,1.1961556967516693,0.11043443792522999,-0.0003603682220967357,-1.6210785325016541,0.007169934473010224,0.765
1998-01-31,1619.36,7.389786288440591,0.03073248500711756,0.03073248500711756,6.514951693385453,0.8748345950551384,1.8789486298708942,0.046843629530215036,0.5128981475059202,0.035673277665781516,1.2478093904159653,0.11239201664417608,0.00023606475704281843,-1.5378838889278608,0.007173804081748394,0.765
1998-02-28,1770.51,7.479022919658007,0.08923663121741576,0.08923663121741576,6.528065535648815,0.9509573840091923,2.262565787978663,0.049887406241551746,0.7635632610317966,0.03178945725690252,1.2891842947893388,0.11438984461707866,0.0008602801504081886,-1.4510155077347624,0.007199322418537899,0.765
1998-03-31,1835.68,7.515170264050833,0.036147344392825964,0.036147344392825964,6.541309797932488,0.973860466118345,2.320613701709699,0.047148005315963415,0.5611768815121772,0.027902869620915108,1.3282169211775938,0.11616161851584267,0.0014312498942506875,-1.3716842993270533,0.007235881051935425,0.765
1998-04-30,1868.41,7.532843080786613,0.017672816735779584,0.017672816735779584,6.554599625519203,0.9782434552674095,2.2733710216259175,0.04599812485211182,0.48226892773085933,0.023746082891383212,1.3675237219418603,0.11762728703211617,0.0019425052180271495,-1.3004115796727798,0.007272516048523572,0.9
1998-05-31,1778.87,7.483733610234643,-0.04910947055196946,0.04910947055196946,6.567678126538495,0.9160554836961481,1.8782729849143516,0.04134174171465599,0.12213898224595142,0.022678536268029795,1.3796387359216193,0.11936352706426337,0.0023807705939713646,-1.2384147383883055,0.007296370468733108,0.9
1998-06-30,1894.74,7.546836904937084,0.06310329470244103,0.06310329470244103,6.580750717557397,0.9660861873796875,2.0954574854752424,0.044152116319646474,0.37067141506049606,0.022317933492524585,1.385394688424828,0.12106854544990464,0.0028651286770396585,-1.1700702992214562,0.007344846163543031,0.9
1998-07-31,1872.39,7.5349709686724955,-0.011865936264588761,0.011865936264588761,6.593882145741996,0.9410888229304994,1.9111877715467975,0.03680362809995227,-0.2223655019909255,0.020639152069695337,1.4014137134352458,0.12243390371085262,0.0032530370920522975,-1.1130829024615507,0.007361510297197959,0.9
1998-08-31,1499.25,7.312720262048619,-0.22225070662387658,0.22225070662387658,6.605394951123875,0.7073253109247437,0.6478771676824088,0.05498449392314941,1.3247926600294353,0.013905745998060819,1.457425902480414,0.12292076081811995,0.0037411917607895317,-1.0434662351990989,0.007434388207595955,0.675
1998-09-30,1693.84,7.434753419747681,0.12203315769906187,0.12203315769906187,6.617682630916132,0.8170707888315487,1.2148366654433698,0.06014326406443896,1.7716595046385977,0.009258841393760991,1.4955904173577952,0.12322934616494297,0.004256475962438,-0.9706597695768102,0.007536851649912761,0.675
1998-10-31,1771.39,7.479519828107206,0.044766408359524945,0.044766408359524945,6.630455890706471,0.8490639374007349,1.36032229051599,0.05919270704406965,1.6560625083517873,0.008135153581690835,1.5048191855196018,0.12339210905696059,0.0046514980090472495,-0.9104059453116049,0.007582828325044052,0.675
1998-11-30,1949.86,7.575512854108623,0.09599302600141701,0.09599302600141701,6.644272257289392,0.9312405968192303,1.7576558018736292,0.06683000610682684,2.2304978716478243,0.007907818960279912,1.5066895231791835,0.12343834896294843,0.005114535118541985,-0.8426897039124691,0.007685742181258922,0.675
1998-12-31,2192.48,7.692788602197891,0.1172757480892681,0.1172757480892681,6.658846756531323,1.0339418456665674,2.231528994127826,0.07501558547044056,2.7866167893204836,0.00899986610446779,1.4978447141885751,0.12347710392948917,0.00562501524625983,-0.7706388673020442,0.007840116369512944,0.75
1999-01-31,2505.89,7.826399239839782,0.1336106376418913,0.1336106376418913,6.674110839552714,1.152288400287068,2.7304465302337397,0.0835887648566717,3.284547527320411,0.011095191322256216,1.4809356672990366,0.12363739179871533,0.006175543573062813,-0.6959997917703664,0.008047222346289169,0.75
1999-02-28,2288.03,7.73544646430184,-0.09095277553794201,0.09095277553794201,6.688650274540919,1.0467961897609213,2.139720552772569,0.08373177688338222,3.136485818247548,0.011964165474150723,1.4740262171000016,0.12382810056214796,0.0066968050369833965,-0.6247629236106037,0.008256429660069365,0.75
1999-03-31,2461.4,7.8084855727382365,0.07303910843639638,0.07303910843639638,6.703653689206129,1.1048318835321078,2.3492539157918753,0.08680609055367976,3.195330031562966,0.012703893036975219,1.4681839479220684,0.12402221295493879,0.0072070608916619885,-0.5553712089835322,0.008481841103352667,0.75
1999-04-30,2542.85,7.841040778232154,0.03255520549391733,0.03255520549391733,6.718510794198472,1.1225299840336822,2.356221936900753,0.0880462896168579,3.1220969579158386,0.013596615807969248,1.4611383593656062,0.12423997994451377,0.00775385934754147,-0.48526827465238165,0.00876588175099703,0.75
1999-05-31,2470.52,7.812183933780258,-0.02885684445189618,0.02885684445189618,6.732772599629986,1.0794113341502714,2.0929730426778623,0.08635857077518512,2.8775015912889312,0.014186986772090411,1.4565505108564423,0.1244500325153937,0.008283071938413874,-0.41782434286038084,0.009062700485473234,0.75
1999-06-30,2686.12,7.895853052183523,0.08366911840326541,0.08366911840326541,6.747937746326865,1.1479153058566585,2.334322218814002,0.08807238941692049,2.864466488587072,0.015217496021805244,1.4484721717073852,0.12471382098801319,0.008770074803396376,-0.3537708511280895,0.009349032121939414,0.75
1999-07-31,2638.52,7.877973432881425,-0.01787961930209825,0.01787961930209825,6.762607053497995,1.1153663793834294,2.1248746935730014,0.08857352967004628,2.77895650169006,0.01545793743721823,1.4467444674169405,0.12492884422145446,0.009255640053408575,-0.2913314215845987,0.009662808549036717,0.75
1999-08-31,2739.35,7.9154759449621395,0.037502512080714645,0.037502512080714645,6.777309001182676,1.1381669437794635,2.1623771913768803,0.07317784679144945,1.7878670132663685,0.015186363651049221,1.449061430574489,0.12505812085664833,0.009590810529458642,-0.23410769626312028,0.009859768034653396,0.675
1999-09-30,2746.16,7.917958851200042,0.0024829062379021494,0.0024829062379021494,6.7919679586955946,1.125990892504447,2.0522568428978563,0.06321532583635281,1.1600157903881956,0.014916650749244352,1.4512980781758857,0.1251249400323772,0.009825814318816925,-0.17942298368687454,0.009986123232918595,0.675
1999-10-31,2966.43,7.995114488589006,0.07715563738896414,0.07715563738896414,6.807580452504061,1.1875340360849451,2.247036517808453,0.06591442825547274,1.3008934408109205,0.017499470713261064,1.430904316169725,0.1255016494621092,0.010110445119533714,-0.12451573974490857,0.010189331680371269,0.75
1999-11-30,3336.16,8.11257572395921,0.1174612353702047,0.1174612353702047,6.824162649506075,1.2884130744531355,2.574804566352136,0.06770344570287172,1.3838865868744041,0.020868615989672084,1.4047594784705388,0.126266010507417,0.010361162752288612,-0.07077922857584595,0.010387170191201714,0.75
1999-12-31,4069.31,8.311228730894735,0.19865300693552435,0.19865300693552435,6.8424240742478935,1.4688046566468413,3.14928104638543,0.07448488394005974,1.7555145907527787,0.026599747673594052,1.3612433288202819,0.12786944899379749,0.010627551738687856,-0.01799976686244845,0.010629273589914683,0.75
2000-01-31,3940.35,8.279024830833917,-0.03220390006081786,0.03220390006081786,6.861164244709643,1.4178605861242737,2.8303071454470023,0.06603432247497028,1.2275207432459412,0.030459064263486647,1.3338349108428036,0.12975104951438568,0.010792285613368525,0.033821558032469556,0.01079846119258352,0.75
2000-02-29,4696.69,8.45461328427473,0.1755884534408132,0.1755884534408132,6.881169607474772,1.5734436767999584,3.2502566072926053,0.07308729563354288,1.6153627170721214,0.0373609201382237,1.2857959184820058,0.13288236857028793,0.010988517973514793,0.08438517831167618,0.011027758231832717,0.75
2000-03-31,4572.83,8.427887548245868,-0.026725736028861746,0.026725736028861746,6.900764547074384,1.5271230011714847,2.946013003488979,0.06922784793291499,1.361267417804482,0.04659342298297518,1.2255362802806091,0.13767058187821032,0.011042780599903861,0.13530210327799488,0.011144635594781988,0.75
2000-04-30,3860.66,8.258593432298658,-0.1692941159472099,0.1692941159472099,6.919248719192078,1.3393447131065805,2.216781585834671,0.08062275713735605,1.983007919467091,0.05150920371445985,1.199809677333379,0.14208058361414352,0.011126575436381144,0.18473469285862876,0.011319170921735228,0.75
2000-05-31,3400.91,8.131798321851992,-0.12679511044666647,0.12679511044666647,6.93593828679034,1.195860035061652,1.6789045157234752,0.0887842793035869,2.3787323028770473,0.05270300761625551,1.2004360031799315,0.14560798820422366,0.011210655231087231,0.23285133510328504,0.011521595469023295,0.75
2000-06-30,3966.11,8.28554104444902,0.1537427225970287,0.1537427225970287,6.953849345235796,1.3316916992132244,2.092573586603333,0.09462374631973385,2.6114791628649283,0.055217863890464854,1.1930840062688262,0.14972508262931888,0.011314500790908845,0.27903517006736284,0.011769734989171481,0.75
2000-07-31,3766.99,8.234031553056184,-0.05150949139283689,0.05150949139283689,6.971777312951587,1.262254240104597,1.8150755484202659,0.09742623566062873,2.6614432457195165,0.05500164618420184,1.203256240015298,0.1530711039201128,0.011367788587078423,0.3249272709717606,0.011995463865974313,0.675
2000-08-31,4206.35,8.344350567256054,0.11031901419987022,0.11031901419987022,6.991785866247219,1.352564701008835,2.075862913445816,0.10349427750389169,2.8589464301212337,0.05521511157564148,1.2104123550224388,0.15657928517087608,0.01144601334783708,0.36845283939084894,0.012269470167591272,0.75
2000-09-30,3672.82,8.20871503835691,-0.13563552889914376,0.13563552889914376,7.011507707479747,1.1972073308771636,1.535157085790007,0.1145903293923285,3.2538299097971426,0.05211617865793276,1.2368853808435185,0.15901661473482492,0.011564391026927499,0.4089713040220339,0.012603823494229427,0.675
2000-10-31,3369.63,8.122558225033927,-0.08615681332298308,0.08615681332298308,7.030874972603983,1.0916832524299442,1.1672285281153267,0.11534042738683008,3.1274320824890465,0.04666828839870331,1.2759894730238523,0.1606177200757357,0.011709853467427587,0.4468078193289461,0.012984531976898493,0.675
2000-11-30,2597.93,7.862470253064629,-0.26008797196929834,0.26008797196929834,7.047365550535921,0.8151047025287079,0.19797518852255816,0.12722598877008787,3.476912409448963,0.03522368121002134,1.349653794411811,0.16058613391401164,0.011912926697257914,0.48089981478519644,0.013436959427199007,0.675
2000-12-31,2470.52,7.812183933780258,-0.05028631928437122,0.05028631928437122,7.063102742525578,0.74908119125468,-0.05094318016929832,0.11486209813249178,2.8034972909972526,0.02309893841343702,1.4262177728694063,0.1603253536258709,0.011993712020257594,0.5177015804048555,0.013802392343796578,0.675
2001-01-31,2772.73,7.927587673403206,0.11540373962294836,0.11540373962294836,7.078946398562592,0.848641274840614,0.2913298356952051,0.12179541809600265,2.971077919263697,0.013045117428522964,1.4892241458473556,0.16009864632502296,0.012131370881036161,0.5506659741472008,0.014235753540744873,0.675
2001-02-28,2151.83,7.674073921878777,-0.25351375152442923,0.25351375152442923,7.091929407480973,0.5821445143978039,-0.6823692461975103,0.128289192936304,3.0965688104656532,-0.001349872309922532,1.5792531953491469,0.15962035965985544,0.01230605028392548,0.5806302656090818,0.014718094548900676,0.75
2001-03-31,1840.26,7.517662144968338,-0.1564117769104385,0.1564117769104385,7.103088539296752,0.4145736056715865,-1.2907767192282233,0.13909636300976871,3.3493650318687664,-0.019312434885558265,1.6921132293500156,0.15958113565671608,0.012626703630367851,0.6036708962264826,0.01533749339865285,0.75
2001-04-30,2116.24,7.6573962080965465,0.13973406312820824,0.13973406312820824,7.115370756507129,0.5420254515894172,-0.8339954828619062,0.1366330252748519,3.1036797394249542,-0.03531419852590658,1.7939292910599896,0.1595862309456712,0.012918011530369266,0.6267980711843537,0.015949939273756406,0.75
2001-05-31,2110.49,7.654675426997635,-0.0027207810989118286,0.0027207810989118286,7.127270266080275,0.5274051609173593,-0.8910685180283602,0.1262934978292057,2.624270521942726,-0.0515855388688394,1.8990426337028457,0.16001298076252524,0.013117603079319414,0.652252543094586,0.016505972740679126,0.75
2001-06-30,2161.24,7.6784374100348005,0.023761983037165813,0.023761983037165813,7.13988051326284,0.5385568967719605,-0.8588944511443589,0.11546176953255045,2.1787172946027544,-0.06648637058738967,1.9983457287991229,0.1603464281213532,0.013200565441993528,0.6807675494092338,0.016987180145875646,0.75
2001-07-31,2027.13,7.614376278583947,-0.06406113145085346,0.06406113145085346,7.151511981253608,0.46286429733033874,-1.138557844773653,0.11650773953738518,2.160648939262524,-0.08161675581296997,2.1014340138595364,0.16127134278007613,0.013302687852874565,0.7071277171517873,0.017498218200187075,0.75
2001-08-31,1805.43,7.498554069542215,-0.11582220904173202,0.11582220904173202,7.161793842601248,0.3367602269409673,-1.5886386374375738,0.11696633910754033,2.1197777009897396,-0.09674208158092706,2.2068847253520505,0.16285081661332187,0.013357112539230546,0.7339306031647731,0.017988227537094306,0.75
2001-09-30,1498.8,7.3124200669195325,-0.18613400262268254,0.18613400262268254,7.170505586682117,0.14191448023741593,-2.2528250682906887,0.12117454525116855,2.197539721049062,-0.11281735842115438,2.318566250103269,0.16590657617443638,0.013376245641366944,0.7606857453502803,0.018466208193181205,0.75
2001-10-31,1690.2,7.432602144110382,0.12018207719084906,0.12018207719084906,7.1799680268835875,0.2526341172267941,-1.8289510328846925,0.12400998390682405,2.2243079685474463,-0.12737077692547336,2.4250188660850345,0.16891320556491782,0.013345258836109573,0.7879504004428358,0.018921399509907632,0.75
2001-11-30,1930.58,7.565575754887116,0.13297361077673475,0.13297361077673475,7.190836984620861,0.374738770266255,-1.3883065017058007,0.11341712047411041,1.8351302841171941,-0.13926205481772613,2.5233738064774283,0.17089212278697896,0.013222117527759153,0.8172916912785896,0.019324962491283355,0.75
2001-12-31,1950.4,7.575789758727007,0.010214003839890573,0.010214003839890573,7.200853302577169,0.37493645614983784,-1.374606990497783,0.11007776085373704,1.6920130594773026,-0.14945813832617558,2.6184184033247515,0.1725371195229866,0.01303604758538985,0.8475515485568185,0.019697251505814018,0.75
2002-01-31,1934.03,7.567361187785382,-0.008428570941624969,0.008428570941624969,7.210330962419827,0.3570302253655546,-1.420505399058161,0.10116316346362675,1.3843336934338806,-0.15801403433073702,2.7110097860945293,0.17388588305106426,0.012729529925987412,0.8809507640727514,0.02000183623961019,0.75
2002-02-28,1731.49,7.456737588486498,-0.11062359929888377,0.11062359929888377,7.218709942325872,0.2380276461606261,-1.8036153122819296,0.08925565077816462,0.9938811992155243,-0.16640079783135142,2.804458857046265,0.1763268285894038,0.012256417865429615,0.9193245044464463,0.020213189418055888,0.85
2002-03-31,1845.35,7.520424240380517,0.06368665189401845,0.06368665189401845,7.22801978585177,0.2924044545287465,-1.5941933246265425,0.08152855702679629,0.740118676366128,-0.17214161079616327,2.8942834246104594,0.17754343721018934,0.011712436891514357,0.9589663308322969,0.020391923725058145,0.85
2002-04-30,1688.23,7.431435921798077,-0.08898831858243916,0.08898831858243916,7.236941883461923,0.19449403833615442,-1.898201697815333,0.07729974498131553,0.5988132756528916,-0.1789234721007431,2.9850916763133215,0.1811372047869904,0.01108799783821044,1.000377989737533,0.020533930142135986,0.85
2002-05-31,1615.73,7.387542145913834,-0.0438937758842437,0.0438937758842437,7.245403696875395,0.14213844903843853,-2.03550845121549,0.08073082788009318,0.695758815221911,-0.1845613964061069,3.0737317652684673,0.18498717520772945,0.010459802719009845,1.0404905921414105,0.02067983893533221,0.85
2002-06-30,1463.21,7.288387931389004,-0.09915421452482942,0.09915421452482942,7.2533540564701,0.03503387491890475,-2.336033942755145,0.08701351383739848,0.8786473646787982,-0.18982163258756907,-3.123161180040064,0.1898538801804063,0.009851360312640948,1.0783817210162623,0.020838193798235552,0.85
2002-07-31,1328.26,7.191625094005893,-0.09676283738311131,0.09676283738311131,7.2602475450575605,-0.06862245105166753,-2.5933522853387854,0.08973865599841997,0.9485258606884207,-0.19492968298440172,-3.0400510233215594,0.19593894947542173,0.009236279668089703,1.1152509786933895,0.020993829526476417,0.85
2002-08-31,1314.85,7.1814778696645005,-0.01014722434139248,0.01014722434139248,7.267314383702593,-0.08583651403809256,-2.5709590423661997,0.08093240727339168,0.6630581440539359,-0.19980598881680844,-2.96075470313245,0.20311816988890893,0.008535445459316756,1.1546054039220623,0.021112734980256818,0.85
2002-09-30,1172.06,7.066518163365811,-0.11495970629868957,0.11495970629868957,7.27312952144931,-0.2066113580834994,-2.8382163569273806,0.07500121591305893,0.4696804714858718,-0.20605612627029354,-2.887612704806739,0.21288547188833043,0.007782538490068969,1.1950939843788886,0.021210105167340423,1.0
2002-10-31,1329.75,7.192746233622427,0.12622807025661587,0.12622807025661587,7.279689415213546,-0.0869431815911188,-2.407516674725087,0.0755050486685395,0.4767656524048583,-0.2108064957495479,-2.8173076432527,0.2223981575683312,0.006982403398633891,1.2366236737718759,0.021288613405243236,1.0
2002-11-30,1478.78,7.298972702491713,0.106226468869286,0.106226468869286,7.286504874353967,0.01246782813774594,-2.0652126421159887,0.07327612017625211,0.3999935870490562,-0.21375081142405136,-2.7489742176702574,0.23135448354559673,0.0061048856075224265,1.2806755152074267,0.021340680612033515,1.0
2002-12-31,1335.51,7.197068520354255,-0.10190418213745822,0.10190418213745822,7.2921665180826505,-0.09509799772839589,-2.3090375648427197,0.08091696836771607,0.6274985679802153,-0.2168607549880424,-2.6858582607761106,0.24150970712094855,0.005293600085195638,1.32089921452348,0.021405211127238925,0.85
2003-01-31,1320.91,7.186076171996967,-0.010992348357287796,0.010992348357287796,7.297502314499721,-0.11142614250275429,-2.2875981396357754,0.08113061648568798,0.6230082094327061,-0.21970098679305736,-2.6270356847887064,0.2523816768141228,0.004450818364801105,1.3618363635883624,0.021455662352090496,0.85
2003-02-28,1337.52,7.1985724319293904,0.012496259932423648,0.012496259932423648,7.303253159516223,-0.10468072758683267,-2.2086979546469845,0.07295333820514964,0.35905938266261883,-0.22157734970145943,-2.570882005696723,0.2633069533894779,0.003528253114215446,1.4058282028198925,0.021484801119078575,1.0
2003-03-31,1341.17,7.201297646313274,0.002725214383883845,0.002725214383883845,7.308790335613613,-0.10749268930033828,-2.158488488810604,0.06787321841263842,0.19228863640136476,-0.22247245501738325,-2.517148738998117,0.2742211850824456,0.002542242330113248,1.452272767891068,0.02149955915616653,1.0
2003-04-30,1464.31,7.289139420739559,0.08784177442628494,0.08784177442628494,7.315413507448545,-0.026274086708985678,-1.9017328978300512,0.06777767306629223,0.18143359043255944,-0.22166330935662196,-2.4640413054286987,0.28450833159659294,0.001528672267499966,1.4996581634228812,0.02150691414458759,1.05
2003-05-31,1595.91,7.375199385442279,0.08605996470272004,0.08605996470272004,7.322275215945755,0.05292416949652434,-1.663054368720997,0.07129152213449859,0.2841456960087874,-0.218745597127533,-2.4104880154027586,0.29384018997901734,0.0005277235143806624,1.5462595364613336,0.02150959697422969,1.05
2003-06-30,1622.8,7.391908331332292,0.016708945890012927,0.016708945890012927,7.329234632405541,0.06267369892675134,-1.6094153824880388,0.06442108308159722,0.060691507022748024,-0.21453751646159377,-2.358246265220444,0.3027812641381196,-0.0005250797750149768,1.5952123441875887,0.021507682458636553,1.05
2003-07-31,1735.02,7.4587742196920415,0.06686588835974927,0.06686588835974927,7.336742982733532,0.12203123695850948,-1.435135405461358,0.061929670662983716,-0.025278987135866817,-0.2069535144742477,-2.3021208213049285,0.3098774368006923,-0.0016137892815378289,1.6459095870124778,0.021504961662931376,1.05
2003-08-31,1810.45,7.501330712143873,0.042556492451831573,0.042556492451831573,7.344167181755744,0.1571635303881287,-1.326071626814951,0.0646304430055203,0.05299488535051703,-0.1966036765466585,-2.243395641663661,0.31556494279214187,-0.002660686177775686,1.6948917358521784,0.021495778413593958,1.05
2003-09-30,1786.94,7.488259938770342,-0.013070773373531352,0.013070773373531352,7.351261048964445,0.1369988898058967,-1.3561302846755912,0.05613969859509046,-0.2229238126549605,-0.18538631694521923,-2.1865720878712738,0.32096415234747,-0.003743124223612463,1.7458651157005827,0.021490486062437236,1.05
2003-10-31,1932.21,7.566419704517693,0.07815976574735117,0.07815976574735117,7.358827912495013,0.2075917920226802,-1.162946903189369,0.052134006552651734,-0.35639230470831385,-0.17036815577676184,-2.123663449252953,0.32443082731882256,-0.00481561730187925,1.79686861445527,0.02148376185094913,1.05
2003-11-30,1960.26,7.580832396488148,0.01441269197045525,0.01441269197045525,7.366785493038088,0.21404690345006028,-1.1326474013496501,0.04448285847774917,-0.6064757760361041,-0.15465926865309734,-2.0625104242987766,0.3275724459483185,-0.005904730228625951,1.8492262450113401,0.02148374805149499,1.1025
2003-12-31,2003.37,7.602586041522268,0.021753645034119806,0.021753645034119806,7.374680519075963,0.2279055224463047,-1.0846083111325469,0.03780364705247097,-0.8242847217371786,-0.13719256066827518,-1.9997610985180574,0.3298456355370878,-0.007050422803351707,1.9047837074128593,0.021507474779772086,1.1025
2004-01-31,2066.15,7.633442251109864,0.03085620958759616,0.03085620958759616,7.382582233398239,0.25086001771162536,-1.0152592554803594,0.03945896882166333,-0.7752884241874498,-0.11776571081659168,-1.9343334864711967,0.33119102029082237,-0.008142853533113038,1.9588082183351607,0.021522078449846997,1.1025
2004-02-29,2029.82,7.615702398153681,-0.017739852956182744,0.017739852956182744,7.390419815834924,0.22528258231875764,-1.0648983696952923,0.03989593490697659,-0.7667192443430351,-0.09695539699801695,-1.867298522514116,0.331838080555031,-0.009218047400385407,2.013003522527528,0.021540745676449972,1.1025
2004-03-31,1994.22,7.598008275428747,-0.017694122724934758,0.017694122724934758,7.3986418117476624,0.19936646368108413,-1.115575256110133,0.0411433439353975,-0.7309340963011113,-0.07582867801103033,-1.8011853738745163,0.33206298771526593,-0.01023610331025783,2.065844391334982,0.021546336935862623,1.1025
2004-04-30,1920.15,7.560158586970228,-0.037849688458518216,0.037849688458518216,7.4066578290397365,0.1535007579304919,-1.2126097564466647,0.03697733677141694,-0.8700709472238823,-0.05477807106931737,-1.736608237486392,0.3318813826114737,-0.011215287793136347,2.118241653560084,0.02154682795174986,1.1025
2004-05-31,1986.74,7.594250383461705,0.03409179649147642,0.03409179649147642,7.4149420608099055,0.1793083226517993,-1.1373020515392886,0.03264665608714664,-1.015723778881679,-0.031984449016702665,-1.6675610712080637,0.33105463916420796,-0.0122059422247757,2.172252802549821,0.021571216072086632,1.1025
2004-06-30,2047.79,7.624516441839409,0.030266058377704574,0.030266058377704574,7.423816237512791,0.20070020432661817,-1.0757282640593202,0.033776415461120944,-0.9828269391724963,-0.009180654065572239,-1.5986364353222637,0.32980618979624376,-0.013151792987518236,2.2257797805500994,0.021590538834694493,1.1025
2004-07-31,1887.36,7.542934306186857,-0.08158213565255235,0.08158213565255235,7.431821505823987,0.11111280036286963,-1.275340965638205,0.03500276940218786,-0.9462435310483268,0.012799335093384816,-1.5317778204835926,0.3281156710524552,-0.014047982897877702,2.278776130456097,0.02160229772827475,1.05
2004-08-31,1838.1,7.516487708399718,-0.02644659778713887,0.02644659778713887,7.439120071392828,0.07736763700689053,-1.3369460372438366,0.03366027818013014,-0.9926006713164858,0.032319792381853285,-1.4714226752735275,0.32577093511723787,-0.014961583039394622,2.333611623015841,0.02165334798432104,1.05
2004-09-30,1896.84,7.547944622677305,0.031456914277586456,0.031456914277586456,7.4466949400630655,0.10124968261423906,-1.263780312286521,0.0351924565888014,-0.9469346829646287,0.05222767120753459,-1.408420957299008,0.3230655179154305,-0.015824471661037915,2.3879994751845017,0.021700101897906266,1.05
2004-10-31,1974.99,7.588318614031264,0.04037399135395958,0.04037399135395958,7.4544635648128805,0.13385504921838365,-1.172618538238514,0.03204364205601876,-1.0533452653113433,0.07238586786042356,-1.3426856299449808,0.3200966071071042,-0.01662468367566214,2.4416887160825036,0.02173433813641845,1.05
2004-11-30,2096.81,7.648172421169896,0.059853807138631865,0.059853807138631865,7.463027725601366,0.18514469556853008,-1.0423174449101553,0.03583040165336682,-0.9338263336272908,0.09307571798935978,-1.2728797679336177,0.3170918754596634,-0.017333028402139787,2.494004804577549,0.021733079892685258,1.05
2004-12-31,2175.44,7.684986221913706,0.036813800743810354,0.036813800743810354,7.471879808084398,0.2131064138293084,-0.968544876849052,0.03708541462917436,-0.8992243597382958,0.11313931911392106,-1.2019979592548504,0.31384447549696515,-0.017979666875745166,2.5459575032513446,0.021720021246548805,1.05
2005-01-31,2062.41,7.631630480893106,-0.053355741020600256,0.053355741020600256,7.480251873634913,0.1513786072581933,-1.1005829429157297,0.0389603755819247,-0.8459974938684034,0.12927440707575966,-1.1392523949896132,0.30906655464204935,-0.018618422977081592,2.598927174018909,0.02174197978258821,1.05
2005-02-28,2051.72,7.626433744738491,-0.005196736154615245,0.005196736154615245,7.488166275206927,0.13826746953156377,-1.1179375151837811,0.037915115848460745,-0.8872229848364397,0.1438308548670226,-1.0774059456397211,0.3036875301087901,-0.019186171079069538,2.651409086360742,0.021746951806994843,1.05
2005-03-31,1999.23,7.600517385410555,-0.0259163593279359,0.0259163593279359,7.495621554560819,0.10489583084973564,-1.1796315020114179,0.03860030223204417,-0.8729656245282382,0.15699063970500915,-1.0156149694085739,0.2978398899067327,-0.019703016187137976,2.7039114930193033,0.02175357530206509,1.05
2005-04-30,1921.65,7.560939470970553,-0.03957791444000236,0.03957791444000236,7.502478112697275,0.05846135827327803,-1.2677165876081156,0.03874432106383452,-0.8759066394125246,0.16807234080849198,-0.9555048037643461,0.2911873338320165,-0.0201588289685813,2.7562761274369914,0.021753830432664264,1.05
2005-05-31,2068.22,7.634443612948775,0.07350414197822275,0.07350414197822275,7.5097462513699025,0.1246973615788729,-1.10293400652493,0.042028683187730044,-0.773242472878184,0.17837546924507441,-0.8932777255537173,0.28455318197085977,-0.020514520627626598,2.8079647321327976,0.021711692090628218,1.05
2005-06-30,2056.96,7.628984443669038,-0.005459169279736997,0.005459169279736997,7.516329947042295,0.11265449662674332,-1.1143030012774253,0.039961442429566084,-0.8486127620212403,0.18682960620275496,-0.8315936693834881,0.2773191560584016,-0.020823847398421337,2.859880725308129,0.021678389363353107,1.05
2005-07-31,2184.83,7.689293301299203,0.06030885763016425,0.06030885763016425,7.522832769890142,0.16646053140906059,-0.9793892024493482,0.03818866926103374,-0.9112587227506015,0.19452469451155205,-0.7674605076492957,0.27029475079146026,-0.02107323008418515,2.911846804474662,0.02164188568801808,1.05
2005-08-31,2152.09,7.674194741968516,-0.015098559330686712,0.015098559330686712,7.529053926567475,0.1451408154010405,-1.0124252159397065,0.037242999389662725,-0.9473992051998406,0.20067238952266692,-0.7027209665678376,0.2629746420126067,-0.02120944804151589,2.9634465004237867,0.0215505086456343,1.05
2005-09-30,2151.69,7.6740088588605735,-0.00018588310794243057,0.00018588310794243057,7.535084536003669,0.13892432285690415,-1.0113618828513122,0.03463708012552572,-1.0377007468993429,0.20631143362530718,-0.6348311233993988,0.25623279225634726,-0.021338007188504378,3.0155600130349387,0.021508604967573945,1.05
2005-10-31,2120.3,7.659312867088505,-0.014695991772068595,0.014695991772068595,7.541051985368926,0.11826088171957849,-1.0418779831267106,0.03249724682703481,-1.1114803394551092,0.20948041611881701,-0.5680845380037941,0.24851369864888173,-0.021447307945327256,3.067909785080733,0.021505660428371473,1.05
2005-11-30,2232.82,7.711020639544948,0.0517077724564432,0.0517077724564432,7.547266580821945,0.1637540587230033,-0.9278831003212511,0.03181841060351909,-1.135855995939048,0.21082100170184617,-0.5009322642252233,0.24035176635902716,-0.021539964895796793,3.1203084493870135,0.02154484480580333,1.05
2005-12-31,2205.32,7.698627902067927,-0.012392737477020965,0.012392737477020965,7.553433951290725,0.14519395077720176,-0.955170662013433,0.029783321997953305,-1.2048641132717015,0.2099080094356551,-0.43399773148524334,0.23135663081312752,-0.02160062670468965,-3.1106121345753075,0.02161099691222057,0.9450000000000001
2006-01-31,2305.82,7.7431916405404015,0.04456373847247441,0.04456373847247441,7.559911919211407,0.1832797213289945,-0.8595425909553022,0.02905065511894282,-1.228778708269659,0.20773145783809224,-0.3654192124203415,0.2224167360178033,-0.02154832528039584,-3.058299746753508,0.021623289964544403,0.9450000000000001
2006-02-28,2281.39,7.7325401853107625,-0.010651455229639062,0.010651455229639062,7.565990117724452,0.16655006758631075,-0.883458515343461,0.02950521504186147,-1.2132926319099393,0.2028475964045416,-0.2971324328967543,0.21214373838250833,-0.02146697929478881,-3.0062041410297824,0.021665238621468498,0.9450000000000001
2006-03-31,2339.79,7.757816460734807,0.025276275424044314,0.025276275424044314,7.572269110090338,0.1855473506444687,-0.8301424351692085,0.02945187471653717,-1.216739794834489,0.19637075520253897,-0.22729809618543517,0.2015549886396565,-0.021343728059867464,-2.954353021482542,0.021723413946040895,0.9450000000000001
2006-04-30,2322.57,7.750429610169209,-0.007386850565597847,0.007386850565597847,7.577838144629666,0.17259146553954263,-0.8454823509175566,0.026769286060336794,-1.305060749536488,0.1881721234009385,-0.15568443636944437,0.19047580714396553,-0.021196515054499508,-2.9030121762519165,0.021814421178919463,0.9450000000000001
2006-05-31,2178.88,7.686566262294602,-0.0638633478746069,0.0638633478746069,7.582512622074315,0.10405364022028696,-0.9789757669437589,0.02596588655170214,-1.3274922802407658,0.17708006013752497,-0.08224467495609449,0.17768065402474562,-0.02100337571547507,-2.852035998802145,0.021915714714513944,0.9450000000000001
2006-06-30,2172.09,7.683445116659448,-0.0031211456351538658,0.0031211456351538658,7.587562040287612,0.09588307637183657,-0.9814593850865955,0.02577105124798688,-1.330752969383747,0.16471515794694017,-0.0051766511689173185,0.16471736496670408,-0.020750795322999116,-2.8012555796176617,0.02201343762837607,0.9450000000000001
2006-07-31,2091.47,7.645622447006968,-0.03782266965248038,0.03782266965248038,7.593065040118927,0.05255740688804078,-1.059403275384133,0.023897202249846556,-1.387968387983999,0.15228776091888466,0.07604172677496523,0.1527291143410074,-0.020506241577281446,-2.7518036277512894,0.02216916747400887,0.9450000000000001
2006-08-31,2183.75,7.688798861448267,0.04317641444129894,0.04317641444129894,7.598470876747913,0.09032798470035353,-0.9636535768633445,0.026237023509064244,-1.3026262796088057,0.13931274774248492,0.162125097607664,0.1411639023099511,-0.0201990431942195,-2.7025459512965915,0.02231550605938606,0.9450000000000001
2006-09-30,2258.43,7.722425160591753,0.033626299143485916,0.033626299143485916,7.603555567728583,0.11886959286316934,-0.8886695353206004,0.029023724845359533,-1.2022751645746081,0.1277217039138109,0.2504322399154485,0.13183422056933408,-0.0198326582508702,-2.6535009713378885,0.022454709112379078,0.9450000000000001
2006-10-31,2366.71,7.769256084052828,0.046830923461075535,0.046830923461075535,7.60906734278469,0.1601887412681382,-0.7882063490617981,0.03170163581944344,-1.1080030199098398,0.11591584927879438,0.34311522310704334,0.1230906551207285,-0.019379944479051392,-2.604004431571744,0.02256246690635387,0.9450000000000001
2006-11-30,2431.77,7.796374666245388,0.027118582192559693,0.027118582192559693,7.6143336424272,0.1820410238181882,-0.7298271717822128,0.029652536630786486,-1.1694654399208642,0.10420891092458853,0.4395972746563104,0.1151577497327343,-0.018844417283998313,-2.5539957752481954,0.022642048488462657,0.9450000000000001
2006-12-31,2415.29,7.789574641693044,-0.006800024552344297,0.006800024552344297,7.619553467538169,0.17002117415487472,-0.7437337098830586,0.029186477220396762,-1.1777325872482114,0.09258226116856189,0.5400245299666863,0.10794297009765569,-0.018258732404099,-2.504186890150305,0.02271997364288943,0.9450000000000001
2007-01-31,2463.93,7.8095129151589555,0.019938273465911927,0.019938273465911927,7.624384991192899,0.18512792396605615,-0.6997154455654417,0.027134355136516557,-1.2347215980545552,0.07915141783902936,0.6559501890562451,0.09987954410288838,-0.017698582801351077,-2.4566304738831812,0.022853306681069347,0.9450000000000001
2007-02-28,2416.15,7.789930643220159,-0.01958227193879658,0.01958227193879658,7.629492590170485,0.16043805304967407,-0.740641392964789,0.027878589862279684,-1.198851896378115,0.06397850741110292,0.7942675614132085,0.09129256314038492,-0.01709255000466866,-2.4093867234035993,0.022983077867544603,0.9450000000000001
2007-03-31,2421.64,7.792200275575713,0.0022696323555537745,0.0022696323555537745,7.635194270713533,0.15700600486217997,-0.7370483416654974,0.025961369606572138,-1.247073565683638,0.048680335600783706,0.9493780872856434,0.08361605614494026,-0.016435409964365703,-2.362237638199046,0.023103981617361907,0.9450000000000001
2007-04-30,2525.09,7.8340319846385995,0.0418317090628868,0.0418317090628868,7.640982287312921,0.19304969732567834,-0.650246932610192,0.028831774481346217,-1.1420855658029065,0.03471088316502911,1.1076894998063456,0.07769994313665202,-0.015714107002152512,-2.314688576509857,0.023205998996723196,0.9450000000000001
2007-05-31,2604.52,7.865003676172848,0.030971691534248613,0.030971691534248613,7.646153517440083,0.21885015873276537,-0.5849478851689924,0.026090803119649692,-1.2166858540921024,0.0215772372249022,1.2712525309857932,0.07312226966282433,-0.014944801348877797,-2.267152525409929,0.02329932070108902,0.9450000000000001
2007-06-30,2603.23,7.864508260676181,-0.0004954154966672064,0.0004954154966672064,7.651075795776084,0.21343246490009715,-0.5858195275513018,0.025871992274775806,-1.209561540220508,0.008475420127703418,1.4488181122190151,0.06965566663952169,-0.014140959288776147,-2.219994046176576,0.02339098023497861,0.9450000000000001
2007-07-31,2546.27,7.842384822198435,-0.022123438477746227,0.022123438477746227,7.654979980500596,0.18740484169783844,-0.6293713630237645,0.024563723010214627,-1.2364725097449167,-0.0049182248787883,1.6436820642211156,0.06753834553192081,-0.013264949042732977,-2.1718131989885108,0.02345779729230623,1.05
2007-08-31,2596.36,7.861865743093945,0.01948092089551068,0.01948092089551068,7.659080508872118,0.20278523422182726,-0.585085761654882,0.022589098548065605,-1.2847129179235584,-0.01817854595437207,1.845403161080593,0.06703781739584257,-0.012379397493786333,-2.124716718267221,0.02353383829895636,1.05
2007-09-30,2701.5,7.901562453284121,0.03969671019017529,0.03969671019017529,7.663010777195193,0.23855167608892724,-0.49733432891243395,0.02309496613528972,-1.25461683648551,-0.029738267059876117,2.0265176132718796,0.06757006226273787,-0.0114114223739094,-2.0759445900040454,0.02358037898685756,1.05
2007-10-31,2859.12,7.958269164159216,0.056706710875094934,0.056706710875094934,7.667881710547261,0.29038745361195417,-0.37622364030753513,0.023917948419791335,-1.2138505035639708,-0.034396399780407066,2.121763623315285,0.06570322018186023,-0.010606503584924149,-2.034610025815752,0.023708987694055723,1.05
2007-11-30,2660.96,7.88644223892183,-0.07182692523738599,0.07182692523738599,7.672117874211949,0.21432436470988048,-0.5292181754022122,0.02764364367352686,-1.0864554497152947,-0.038608478845278474,2.217879962075032,0.06404196697861382,-0.009779559785073434,-1.993686610878518,0.023829462552991756,1.05
2007-12-31,2652.28,7.88317492642632,-0.0032673124955096,0.0032673124955096,7.676485550236889,0.20668937618943062,-0.535020167031456,0.02734925100212397,-1.0851056423677932,-0.04351718564944656,2.32764749298138,0.06337740538707383,-0.008962800642691567,-1.9543218467864432,0.023952399446931373,1.05
2008-01-31,2389.86,7.778990065803975,-0.104184860622345,0.104184860622345,7.6797289150482495,0.0992611507557255,-0.7542937389660243,0.034369799931826726,-0.8605697366796577,-0.0501536420323976,2.4578452704248397,0.06469676792523711,-0.008011379242285075,-1.9107536740856177,0.024025953468633468,1.05
2008-02-29,2271.48,7.7281868804061284,-0.05080318539784656,0.05080318539784656,7.681805281387819,0.04638159901830985,-0.8541615324071121,0.03697154272008089,-0.7745780699092114,-0.057941978517855416,2.5940430655245903,0.06786342374587176,-0.007004204070511333,-1.865930662720074,0.024080321349669424,1.05
2008-03-31,2279.1,7.731535907177285,0.0033490267711568933,0.0033490267711568933,7.683608328413872,0.04792757876341369,-0.8363370415325712,0.03706149225471448,-0.7679304639230077,-0.06526244577421253,2.7188301046447543,0.07156291655828781,-0.0059832909171733594,-1.8213941946553471,0.024127807848327774,1.05
2008-04-30,2412.8,7.788543177813637,0.057007270636352025,0.057007270636352025,7.685739162555763,0.10280401525787397,-0.7037720552408278,0.03832612238583658,-0.725767206154965,-0.0710832828109852,2.828475874898609,0.07471611907866314,-0.004924032350121303,-1.776023637099244,0.024162321364643184,1.05
2008-05-31,2522.66,7.8330691793539815,0.04452600154034414,0.04452600154034414,7.688650292298425,0.14441888705555694,-0.6008186155986965,0.039455648219677876,-0.6899980191880103,-0.07503088468771792,2.925978840159396,0.07680938647180385,-0.003856429794175888,-1.730902399083884,0.024189932773539122,1.05
2008-06-30,2292.98,7.737607560621872,-0.09546161873210934,0.09546161873210934,7.690240047762464,0.04736751285940777,-0.7994711804362578,0.047369498489298056,-0.4454583285327632,-0.08087753892527244,3.0211134632909107,0.08146808831170743,-0.0027433260245590804,-1.6843746510547433,0.024205614043226867,1.0
2008-07-31,2325.55,7.75171184918554,0.014104288563667744,0.014104288563667744,7.6920462217667405,0.05966562741879944,-0.758785347525162,0.04670123599645818,-0.4695095536407993,-0.08544201207821034,3.107479136731885,0.08549175199942255,-0.0016251284629451245,-1.6379596526837146,0.02421486557935451,1.0
2008-08-31,2367.52,7.769598272754224,0.017886423568683973,0.017886423568683973,7.695853538522621,0.0737447342316031,-0.7158767076855094,0.04656836121922262,-0.47110929288059933,-0.08856438648817566,-3.0955828814641695,0.08865821017919397,-0.0004918611132568917,-1.5911081207553526,0.024217207842316693,1.0
2008-09-30,2082.33,7.64124273805581,-0.12835553469841354,0.12835553469841354,7.697574282841855,-0.05633154478604485,-0.9862769269005378,0.053956596594909145,-0.23991702103638812,-0.09361142648047224,-3.023976747000063,0.09426266658566786,0.0007004937845728088,-1.5418640853865497,0.024214906540461503,1.0
2008-10-31,1720.95,7.450631742913262,-0.1906109951425483,0.1906109951425483,7.6973335487985715,-0.24670180588530943,-1.3806823079780437,0.06511528695053026,0.10514152915126605,-0.10087223617528546,-2.9629180794714176,0.10250408907919036,0.0021952144025210027,-1.4800900451899253,0.024234567780387323,1.0
2008-11-30,1535.57,7.336656926598218,-0.1139748163150438,0.1139748163150438,7.695343082735986,-0.3586861561377681,-1.5956118723918329,0.06862761120700174,0.2137497366658733,-0.10878491834533256,-2.90910159705919,0.11179264700179548,0.003733246712577352,-1.4163986052226951,0.024275751144848496,1.0
2008-12-31,1577.03,7.363298610244365,0.026641683646146497,0.026641683646146497,7.692597332803039,-0.3292987225586739,-1.50544972338453,0.07057547546955482,0.2755027146832557,-0.1159017324757961,-2.8582409449942667,0.12071540680966816,0.0053147008696768396,-1.3507245759328914,0.024345898015395925,1.0
2009-01-31,1476.42,7.297375517528464,-0.06592309271590047,0.06592309271590047,7.688188801783778,-0.39081328425531403,-1.6144771395905533,0.06738699481068444,0.180960363998639,-0.12413119279742005,-2.8143883638230998,0.13108601706163256,0.006849364922019178,-1.2865949756163637,0.02442791193327454,1.0
2009-02-28,1377.84,7.228272334527491,-0.06910318300097362,0.06910318300097362,7.683962350702326,-0.4556900161748354,-1.7244082438321529,0.06891199461094503,0.23268350752483216,-0.13259068768919563,-2.7742870551886765,0.14206678407377019,0.008419131359160456,-1.2206998344850495,0.024546399173945826,1.0
2009-03-31,1528.59,7.33210102085359,0.1038286863260991,0.1038286863260991,7.67999247943662,-0.34789145858302994,-1.466945970796027,0.07728529957385688,0.49703626542689805,-0.13873633152496445,-2.7307311514935493,0.15133049744517518,0.010038258816721764,-1.1525572130027504,0.024715523769557803,1.0
2009-04-30,1717.3,7.4485085689898165,0.11640754813622678,0.11640754813622678,7.6767213776929335,-0.228212808703117,-1.1887263230871883,0.08223532269884644,0.6538762511363915,-0.1428877764836707,-2.6848862574013985,0.1592046935535175,0.011645378710934302,-1.0844987629317304,0.024917582055802447,0.85
2009-05-31,1774.33,7.481178165863018,0.03266959687320181,0.03266959687320181,7.673962996293624,-0.19278483043060568,-1.0950424847201858,0.08124728897658458,0.6249021028220169,-0.14630721453452705,-2.6404115317990144,0.16682394193559974,0.01319987168966547,-1.017878039447405,0.025134334630857243,0.85
2009-06-30,1835.04,7.514821558616212,0.03364339275319406,0.03364339275319406,7.67078773384723,-0.15596617523101752,-0.9999911957252332,0.0760957701450083,0.4677625713333752,-0.14786025618185375,-2.593699080330165,0.1732148110638169,0.014702967000815555,-0.9524925882405788,0.025365084545202855,1.0
2009-07-31,1978.5,7.590094260825479,0.07527270220926674,0.07527270220926674,7.668388740746763,-0.07829447992128369,-0.8129026742147901,0.08119313794880822,0.6304459033273409,-0.1479770591008302,-2.5460169215854225,0.17875389284201615,0.01619303093797245,-0.8870372460616778,0.025633584458761294,0.85
2009-08-31,2009.06,7.605422229973745,0.01532796914826573,0.01532796914826573,7.665804959788527,-0.06038272981478254,-0.759951456869408,0.08097993341377337,0.6210745393085242,-0.1475417117395523,-2.500071310220502,0.18415406435923365,0.017633653579919938,-0.8225875168852252,0.025919376531288583,0.8925
2009-09-30,2122.42,7.660312226073515,0.054889996099769967,0.054889996099769967,7.663657904579138,-0.003345678505623617,-0.6161008223788228,0.07485780519721974,0.4256489795387698,-0.14549062965105622,-2.4520551960856816,0.18857163873025587,0.01899037097336705,-0.7599502247846092,0.026198301883376917,1.05
2009-10-31,2045.11,7.623206856761338,-0.037105369312176784,0.037105369312176784,7.660558674313908,-0.03735181755256978,-0.6840660170845599,0.062065669711355444,0.02563784950106799,-0.14261116418747963,-2.404533041648439,0.19260117941182126,0.020172462047045713,-0.7011004667489289,0.02639915792800673,1.05
2009-11-30,2144.6,7.670708333786045,0.047501477024707306,0.047501477024707306,7.656876446062465,0.013831887723580572,-0.5505598699450327,0.05652622477049407,-0.14512426768296613,-0.1381648047806395,-2.354611122178255,0.19570465845138232,0.02127296302580662,-0.6433569512248418,0.026588329376855704,1.05
2009-12-31,2269.15,7.727160591012582,0.05645225722653624,0.05645225722653624,7.652009211563448,0.07515137944913342,-0.3872163865829712,0.05901043923552655,-0.06323591723665101,-0.1319626882907981,-2.3013031746272583,0.19777180107524261,0.02235246436737968,-0.585305920886363,0.026816206500521387,1.05
2010-01-31,2147.35,7.671989802757645,-0.055170788254936376,0.055170788254936376,7.646950586329479,0.025039216428166533,-0.5041219698630854,0.058114413863779545,-0.08928565757346144,-0.12448583877770986,-2.2460946486456868,0.19913586097388503,0.023336668204493198,-0.5284431414478012,0.027022759974236088,1.05
2010-02-28,2238.26,7.713454057280449,0.04146425452280411,0.04146425452280411,7.64077425943786,0.07267979784258927,-0.3655029369071425,0.05581116982393208,-0.15712068677237856,-0.11604565413713466,-2.189837587638363,0.19999092612514688,0.024224312953536553,-0.47260351297447467,0.027206524202753917,1.05
2010-03-31,2397.96,7.782373654881198,0.06891959760074862,0.06891959760074862,7.635394976993154,0.1469786778880442,-0.13390752648253068,0.05290207909681954,-0.24419002517001343,-0.10620959330467174,-2.1302917829657124,0.20010901886621416,0.025018015458483815,-0.4175792385583105,0.02736981154597545,1.05
2010-04-30,2461.19,7.80840025179941,0.02602659691821252,0.02602659691821252,7.631643367155659,0.17675688464375128,-0.01771684735671868,0.04537033316198502,-0.4717707388443608,-0.09482536491026332,-2.066218170447454,0.199463194744324,0.02569042458606321,-0.3635850882363099,0.027487329662288403,1.05
2010-05-31,2257.04,7.721809499301165,-0.08659075249824522,0.08659075249824522,7.628226793634402,0.09358270566676286,-0.25982833282460316,0.04986376279740531,-0.3213413304792451,-0.08592398620439569,-2.0152626221719476,0.19983433473719867,0.026298106270340526,-0.3097691521895228,0.027612344332674583,1.05
2010-06-30,2109.24,7.654082972012807,-0.06772652728835826,0.06772652728835826,7.622964643030768,0.031118328982039145,-0.4560686070409788,0.05270402400866899,-0.2218987835189563,-0.07787542272083005,-1.969883179075638,0.20041175779482656,0.026869755457657307,-0.25587707446952634,0.0277740310965642,1.05
2010-07-31,2254.7,7.720772205392467,0.06668923337965982,0.06668923337965982,7.618687481800237,0.1020847235922302,-0.1878338194454597,0.051988734939535076,-0.2339097400552033,-0.06751065187733032,-1.915018636809711,0.200052479141193,0.027353748832176842,-0.20241031198941223,0.027923817009569172,1.05
2010-08-31,2114.03,7.656351357436397,-0.06442084795606995,0.06442084795606995,7.61295415505174,0.04339720238465716,-0.3994907543982212,0.056079808173518764,-0.09180444671453947,-0.05563659627791752,-1.8539727438922586,0.19912387236460893,0.02772362100095021,-0.14944488757830027,0.028036114886371016,1.05
2010-09-30,2368.62,7.770062786058213,0.1137114286218166,0.1137114286218166,7.609298719615918,0.16076406644229557,0.1216631974096914,0.06098159421702265,0.08104577637339012,-0.04003465596213553,-1.775147376672597,0.197281376171324,0.027993516597962995,-0.0967768083159321,0.028125120267316943,1.05
2010-10-31,2507.41,7.827005626868915,0.056942840810701334,0.056942840810701334,7.6068357812978755,0.22016984557103925,0.4507512604538975,0.0626347168418997,0.15133447435785727,-0.022720980832742845,-1.687414759266157,0.19527413064740232,0.02819618043060487,-0.04426149784793526,0.028223822283030647,1.05
2010-11-30,2498.23,7.823337760105931,-0.00366786676298414,0.00366786676298414,7.606509677189886,0.21682808291604427,0.48063718249118775,0.058981915986756096,0.050595807795721426,-0.006985137175961246,-1.6069032977117175,0.1934987898145892,0.028232910303596915,0.008095507538804744,0.02823383548240278,1.05
2010-12-31,2652.87,7.88339735180635,0.06005959170041919,0.06005959170041919,7.607103122340104,0.27629422946624604,0.8315419793900118,0.059282527192913013,0.07762611942676972,0.008882517097116856,-1.524473850256847,0.1918225276176064,0.02816889560961567,0.06048398881779509,0.02822049958366301,1.0
2011-01-31,2700.08,7.901036681183101,0.01763932937675161,0.01763932937675161,7.606881864071602,0.29415481711149916,1.008681308795574,0.056154905619730945,-0.011178671389019562,0.02307705426167006,-1.4490972353012723,0.19009276894385535,0.027992579922048025,0.11303745637343972,0.028172374140809503,1.0
2011-02-28,2782.27,7.931022420254331,0.029985739071229922,0.029985739071229922,7.6090231015580665,0.32199931869626486,1.2029087869703163,0.0551983626654331,-0.024007395660811982,0.03591402708731414,-1.3788011741039818,0.18821112837816129,0.02768566864073468,0.1659969740961588,0.028071536904050027,1.0
2011-03-31,2781.07,7.930591024719056,-0.0004313955352754917,0.0004313955352754917,7.612464175555988,0.3181268491630682,1.1934436899398952,0.04949101249331034,-0.2108218829827515,0.04725832744650426,-1.3139810027155527,0.18605522462790106,0.0272274434242072,0.2197353216993169,0.02789825198897378,1.0
2011-04-30,2873.54,7.963299998157156,0.03270897343810031,0.03270897343810031,7.615013373806493,0.3482866243506635,1.4002321754495857,0.050047877203300985,-0.16969084619144564,0.05858399961241589,-1.2467848131170638,0.18401121898747372,0.026720541229868264,0.27356067032137577,0.02775251730521465,1.0
2011-05-31,2835.3,7.9499030306691205,-0.01339696748803565,0.01339696748803565,7.617473603837088,0.33242942683203225,1.3414421699802763,0.043948395119116856,-0.393932395411206,0.06844889783866145,-1.1843390658873374,0.18160574272579788,0.026120858821528745,0.32790105457899027,0.027590890201802085,1.0
2011-06-30,2773.52,7.927872550574391,-0.0220304800947293,0.0220304800947293,7.619552230008252,0.3083203205661391,1.2367114352639494,0.04014039118631444,-0.5358094488847256,0.0784252790680822,-1.1185389659015754,0.17946408926456547,0.02537986181595789,0.38351784213265716,0.027368038938397555,1.05
2011-07-31,2756.38,7.921673503615777,-0.006199046958614396,0.006199046958614396,7.622113040216851,0.29956046339892595,1.2087627813818818,0.03509954231789399,-0.736434964209793,0.08683822334807967,-1.0575123876996055,0.17684528456961898,0.024527065731075257,0.440270005753346,0.027112616355225577,1.05
2011-08-31,2579.46,7.8553353536832935,-0.06633814993248333,0.06633814993248333,7.625086217584693,0.23024913609860054,0.7930432233628203,0.03525931748259511,-0.7224103457143565,0.09279781192116653,-1.0054205693959095,0.173216486402299,0.023672724149509154,0.4964241371775891,0.026922504462904995,1.05
2011-09-30,2415.4,7.789620183841275,-0.06571516984201864,0.06571516984201864,7.629062885225708,0.16055729861556678,0.3610101223304092,0.031259629250945276,-0.8978426704811142,0.09703852625894599,-0.9588262947901582,0.16891509502896193,0.022788585822714695,0.5523035218809255,0.026768586360349813,1.05
2011-10-31,2684.41,7.895216243504384,0.10559605966310937,0.10559605966310937,7.632918002720658,0.26229824078372665,0.9890113667761675,0.03531406415531261,-0.7119876937155402,0.10196207307154737,-0.9064449522862035,0.16537556803228654,0.021884906357982317,0.6075944942757853,0.02665563352592466,1.05
2011-11-30,2620.34,7.871059359327982,-0.024156884176401938,0.024156884176401938,7.635463699424332,0.23559565990364995,0.8387687521415892,0.03702148227309743,-0.6234372044668735,0.10653536168660124,-0.8530438409336942,0.16198334302270506,0.020969522295888207,0.6620060191576287,0.026585403912399563,1.05
2011-12-31,2605.15,7.865245534103608,-0.005813825224374014,0.005813825224374014,7.637875830885803,0.22736970321780525,0.80288478521649,0.032501001733426994,-0.8455815095492122,0.10862887703291915,-0.8083435502322934,0.15727423251847655,0.019908584367185345,0.7187477695251427,0.026451991176908975,1.05
2012-01-31,2813.84,7.942305377493503,0.07705984338989502,0.07705984338989502,7.641000365800038,0.301305011693465,1.276733009425776,0.03745271123452228,-0.5808208906851811,0.11058923961990087,-0.7621043452846662,0.15287749786852742,0.018866334651977092,0.7738402121449637,0.02637792025241708,1.05
2012-02-29,2966.89,7.995269545117533,0.05296416762402956,0.05296416762402956,7.645488132105297,0.3497814130122361,1.5660889303995007,0.03936758028058892,-0.4662368625390985,0.11261909559863957,-0.7134695160717142,0.14894818924822376,0.01783579045403677,0.8273125942172395,0.02635092074979972,1.0
2012-03-31,3091.57,8.036434331472346,0.041164786354813465,0.041164786354813465,7.649788216197728,0.3866461152746181,1.7794850742509565,0.042762029515550415,-0.26922133331349457,0.11570644357821981,-0.6583197141708749,0.1462747457963036,0.01679461737927304,0.8797178854986384,0.026349930876772124,1.0
2012-04-30,3046.36,8.021702714258742,-0.014731617213604054,0.014731617213604054,7.654707106134901,0.36699560812384124,1.6318452117936448,0.04126391649684239,-0.33835961489705996,0.11882698905413536,-0.6009639402597496,0.14406922028302285,0.015668886832611625,0.9332999371105293,0.026326058852599366,1.0
2012-05-31,2827.34,7.947091619298096,-0.07461109496064644,0.07461109496064644,7.659370018413102,0.28772160088499366,1.1293713975822406,0.04636509378622663,-0.04097749586939433,0.12011142909310712,-0.548391981823742,0.1407505375798967,0.014564791489161762,0.9848824400436595,0.026339632711618374,1.0
2012-06-30,2935.05,7.984479767892218,0.03738814859412187,0.03738814859412187,7.665170783717296,0.3193089841749215,1.3003846594393385,0.04764489949450934,0.050320221157438824,0.12224516581264298,-0.49108393374268944,0.13862790480543813,0.013447964588675542,1.035553423717664,0.02636597382675003,1.0
2012-07-31,2939.52,7.986001581697374,0.001521813805156036,0.001521813805156036,7.671790587781391,0.3142109939159825,1.2475973561771045,0.047255130065054475,0.04955090410159262,0.12351199648642532,-0.4347490118076605,0.13618003791606523,0.012307302417644024,1.0857433904435314,0.026396065233713174,1.0
2012-08-31,3066.96,8.028442121968558,0.04244054027118427,0.04244054027118427,7.6788486232172595,0.3495934987512985,1.4369389009407088,0.045263662593279554,-0.05105799606443534,0.12560484648639741,-0.37454996032820315,0.13496140127392064,0.011126942463047712,1.1360890746401795,0.02642069864275474,1.0
2012-09-30,3116.23,8.044379216846856,0.015937094878298197,0.015937094878298197,7.6869974653296005,0.3573817515172557,1.4658633781145733,0.041115489679636186,-0.2861593231509881,0.1269674094878771,-0.3147028085030948,0.13352503608164548,0.00985870466252028,1.188408265151399,0.02642113096117342,1.0
2012-10-31,2977.23,7.998748617017011,-0.04563059982984541,0.04563059982984541,7.69371415185789,0.305034465159121,1.1272264427503151,0.03611836802686419,-0.5764355957861842,0.12656249579198123,-0.2569821976153624,0.1308597473802799,0.008517110130365008,1.2423866653740403,0.026406524847362892,0.9450000000000001
2012-11-30,3010.24,8.009775088783586,0.011026471766575341,0.011026471766575341,7.699637505076988,0.31013758370659783,1.139142744143422,0.03502416699271197,-0.6307642824957057,0.12471066808105007,-0.20013565190518828,0.12725063933085062,0.007115386277945307,1.2977331490984003,0.026384320027358944,0.9450000000000001
2012-12-31,3019.51,8.012849845549063,0.0030747567654767494,0.0030747567654767494,7.706435682786945,0.30641416276211775,1.0986778070529293,0.03479591128780387,-0.6332531689580949,0.12193842190676783,-0.14293006325936639,0.12319465305876356,0.005744907156169998,1.3512412594962335,0.026377542160818623,0.9450000000000001
2013-01-31,3142.13,8.05265619288008,0.03980634733101773,0.03980634733101773,7.71365718296097,0.33899900991911025,1.2776339883245638,0.03169145328289743,-0.8197861339513829,0.11900972633597406,-0.08438501044588403,0.11943471119562396,0.0043522832544163285,1.4049994299760695,0.026371344545362222,0.9450000000000001
2013-02-28,3160.19,8.058387431355706,0.005731238475625844,0.005731238475625844,7.7208223079561895,0.33756512339951694,1.2490151220233694,0.027755375853863784,-1.059853760801229,0.11645873405286396,-0.024358188852141447,0.1164932913234443,0.0029037034436024604,1.460426147505555,0.02636225774314744,0.9450000000000001
2013-03-31,3267.52,8.091786566367173,0.033399135011466186,0.033399135011466186,7.72824304895664,0.36354351741053303,1.3861083653563395,0.027108238241918176,-1.0856253386196737,0.11366287797820572,0.03696123230878813,0.11374056148359636,0.0014553073264691279,1.5155553698732045,0.026358119620132337,0.9450000000000001
2013-04-30,3328.79,8.110364153578663,0.01857758721149061,0.01857758721149061,7.735086588396966,0.3752775651816975,1.4314051527233094,0.027428735741742056,-1.0488105117076878,0.11155934146997165,0.09881916668065283,0.11210626779691031,5.479791710407319e-06,1.5705884282629323,0.02635801079548344,0.9450000000000001
2013-05-31,3455.91,8.14784108791819,0.03747693433952648,0.03747693433952648,7.741525269250931,0.40631581866725863,1.5882551783672791,0.024334222356648727,-1.2368861728719334,0.10880914021554475,0.1623771284987506,0.110259518777823,-0.0015022575188202807,1.6278064213621726,0.02636500780256833,0.9450000000000001
2013-06-30,3403.25,8.132486136392583,-0.015354951525607063,0.015354951525607063,7.747696750959767,0.38478938543281593,1.4304758837486122,0.02249812260093916,-1.3371087174017722,0.10540533585559701,0.2280599201034899,0.10820715931150479,-0.002998579013096081,1.684717847407617,0.02637846487397692,0.9450000000000001
2013-07-31,3626.37,8.195987426925313,0.06350129053273079,0.06350129053273079,7.753840194353377,0.4421472325719362,1.7372907651238774,0.027663078994903723,-0.9774028728380156,0.10273543326438858,0.292551434836763,0.10729424011719585,-0.004423619824477228,1.739228811142352,0.02638805250857695,0.9450000000000001
2013-08-31,3589.87,8.185871269127501,-0.010116157797812164,0.010116157797812164,7.759544698994907,0.426326570132594,1.612083641331582,0.024969380455456047,-1.1395433973577476,0.0987262044335979,0.36169998131080133,0.10555603769497984,-0.005874135375707195,1.7951014866557649,0.02640903768993017,0.9450000000000001
2013-09-30,3771.48,8.235222776349756,0.04935150722225501,0.04935150722225501,7.76576938930807,0.4694533870416864,1.8232736150707585,0.027753914817452447,-0.9372558208757928,0.0947897080361469,0.43103527102361133,0.1043326287713504,-0.00727945162392821,1.8498583147717111,0.02642710005972558,0.9450000000000001
2013-10-31,3919.71,8.273772950456047,0.038550174106291024,0.038550174106291024,7.771663999690889,0.5021089507651579,1.9662968215657848,0.027163879340489583,-0.961057946489815,0.09084597924647651,0.5004856083679868,0.10354592348175949,-0.008659088480903621,1.904364566796231,0.02644669444463363,0.9450000000000001
2013-11-30,4059.89,8.30891115863268,0.03513820817663316,0.03513820817663316,7.77773132270876,0.5311798359239202,2.0790794527658596,0.0291731907079944,-0.8160089325925655,0.0877139805633911,0.5654139708200124,0.10388136067563003,-0.009968409058394615,1.9571926032247426,0.02645172884106019,0.9450000000000001
2013-12-31,4176.59,8.337250403107802,0.028339244475121816,0.028339244475121816,7.783853525721972,0.55339687738583,2.1468034803927685,0.03127856468379816,-0.6708628007567157,0.08424233731368765,0.6312967512226374,0.10435552285779748,-0.011227815537288782,2.009236103922412,0.02644780362850404,0.9450000000000001
2014-01-31,4103.88,8.319688146657032,-0.01756225645076981,0.01756225645076981,7.7895722415182,0.5301159051388327,1.9749418169829873,0.029424890443777496,-0.7867148574693646,0.07964827010146906,0.7028101346008486,0.10438435198117738,-0.012473232171315757,2.061847868699273,0.026451365151843917,0.9450000000000001
2014-02-28,4308.12,8.368256893041535,0.04856874638450215,0.04856874638450215,7.795843528975598,0.5724133640659366,2.146219861935826,0.03299468276951719,-0.545153250109402,0.07568342910419508,0.7687609865569562,0.1052953673673419,-0.013635788220329905,2.1128757947900585,0.02643012291626471,0.9450000000000001
2014-03-31,4198.99,8.342599299161948,-0.025657593879586216,0.025657593879586216,7.802048454173375,0.5405508449885739,1.9313643656018809,0.03234955434186052,-0.582253862304002,0.07198376273734107,0.8309758043818124,0.10677622217668459,-0.01479091301548873,2.164886769390952,0.026423892187390458,0.9450000000000001
2014-04-30,4114.56,8.322287181513268,-0.020312117648680683,0.020312117648680683,7.8083995257945675,0.5138876557187002,1.7534354230556168,0.032494098544959694,-0.5696090851451359,0.06776928383615856,0.8946851225178781,0.10829839123079175,-0.015883898368476545,2.2162577398653935,0.0264042010336197,0.9450000000000001
2014-05-31,4242.62,8.352936281917556,0.03064910040428792,0.03064910040428792,7.814721908281699,0.5382143736358564,1.836787499902694,0.031925112383689815,-0.6067192568373551,0.06362614677930281,0.9553817451504708,0.11021387023109282,-0.016899481624299644,2.266683738659555,0.026361500061205433,0.9450000000000001
2014-06-30,4408.18,8.391217184844766,0.03828090292721065,0.03828090292721065,7.821111081140077,0.5701061037046893,1.951290067398189,0.03383560833382345,-0.4803746885435253,0.0603576099007854,1.0068339805697448,0.11291523048737058,-0.017877415473172786,2.317435137538956,0.026322229887534947,0.9
2014-07-31,4369.77,8.382465655125598,-0.00875152971916826,0.00875152971916826,7.828107175714566,0.5543584794110323,1.8287826835173948,0.02927312826602657,-0.7775913906739201,0.056100628662830485,1.063193669328269,0.11541354438186993,-0.0188593546802249,2.369670870748148,0.026318872644893705,0.9450000000000001
2014-08-31,4580.27,8.429513227335697,0.04704757221009892,0.04704757221009892,7.835715721705699,0.5937975056299978,1.9712992050584954,0.032350746133717134,-0.5734341945298703,0.051150637965542985,1.1219179094422531,0.11787074348971292,-0.019767908944704586,2.4213698846644527,0.02629904474850721,0.9450000000000001
2014-09-30,4493.39,8.410362706994631,-0.019150520341066013,0.019150520341066013,7.842902539075011,0.5674601679196201,1.8008899142313248,0.029833997226951386,-0.7353905618881973,0.04539914042693612,1.1836788883578584,0.12025601928637104,-0.020625946965471445,2.473195577965852,0.026281250123670254,0.9450000000000001
2014-10-31,4630.74,8.440471961523095,0.03010925452846358,0.03010925452846358,7.8500038169707755,0.590468144552319,1.8656072478517491,0.02913058726213243,-0.7792897850800719,0.03935103657508314,1.2444510230605843,0.12274821370917352,-0.02143031128122627,2.5251203776052833,0.026265110965500618,0.9450000000000001
2014-11-30,4791.63,8.47462592479425,0.03415396327115516,0.03415396327115516,7.856890929500978,0.6177349952932714,1.9456554511312856,0.0290485668533426,-0.7793478472561602,0.033952429381840954,1.2970029430143817,0.12557046953365125,-0.022178771591679008,2.5771357352497315,0.026250818187333862,0.9450000000000001
2014-12-31,4736.05,8.462958733940544,-0.011667190853705378,0.011667190853705378,7.86337403376787,0.5995847001726746,1.820496842292983,0.027659229051557894,-0.8629675650358558,0.027811959687132147,1.3523320219804433,0.12832497459056152,-0.022859248155767068,2.62904567082657,0.02622982532247533,0.9450000000000001
2015-01-31,4635.24,8.441443256594695,-0.02151547734584902,0.02151547734584902,7.870122473565383,0.5713207830293126,1.655943307883803,0.027988664126147828,-0.8330145698215731,0.02071421003047102,1.4119815907993603,0.13097992992506927,-0.023456369056194956,2.680646656528529,0.02618973622403214,0.9450000000000001
2015-02-28,4963.53,8.509872460133602,0.06842920353890669,0.06842920353890669,7.877484462860341,0.6323879972732609,1.8858101688185045,0.029643702222348207,-0.718955078935564,0.013406651457146198,1.4703031568282803,0.1336333944981311,-0.024002899165736776,2.7325358970254245,0.026161300638416263,0.9450000000000001
2015-03-31,4900.88,8.497170059810768,-0.01270240032283354,0.01270240032283354,7.884956568480344,0.612213491330424,1.7553689300858353,0.028564102759285486,-0.7819154482467834,0.0049047865640385584,1.5347792083555254,0.13620876346603944,-0.02446853386087439,2.784280091172876,0.026118152232309302,0.9450000000000001
2015-04-30,4941.42,8.50540801826902,0.008237958458250816,0.008237958458250816,7.892827139707832,0.6125808785611877,1.7183507569532865,0.027557922826749664,-0.8388332290172591,-0.004466595825230731,1.6029916036125813,0.13875847612578907,-0.024888712876630102,2.8363594741189275,0.026094899929899554,1.05
2015-05-31,5070.03,8.531102013727486,0.02569399545846629,0.02569399545846629,7.900299293047653,0.6308027206798323,1.757440073725083,0.02714499741459786,-0.8549593814624146,-0.01423287060400155,1.6717123109998493,0.1412765030337443,-0.025259503808996973,2.888666469689549,0.02608956079395204,1.05
2015-06-30,4986.87,8.514563737430134,-0.016538276297351828,0.016538276297351828,7.907679120495662,0.6068846169344715,1.6200338296871155,0.025333111862109625,-0.9604443183965815,-0.02591211592927225,1.751693057786789,0.14402681719026147,-0.025601253531241364,2.941290873408644,0.02612355272549251,1.05
2015-07-31,5128.28,8.542525599293949,0.02796186186381533,0.02796186186381533,7.914789389645619,0.6277362096483303,1.6730114144893191,0.026933972874163548,-0.8488229865732558,-0.038573622664861994,1.8363144767466346,0.1469979277085985,-0.025892404806478485,2.9939560148575497,0.026177173382825027,1.05
2015-08-31,4776.51,8.471465433291039,-0.07106016600291021,0.07106016600291021,7.921433312073306,0.5500321212177326,1.3221440821276333,0.02893502235689782,-0.7144984394553487,-0.052917666514850525,1.9299349576934905,0.15056185493558377,-0.026068446550620815,3.046352209813337,0.02618712513095756,1.05
2015-09-30,4620.16,8.43818461551074,-0.03328081778029812,0.03328081778029812,7.9278014433787245,0.5103831721320162,1.137715199138641,0.030112547143500496,-0.6358917522074277,-0.06826621179391978,2.0278044552757426,0.154705614783803,-0.026177807161027276,3.098736225639203,0.0262018656134156,1.05
2015-10-31,5053.75,8.52788582095498,0.08970120544423921,0.08970120544423921,7.935039551327612,0.5928462696273682,1.453274345509809,0.03507854305314847,-0.31969126136462284,-0.08197994713045295,2.115377196408106,0.1582442282095666,-0.02616710419881653,-3.1320770096799864,0.02616828892617322,1.0
2015-11-30,5108.67,8.538694375348,0.01080855439301942,0.01080855439301942,7.941936832459303,0.596757542888696,1.4423784141072886,0.03313309231330382,-0.4450948030919935,-0.09574497598167445,2.2031943857720115,0.1619829006585357,-0.02609142823654566,-3.079653778846612,0.026141557258626047,1.0
2015-12-31,5007.41,8.518674094338017,-0.0200202810099821,0.0200202810099821,7.948770550728222,0.5699035436097954,1.3091844840624471,0.033829183159660214,-0.40313684019787577,-0.1094866322556412,2.2912595597179912,0.16595600810465444,-0.025941499008362724,-3.0271651213317496,0.026112265119322478,1.0
2016-01-31,4613.95,8.436839602090673,-0.08183449224734396,0.08183449224734396,7.954550950407807,0.4822886516828664,0.9390105721122006,0.038855767734784795,-0.08626777907667399,-0.12433694569413294,2.384411432156619,0.1710803727379381,-0.02568065242846231,-2.974363765204743,0.026043970893119116,1.0
2016-02-29,4557.95,8.4246282400219,-0.012211362068773823,0.012211362068773823,7.960318350863733,0.46430988915816673,0.8537677605178674,0.03417094761227372,-0.39029435029733367,-0.1395134532969206,2.4787169305404535,0.1769968084934163,-0.025379749670588314,-2.9216786436126743,0.02600607447330627,1.0
2016-03-31,4869.85,8.490818414780925,0.06619017475902567,0.06619017475902567,7.966426700480784,0.5243917143001413,1.0805569311316063,0.03862826214862306,-0.10865719307195353,-0.15298166416156048,2.567696479079794,0.18216611709967886,-0.02495264271460691,-2.8683285833198466,0.025914185088045553,1.0
2016-04-30,4775.36,8.471224642743103,-0.019593772037822532,0.019593772037822532,7.972433325752234,0.49879131699086887,0.9631336501613714,0.03957457994692071,-0.05470702640570814,-0.16730446880710498,2.659317895208753,0.1888435500382598,-0.02448075017484049,-2.8150815401326295,0.025846283434305062,1.0
2016-05-31,4948.05,8.506748838554289,0.03552419581118649,0.03552419581118649,7.9792681805543975,0.5274806579998916,1.0608517907186124,0.04039376330964739,-0.009539992947722262,-0.18087047553298716,2.749062261339328,0.19575911639915944,-0.02394828355205261,-2.761788525623449,0.025785853876404516,1.0
2016-06-30,4842.67,8.485221500498719,-0.021527338055570056,0.021527338055570056,7.985949650419724,0.499271850078995,0.9327942535230386,0.040809518456165574,0.009348316001827065,-0.1929716561039383,2.8361308567748837,0.2023382632887793,-0.0233267892672579,-2.7079890752042703,0.02570565130240271,1.0
2016-07-31,5162.13,8.549104563998641,0.06388306349992234,0.06388306349992234,7.993478668061322,0.555625895937319,1.1384761583058862,0.04380295192584116,0.19454554540886032,-0.201331861848777,2.9188299619943257,0.20643264219174615,-0.022631735169812223,-2.653845233876412,0.025619167260182193,1.0
2016-08-31,5213.22,8.55895298606446,0.009848422065818596,0.009848422065818596,8.000729952433124,0.5582230336313359,1.129631567241684,0.03870197326441686,-0.14682570480894702,-0.20918290945243237,3.0015731736796263,0.21125035803438497,-0.021942116594100967,-2.6008775194092077,0.02559322611991261,1.0
2016-09-30,5312.0,8.57772369115627,0.01877070509181067,0.01877070509181067,8.007857440187827,0.5698662509684436,1.1562672237342297,0.037492797207042905,-0.2314862039579955,-0.21654402660092492,3.083863321779132,0.21690536385576686,-0.02123675509231604,-2.548827346042231,0.025604992565871842,1.0
2016-10-31,5189.13,8.554321332050643,-0.023402359105627824,0.023402359105627824,8.01439965058781,0.5399216814628325,1.021665158979978,0.03196789334549196,-0.5956827616519369,-0.2227419262759026,-3.1179742672456454,0.22280406657994217,-0.020517372085307788,-2.4978353812663383,0.025651644210009764,1.05
2016-11-30,5323.68,8.57992007252454,0.025598740473897763,0.025598740473897763,8.020929195640136,0.5589908768844047,1.0798405343336894,0.03320040885223182,-0.517059010372562,-0.22787849804782379,-3.037751945618206,0.22911263696658107,-0.019755537364687326,-2.4472730100071893,0.025706980652437292,1.05
2016-12-31,5383.12,8.591023410714492,0.011103338189951018,0.011103338189951018,8.027607935381981,0.5634154753325102,1.0799243527276183,0.03245733028389589,-0.5685686175459355,-0.23114886502836074,-2.9582775600280886,0.23508781115488303,-0.01894202387675526,-2.3968755246914455,0.02576165930265841,1.05
2017-01-31,5614.79,8.633159466651247,0.04213605593675496,0.04213605593675496,8.034471656644417,0.5986878100068296,1.197905659160875,0.02914912725801348,-0.7889334858872443,-0.23310486513283,-2.8799844499912735,0.24131555679060462,-0.018145402541004503,-2.348474799360472,0.02586188876894573,1.05
2017-02-28,5825.44,8.669989812061852,0.03683034541060515,0.03683034541060515,8.04180548305143,0.6281843290104216,1.2897669974653136,0.031200709203166088,-0.6560454312741922,-0.23181615356769725,-2.800426612606985,0.24599397574859272,-0.017292833374723843,-2.300057277873799,0.025952794854428318,1.1025
2017-03-31,5911.74,8.684695483311842,0.014705671249990004,0.014705671249990004,8.049242943115898,0.6354525401959439,1.2947876864058139,0.02691033391074645,-0.9410953468282001,-0.22735380635687225,-2.7189926052929048,0.24928444095004554,-0.016475916783563825,-2.254258301100591,0.026090906768278705,1.1025
2017-04-30,6047.61,8.707418431653194,0.022722948341352023,0.022722948341352023,8.056521163507687,0.6508972681455063,1.3304097314934715,0.02717109860270724,-0.9221719829898146,-0.22123629334998338,-2.6379037643151193,0.2526081988737431,-0.015579790490479332,-2.2076067938453363,0.026200634245952644,1.1025
2017-05-31,6198.52,8.732065832860073,0.024647401206879138,0.024647401206879138,8.06374668148008,0.6683191513799933,1.3722265023288776,0.026264699052348295,-0.9823526510657241,-0.2146497250793373,-2.5597208296603613,0.25693157125629734,-0.01469147838942623,-2.162706435429594,0.026331306167053252,1.1025
2017-06-30,6140.42,8.722648422710542,-0.009417410149531236,0.009417410149531236,8.070897849497033,0.6517505732135085,1.2872240122926875,0.025255538393511728,-1.0484453898023014,-0.206917170559042,-2.483238174619385,0.2615893240740666,-0.013758619812373122,-2.1178361966418313,0.02645067645277742,1.1025
2017-07-31,6348.12,8.755913985059312,0.03326556234877032,0.03326556234877032,8.078510592520875,0.6774033925384373,1.3589754546090975,0.022704079964249058,-1.2148114828239085,-0.19852754956453106,-2.4097384374625386,0.26686084423236384,-0.012815041842478931,-2.0740074749507666,0.026573930731850468,1.1025
2017-08-31,6428.66,8.768521397380008,0.012607412320695843,0.012607412320695843,8.08606605630659,0.6824553410734175,1.3533705312290136,0.02293399581882216,-1.2000820398118524,-0.1881294115498151,-2.3357120672747955,0.2716763523128537,-0.011799528774555316,-2.0290863255964395,0.0266707124138658,1.1025
2017-09-30,6495.96,8.778935724187088,0.010414326807079988,0.010414326807079988,8.093377500230783,0.6855582239563045,1.34129806956083,0.022237630961761273,-1.2449285624413473,-0.1768599546915842,-2.2640791096091646,0.2767477391345867,-0.010749420899319143,-1.98420702554532,0.026757489877854854,1.1025
2017-10-31,6727.67,8.813984151698369,0.03504842751128123,0.03504842751128123,8.100508458460276,0.7134756932380935,1.419110913132651,0.023208136662232388,-1.179884072442422,-0.16239069575894616,-2.1879689710990093,0.2805975392310118,-0.009698000863531734,-1.940410196783679,0.02684527544027396,1.1025
2017-11-30,6873.97,8.835497093129089,0.02151294143071958,0.02151294143071958,8.108417248912003,0.7270798442170854,1.4414615355941651,0.022867653408634208,-1.196464333546649,-0.14603890426183916,-2.1108282980949213,0.28403208093197607,-0.008586902419960244,-1.8955447240353671,0.026912254854296547,1.1025
2017-12-31,6903.39,8.839767874282712,0.00427078115362356,0.00427078115362356,8.116388856810806,0.7233790174719061,1.401893322514211,0.02229827365560692,-1.2275678107338979,-0.1278188537613854,-2.0322885240170843,0.2870497323944887,-0.0074696826006143855,-1.851375859657308,0.026974877761897303,1.1025
2018-01-31,7411.48,8.9107854284412,0.07101755415848743,0.07101755415848743,8.125820484832783,0.7849649436084167,1.5905402560090158,0.024705065174084623,-1.0600436539223397,-0.10759354387252233,-1.9514342268484641,0.2896092598196134,-0.006287384224501485,-1.8056675086713632,0.02701721467457111,1.1025
2018-02-28,7273.01,8.891925515102034,-0.018859913339165146,0.018859913339165146,8.135518306788581,0.756407208313453,1.4609795685876021,0.02320752916813129,-1.1444600239926344,-0.08797503372859457,-1.8762491269265167,0.2925430880175782,-0.00512594967234597,-1.7613879889677595,0.027058451278087575,1.1025
2018-03-31,7063.44,8.862687463943164,-0.02923805115887035,0.02923805115887035,8.14494456976163,0.7177428941815336,1.300540910096652,0.024418560827204654,-1.0541181525539383,-0.06839097218682161,-1.8043921671264567,0.29545447605776876,-0.003917849675602451,-1.7159546531696444,0.02708520046865704,1.1025
2018-04-30,7066.27,8.863088038341058,0.00040057439789364935,0.00040057439789364935,8.153899110266027,0.7091889280750312,1.2481372991847886,0.02255836299858312,-1.1596083314662966,-0.04817633871764947,-1.7331301525794272,0.2980807202625957,-0.0027051900192119134,-1.6707705643273554,0.02710399872568324,1.1025
2018-05-31,7442.12,8.914911033474228,0.051822995133170124,0.051822995133170124,8.162914459050363,0.751996574423865,1.3737509376713835,0.024822995825774036,-1.0016510691491125,-0.025515774623840685,-1.6558901645916002,0.30021673062388693,-0.0014277081868002825,-1.6234824769305403,0.02711089934879439,1.1025
2018-06-30,7510.3,8.924030690698014,0.009119657223786604,0.009119657223786604,8.172801318467663,0.7512293722303518,1.3470033469636673,0.024798183081961984,-0.9879253122510993,-0.0031714041273171417,-1.5812936793948318,0.3021202101236588,-0.00017012831978692374,-1.577071518685117,0.02711143170144333,1.1025
2018-07-31,7671.79,8.945305243925873,0.021274553227858206,0.021274553227858206,8.182747930090498,0.7625573138353747,1.3621387848497672,0.023798932321885975,-1.0356532873319264,0.020131943648299577,-1.5044740879191736,0.3037700540149658,0.0011406071368484372,-1.5287054091134107,0.02710665533586315,1.05
2018-08-31,8109.54,9.00079642540217,0.05549118147629706,0.05549118147629706,8.1930079146959,0.8077885107062706,1.4916101554477603,0.02737257975151941,-0.7963068182504016,0.04825694843056909,-1.4123604993958674,0.30586157383788354,0.0023263409279613754,-1.484802929285967,0.027085923263738845,1.05
2018-09-30,8046.35,8.992973851439356,-0.007822573962814161,0.007822573962814161,8.204272340640761,0.7887015107985942,1.4026793097968693,0.02715660034783059,-0.796391776790153,0.07419778434346892,-1.3271185902969027,0.30752583600993744,0.003460593457678492,-1.442508595400103,0.027049382949535555,1.05
2018-10-31,7305.9,8.896437519881319,-0.09653633155803654,0.09653633155803654,8.216320722115494,0.6801167977658249,1.0142031127875284,0.03228059235172687,-0.45771469454185687,0.09753670604169938,-1.2489603595500238,0.30835913419117933,0.004635605257505006,-1.3983168321723156,0.027009990552476045,1.0
2018-11-30,7330.54,8.899804462017139,0.0033669421358197837,0.0033669421358197837,8.22934695157732,0.6704575104398192,0.9753608292672195,0.03076842574381855,-0.5420523857391932,0.1188827151819523,-1.1750117199836512,0.30835996780331854,0.005721358287299906,-1.3568294552566889,0.026944583768393413,1.05
2018-12-31,6635.28,8.80015614632804,-0.09964831568909815,0.09964831568909815,8.241320764378017,0.5588353819500238,0.5587011005123481,0.038716553621774764,-0.006990575439625705,0.13600880328406173,-1.1109214703452328,0.30643934470975054,0.006789038866480721,-1.3153318953054707,0.026866556052381,1.0
2019-01-31,7281.74,8.893125123621166,0.09296897729312548,0.09296897729312548,8.254618677762123,0.6385064458590435,0.8553025918218635,0.0405458388829946,0.1311932700306423,0.1516816404308492,-1.0479037572035257,0.3037348804251128,0.007781497489640461,-1.275746281730609,0.026760061058220486,1.0
2019-02-28,7532.53,8.92698625373798,0.03386113011681324,0.03386113011681324,8.268774627088877,0.658211626649102,0.9390211641108381,0.04179594028113195,0.23471948370049753,0.1684940863485259,-0.9782830756205437,0.301718690222731,0.008761361740210675,-1.2357196418086105,0.026643107137389814,1.0
2019-03-31,7729.32,8.952776168759838,0.02578991502185879,0.02578991502185879,8.28228025332143,0.6704959154384085,0.9929756452781002,0.04150859560304765,0.24277304154317703,0.1834581462490642,-0.9098188186791047,0.2988459007652578,0.009688718957620898,-1.1965474580730382,0.02650279398750095,1.0
2019-04-30,8095.39,8.999050042838803,0.046273874078964994,0.046273874078964994,8.29520143227017,0.7038486105686328,1.133668128135359,0.04533137057647026,0.5573431218191293,0.19745972897231032,-0.8397237654277461,0.29574516394521916,0.010610524213720466,-1.1564824831524618,0.026357495870746116,0.85
2019-05-31,7453.15,8.916392040802874,-0.0826580020359291,0.0826580020359291,8.307161547894669,0.6092304929082051,0.7141324776110889,0.04790095448503351,0.8003551061106876,0.20925253218558879,-0.7706271550921815,0.2916517512930939,0.011538236455797305,-1.1150407153133668,0.026214868488848443,0.85
2019-06-30,8006.24,8.987976516620064,0.07158447581718974,0.07158447581718974,8.319437839211368,0.6685386774086961,0.9771568669364777,0.05310635603448377,1.2544524732725861,0.2194266544887541,-0.7006773907235759,0.2870552588606787,0.012462980511104841,-1.0724442705848103,0.026074343883121787,0.75
2019-07-31,8175.42,9.008887370592534,0.020910853972470278,0.020910853972470278,8.331261115126093,0.677626255466441,1.0122376742148576,0.05307604776320144,1.3308109075389816,0.2287293587994105,-0.6279608131274015,0.28265159369861576,0.013348736334306522,-1.0298094546962944,0.025920772787108397,0.75
2019-08-31,7962.88,8.982546022446545,-0.026341348145988874,0.026341348145988874,8.342737146730034,0.6398088757165112,0.8250454049594226,0.05064689498567576,1.2127013718081507,0.2353658575975993,-0.5557760615384141,0.2770668435662056,0.0143055532160403,-0.9834793495337864,0.025816259347012663,0.75
2019-09-30,7999.34,8.98711431725866,0.00456829481211507,0.00456829481211507,8.353793830823243,0.6333204864354176,0.7833973087293281,0.05037570505645084,1.2590148503475789,0.24036470664185938,-0.4818057355605668,0.27124312547737583,0.01530366334693802,-0.9344528340577501,0.02575253213019097,0.75
2019-10-31,8292.36,9.023089887953338,0.03597557069467783,0.03597557069467783,8.365459522749843,0.6576303652034952,0.8963600717165104,0.04532897498450428,0.8270428991071732,0.24295142112238496,-0.40698640010122533,0.26456134599054565,0.0161951319608038,-0.8872577737658756,0.02564385074582044,0.85
2019-11-30,8665.47,9.067101441878936,0.04401155392559808,0.04401155392559808,8.37709613198395,0.6900053098949854,1.051854205977053,0.0487160259669858,1.1598886809543716,0.2425620959544774,-0.33156235112242016,0.2565342546222074,0.01705529269273161,-0.8394904336527095,0.025537908648356693,0.675
2019-12-31,8972.6,9.10193076812544,0.03482932624650381,0.03482932624650381,8.388552550126557,0.7133782179988835,1.1606705627699803,0.043314443513436274,0.6751586833789163,0.23770100359869575,-0.25634512798042713,0.24573071724908133,0.01776696403380762,-0.7943871725737998,0.025355221117743285,0.765
2020-01-31,9150.94,9.12161188523341,0.019681117107969825,0.019681117107969825,8.40063273414719,0.7209791510862207,1.1933034913100904,0.03720712183133997,0.10847088840161097,0.23197151148110629,-0.1771178637464844,0.23565824487101183,0.018449108376247695,-0.7484749093125065,0.02517867338168152,0.9
2020-02-29,8567.37,9.0557160800124,-0.06589580522100924,0.06589580522100924,8.411818251003288,0.6438978290091129,0.7716341438378918,0.03987667809002297,0.38800619437098377,0.22055288694818487,-0.09597762077957414,0.22157263451400594,0.01904382729853948,-0.7032231663984856,0.024966939048152746,0.9
2020-03-31,7700.1,8.948988594770432,-0.10672748524196862,0.10672748524196862,8.421540042169031,0.5274485526014008,0.12285909610073568,0.04662147560836546,1.0696336336037995,0.20621419163606958,-0.009487060994466862,0.2062234720687994,0.019674337840774908,-0.6554624437448366,0.024817328607455558,0.675
2020-04-30,8889.55,9.092631708554116,0.14364311378368377,0.14364311378368377,8.432241970975321,0.6603897375787948,0.8445909854306685,0.05473557891709202,1.8519832306359532,0.1955658557080865,0.08187679651150367,0.1962232098929279,0.02022332416434098,-0.6080685089735468,0.024639964448294596,0.675
2020-05-31,9489.87,9.157980192880009,0.06534848432589335,0.06534848432589335,8.444210060088478,0.7137701327915309,1.1339755920114762,0.05329311910792237,1.6992898776512626,0.1866359010132329,0.17565308263744642,0.18955261882706462,0.020636550933299837,-0.5621060399876703,0.024389207763151472,0.675
2020-06-30,10058.77,9.216200169776995,0.05821997689698577,0.05821997689698577,8.45722770340318,0.7589724663738142,1.390409954774926,0.05217941086457204,1.5912748754107937,0.17470125513233314,0.2757553344958245,0.18156065020702755,0.02093486589507071,-0.51691331181242,0.024081090267413806,0.675
2020-07-31,10745.27,9.282220936727406,0.0660207669504107,0.0660207669504107,8.470239776164304,0.8119811605631018,1.6876521408319323,0.05593857027940041,1.9469617268916084,0.16338680294489666,0.37707440165148964,0.17573276342395558,0.0211832873578156,-0.4710692198768643,0.023772504283270258,0.675
2020-08-31,11775.46,9.373772983938979,0.0915520472115734,0.0915520472115734,8.484551623051825,0.889221360887154,2.136165446187331,0.06137279520153246,2.4511700936680083,0.15051749378197637,0.4833212761597237,0.16998861202552018,0.021367891282972895,-0.4247947312882657,0.023452248562797557,0.675
2020-09-30,11167.5069,9.320763671090422,-0.053009312848557144,0.053009312848557144,8.497474130427095,0.8232895406633265,1.7223562370102747,0.06540954670456929,2.812663782283628,0.13788894633984358,0.589235133878542,0.16585829831727075,0.02143461874994596,-0.3788990496515813,0.02307098766484925,0.675
2020-10-31,10911.5909,9.297580888544667,-0.023182782545754677,0.023182782545754677,8.509728924274393,0.7878519642702742,1.488702875869291,0.06434348102549237,2.699212640650187,0.12527171927529562,0.6940733367813636,0.16297696200982853,0.021426899048269214,-0.33255264251443734,0.022668879433487957,0.675
2020-11-30,12198.737,9.409087700772144,0.11150681222747671,0.11150681222747671,8.522943507113277,0.8861441936588665,2.051896391293414,0.06996808588398225,3.154809656123826,0.11783732841027635,0.7742618094982605,0.1648218913843982,0.021307692655105164,-0.2861336792542985,0.022210729992661833,0.675
2020-12-31,12888.2824,9.464073836472739,0.054986135700595185,0.054986135700595185,8.536115811152165,0.9279580253205744,2.250887997886143,0.07164782000515653,3.218701335204801,0.11120485284421665,0.8461747289447706,0.16776720258228667,0.02124645964739335,-0.23758989135014616,0.02186056573338421,0.675
2021-01-31,13070.6945,9.478127942161407,0.014054105688668272,0.014054105688668272,8.549258238326983,0.9288697038344242,2.2016699540735547,0.0711789023868814,3.0784305858993446,0.10197718610185348,0.9254439598812781,0.16954377521442537,0.02106481272687745,-0.18885234642291257,0.021446117556483194,0.675
2021-02-28,13192.3454,9.487392046431548,0.009264104270140905,0.009264104270140905,8.562227985211793,0.9251640612197551,2.1264235255358885,0.06645959397430905,2.6053026061705182,0.09623085976463129,0.9832652106872082,0.17360544805579214,0.020731408190303554,-0.1398412455933249,0.020935780414301133,0.675
2021-03-31,13246.8707,9.49151662993609,0.00412458350454159,0.00412458350454159,8.575235698588603,0.9162809313474867,2.0271141174200222,0.05790935216285679,1.8376141202234515,0.0922801884553657,1.028287399033289,0.17873840230356214,0.020179162411557264,-0.09039870997137811,0.02026189541056424,0.675
2021-04-30,13962.6812,9.544143420911869,0.05262679097577916,0.05262679097577916,8.588409393778225,0.9557340271336443,2.198340320062176,0.0503246585955314,1.1822878026378727,0.08604126352313962,1.0808934935181482,0.18285636848542922,0.019528001786201,-0.039438415192204,0.019543198450290216,0.675
2021-05-31,13748.7386,9.528702360704695,-0.015441060207173507,0.015441060207173507,8.601566054861854,0.9271363058428417,1.9874823407350777,0.04616570658563809,0.8207477033818722,0.0787783803888086,1.1348281473681354,0.18655121617165463,0.018873835372147096,0.013378553180284006,0.01887552457130109,0.765
2021-06-30,14503.9534,9.582176539522742,0.05347417881804617,0.05347417881804617,8.615351921436424,0.9668246180863171,2.162095387678795,0.04577022341239312,0.7808948315811038,0.07124595161692593,1.1866167137725123,0.19009125691406592,0.01825399069366167,0.06782363293596053,0.018296055906731192,0.765
2021-07-31,14672.6776,9.59374237663594,0.011565837113199251,0.011565837113199251,8.629285828711593,0.9644565479243479,2.1009493542524615,0.0412323125926255,0.385889691057257,0.06424291206664054,1.232701808989557,0.1936835463594198,0.017536784839950418,0.12443901396538075,0.017673445608475502,0.9
2021-08-31,15259.2351,9.632940179073653,0.039197802437712426,0.039197802437712426,8.644099202256513,0.9888409768171407,2.1958530186304928,0.03686945886147042,0.009604835646838507,0.05910781849736903,1.2670842940818385,0.19764244070156284,0.01673047341414506,0.18369771510975452,0.017016781306711568,0.9
2021-09-30,14448.5815,9.578351522632007,-0.05458865644164668,0.05458865644164668,8.659005296746434,0.9193462258855725,1.7923022736212368,0.03700107082756121,0.01682362959669285,0.055465140305394386,1.2923693227980813,0.2018062133234146,0.015843418555564297,0.24610011876137664,0.01633561223134495,0.9
2021-10-31,15498.3885,9.648491329760382,0.07013980712837586,0.07013980712837586,8.673615922465235,0.9748754072951478,2.069172112981742,0.04091415620944631,0.3494500382753174,0.05033619475843782,1.3232397600171708,0.20542388081831073,0.014920957070526458,0.3114503059226966,0.015675083123015437,0.9
2021-11-30,15537.6907,9.651024009275424,0.002532679515041991,0.002532679515041991,8.688448961214796,0.9625750480606285,1.9703760615034585,0.03183297848341008,-0.4277689584614525,0.04243246458374196,1.365556089718687,0.2082039895026838,0.013969246660657807,0.3798943779103866,0.015041659723436372,0.9
2021-12-31,15644.9707,9.657904783298417,0.006880774022992142,0.006880774022992142,8.70338778829142,0.9545169950069958,1.9005353053070522,0.02782419834360983,-0.7675715154338905,0.03390785002131568,1.4090405472546932,0.2105406609812253,0.012972737277094361,0.4521657099720984,0.014422117028668491,0.9450000000000001
2022-01-31,14239.8832,9.563801982685137,-0.09410280061328002,0.09410280061328002,8.716900260001351,0.8469017226837856,1.2693695862095584,0.03449492292066081,-0.19306880105333646,0.023472125050242744,1.4599954042103123,0.21227459710164948,0.012069608825031886,0.5237942981371912,0.013938357506060565,0.9
2022-02-28,13751.3992,9.52889585791752,-0.03490612476761612,0.03490612476761612,8.729680479274684,0.7992153786428364,0.9799690784430678,0.036631757962117074,-0.007796294572618655,0.013888519778884827,1.5057438196315611,0.21364772647104355,0.011249673257630557,0.5937575801502603,0.013572722863779151,0.9
2022-03-31,14220.5187,9.56244117948522,0.03354532156769885,0.03354532156769885,8.742397203008123,0.8200439764770966,1.0834537371427768,0.03908348613404685,0.20540716949883359,0.0034945324497411092,1.5545088689395383,0.21456307001580174,0.01048312564034456,0.6621401623625759,0.013292018121825112,0.9
2022-04-30,12334.64,9.420166843292323,-0.1422743361928962,0.1422743361928962,8.754051070750071,0.666115772542252,0.17594950431475553,0.04655411490213993,0.8413038528949116,-0.007998105798153061,1.6079951130265415,0.21505945406139285,0.009784855098677128,0.7273162057014371,0.013099544830372298,0.85
2022-05-31,12081.3912,9.399421630420676,-0.02074521287164721,0.02074521287164721,8.766153820842758,0.6332678095779176,-0.03444557611417363,0.04699612762417941,0.8783918917165133,-0.019235137978160115,1.660347773808387,0.21508163113446244,0.009034504899369411,0.7949964843919433,0.012901141021477446,0.85
2022-06-30,11028.7357,9.308259481924344,-0.09116214849633231,0.09116214849633231,8.777185318459694,0.5310741634646501,-0.6649556679473454,0.05013679176403659,1.1435183612035331,-0.030359741636984513,1.712716872521851,0.21464049690117976,0.008232822966348977,0.8654943305972611,0.01269980356518578,0.75
2022-07-31,12390.6879,9.424700493663092,0.11644101173874866,0.11644101173874866,8.789174476059406,0.6355260176036861,-0.048970763393637276,0.05887638964949904,1.8611650872781234,-0.03788588496568057,1.7495295997305838,0.21310164086163008,0.007458274749988242,0.934138615168595,0.012545220012221978,0.75
2022-08-31,11816.2029,9.377226995695471,-0.047473497967621014,0.047473497967621014,8.800414350007133,0.5768126456883387,-0.4280863072318697,0.05956603094365809,1.8846754190742834,-0.04588937422892519,1.7897548166405883,0.21126430539273047,0.006742063873920785,0.998429637922797,0.01244788941961508,0.75
2022-09-30,10575.6187,9.26630650811324,-0.11092048758223072,0.11092048758223072,8.810597077434352,0.4557094306788887,-1.1986398484271428,0.06426035020537342,2.214317738588734,-0.05361230820491158,1.8302519691608026,0.208970484718218,0.006095675375625586,1.0570518845000345,0.012403657751571172,0.75
2022-10-31,10988.1459,9.304572325248598,0.038265817135357594,0.038265817135357594,8.821478941669616,0.4830933835789821,-1.0513932927395369,0.061604184372621905,1.948074811106949,-0.06251400600592497,1.878077421175251,0.20667959330752647,0.00540612306673608,1.11780916570145,0.012352522422690918,0.75
2022-11-30,11467.9959,9.34731546948663,0.04274314423803105,0.04274314423803105,8.832625111508806,0.5146903579778233,-0.8749170751277278,0.06495505643287099,2.1545608896517994,-0.07210890338741074,1.9314782538619746,0.20432523935514227,0.004748092532805138,1.1753494399077882,0.012325644628940457,0.75
2022-12-31,10466.4817,9.255933211097561,-0.09138225838906777,0.09138225838906777,8.842984139555044,0.41294907154251703,-1.5586414077427608,0.07199684679671063,2.608080720617186,-0.08108348071232961,1.9849619846402438,0.20148654984455858,0.0040719606276418945,1.2334001956085725,0.012300838055190451,0.75
2023-01-31,11584.5518,9.35742774815951,0.10149453706194933,0.10149453706194933,8.85385723584904,0.5035705123104712,-0.9859453390135583,0.07261282483409974,2.5582828754937856,-0.08766549335840257,2.0309448553739475,0.19740870597953397,0.0033879186381269594,1.291306654728837,0.012281067491116567,0.75
2023-02-28,11455.544,9.346229083938935,-0.011198664220575694,0.011198664220575694,8.864589249620565,0.4816398343183703,-1.15499322941645,0.07063720312184636,2.335198662506569,-0.09404126969350327,2.0794119644382656,0.19311568060281323,0.00274617379270674,1.3451983252273654,0.012276735628692385,0.75
2023-03-31,12221.9067,9.410985251650564,0.06475616771162862,0.06475616771162862,8.875582571997928,0.5354026796526359,-0.8128198839918948,0.07323810696717385,2.4409315529086513,-0.09872689198354304,2.124051321142615,0.18788680662394402,0.002160883954598276,1.3939733411198443,0.012284520909313965,0.75
2023-04-30,12226.5838,9.411367860143882,0.00038260849331805957,0.00038260849331805957,8.886424269552638,0.5249435905912438,-0.9037297003569865,0.061413796325542336,1.5652957147890487,-0.10413826759779096,2.1758134479748388,0.1830918298228991,0.001471992842921661,1.4506190973992426,0.01227805013817804,0.75
2023-05-31,12935.2854,9.467714158543709,0.05634629839982708,0.05634629839982708,8.897423211807851,0.5702909467358577,-0.6060154158174609,0.06438055345289066,1.737608758234942,-0.10926084911732356,2.230702515923212,0.17822713180069663,0.000774435322739922,1.5076602450847907,0.012274281925551312,0.75
2023-06-30,13787.9227,9.5315483212967,0.06383416275299147,0.06383416275299147,8.909082063348718,0.6224662579479823,-0.25861209913022626,0.062103221307612255,1.5481935191950813,-0.11277089534789306,2.2833063541935434,0.17250240017253363,0.0001129520930458298,1.5615937140759022,0.012274088978134317,0.75
2023-07-31,14346.0236,9.571228081742882,0.039679760446182044,0.039679760446182044,8.920542402138866,0.6506856796040168,-0.07114621914255785,0.05570645036656504,1.0823737789236396,-0.1158504506815797,2.3389057260425847,0.16674486714510325,-0.0005814118560794196,1.618174037650175,0.012276435761262484,0.75
2023-08-31,14034.968,9.549307208779133,-0.021920872963749005,0.021920872963749005,8.931904368302629,0.6174028404765046,-0.32521260502333804,0.0535770649495757,0.9181562577004283,-0.11908590697931996,2.4002829916352213,0.1614538438097416,-0.0013145045829427381,1.6779940281582206,0.012285949389857867,0.85
2023-09-30,13219.3218,9.489434811030732,-0.059872397748401696,0.059872397748401696,8.942356135258304,0.5470786757724273,-0.8450097558836063,0.04932305746342328,0.6092393510941947,-0.12213974073798017,2.466353703727212,0.1564775478675115,-0.0020088144386659124,1.7349153948683798,0.012295102616434612,0.85
2023-10-31,12851.2379,9.461195420313834,-0.028239390716898072,0.028239390716898072,8.952251322507118,0.5089440978067152,-1.1243364234575968,0.04848752192855166,0.5396344367509557,-0.12595548207348461,2.540811536800788,0.15269287268054865,-0.0026712781524953003,1.7896878037638024,0.012301665383249992,0.85
2023-11-30,14226.2183,9.562841900318421,0.10164648000458776,0.10164648000458776,8.9627007453545,0.6001411549639215,-0.46388608526422453,0.053396133242431386,0.8697889323110246,-0.12727420323069993,2.6122000058268005,0.14745932851742125,-0.0032217970618508246,1.8362211051212713,0.012281972210447844,0.85
2023-12-31,15011.3524,9.61656202050213,0.05372012018370853,0.05372012018370853,8.973361675499453,0.6432003450026773,-0.1543579411523594,0.05025762172531811,0.6385577173955281,-0.1269953385395689,2.684221561907475,0.14154369511410422,-0.003733877622392079,1.8805329630853451,0.012249940550307356,0.8925
2024-01-31,15164.0118,9.626680254794719,0.010118234292589179,0.010118234292589179,8.984253276400601,0.6424269783941181,-0.16757664010768714,0.042642929827871434,0.09650250278513439,-0.12599310788007376,2.7598745132764564,0.135764635595464,-0.004312831766635529,1.9308657674476022,0.012240566763131332,1.05
2024-02-29,16091.9224,9.686072710786116,0.05939245599139653,0.05939245599139653,8.995235074881803,0.6908376359043125,0.18245016387629304,0.046659079142106506,0.37155374780702927,-0.12264172572092724,2.835565791449252,0.12861754239505346,-0.004850101849314357,1.9789996202897273,0.012218084928202018,1.05
2024-03-31,16379.4583,9.703783286042139,0.017710575256023375,0.017710575256023375,9.00657827477247,0.6972050112696682,0.22059839589626296,0.0427386131041394,0.08935185006687595,-0.1176530448207847,2.9140155317004055,0.12076691113436577,-0.005417066526719529,2.0303843472105734,0.012212182220954727,1.05
2024-04-30,15657.8223,9.658725898572193,-0.04505738746994581,0.04505738746994581,9.017715264081296,0.6410106344908968,-0.2048855439482076,0.04646151135219171,0.3443152984655575,-0.11177189977259146,2.997459939111105,0.11294302292969136,-0.005903424304035762,2.0770842787080004,0.01217365993944837,1.05
2024-05-31,16735.0153,9.725258527896578,0.06653262932438508,0.06653262932438508,9.02915128279779,0.6961072450987889,0.19663858742758478,0.047310372262571544,0.39575680272697616,-0.1043841935871517,3.086472836980868,0.10454296429602311,-0.006330330044624168,2.1208869959334535,0.012109333645644106,1.05
2024-06-30,17732.6027,9.783160184685016,0.05790165678843806,0.05790165678843806,9.040750807796458,0.742409376888558,0.5328721237760893,0.046815996765525426,0.3533985556584939,-0.0956200694054125,-3.099769587241465,0.09570375822325561,-0.0067532517802230485,2.1658155060786313,0.012048090888646511,1.05
2024-07-31,17599.3997,9.775620072490009,-0.007540112195007609,0.007540112195007609,9.05236042794116,0.7232596445488486,0.37991263681636356,0.044137692744594226,0.15546750194577716,-0.08479088275557059,-2.990236671469602,0.08577146211929848,-0.0071900532193468255,2.2131161871146245,0.012002334053269743,1.05
2024-08-31,17713.6241,9.782089345640813,0.006469273150804256,0.006469273150804256,9.063631895593703,0.7184574500471097,0.33638994144481044,0.04285005942684883,0.057887117415939895,-0.0726736530891591,-2.862279054691298,0.07560368110522979,-0.007606585747376906,2.260554086187831,0.011953456000155974,1.05
2024-09-30,18189.1704,9.80858166299548,0.026492317354666284,0.026492317354666284,9.075283720227045,0.7332979427684343,0.43837053547903243,0.04006838606070421,-0.14663808674160528,-0.06000170868362951,-2.710232066074141,0.06605224496786821,-0.008038112965092421,2.31040282256822,0.011926031952381885,1.05
2024-10-31,18095.1506,9.803399258704298,-0.005182404291181442,0.005182404291181442,9.086641447703554,0.7167578110007433,0.30629381995591537,0.03814697052522783,-0.2901428435525154,-0.04755192908615468,-2.5320516267937894,0.05799646189797874,-0.008437324263149774,2.3597578549014813,0.011889885978893141,1.05
2024-11-30,19218.1662,9.863611266942184,0.06021200823788675,0.06021200823788675,9.098216325554786,0.7653949413873988,0.6630679906409748,0.03469409787800274,-0.5422173491984184,-0.034659572150570514,-2.315232108487963,0.05115373995064135,-0.008873670007248261,2.4126482059492047,0.01189694717161547,1.1025
2024-12-31,19310.7916,9.868419368885787,0.004808101943602594,0.004808101943602594,9.109928497512664,0.7584908713731231,0.6010427704239614,0.030618096357993913,-0.8381056236738279,-0.021972765721741512,-2.064426587053298,0.0463730808005533,-0.009330131736663526,2.4678345381021227,0.01193901711186816,1.1025
2025-01-31,19627.4415,9.884683942555933,0.016264573670145666,0.016264573670145666,9.121955503229007,0.762728439326926,0.621647515127153,0.03113029130612362,-0.8045319510706913,-0.007923315937635688,-1.7535620983795697,0.04359459230822562,-0.009772450467180956,2.5233620958508345,0.011992130355180807,1.1025
2025-02-28,18847.279,9.844123832324048,-0.040560110231885105,0.040560110231885105,9.133074264663927,0.7110495676601207,0.22709785988225895,0.029560929159497668,-0.9175279161636821,0.0056292990636905545,-1.4423790426162293,0.04395670759323289,-0.010192440534171968,2.578819316280933,0.012050954441152572,1.05
2025-03-31,17299.2866,9.758420542641382,-0.08570328968266594,0.08570328968266594,9.143584685354181,0.6148358572872006,-0.4988444153004741,0.03522698869505122,-0.5148039273432282,0.01815967304980232,-1.17174122396493,0.046737287443884515,-0.010543081963214511,2.63231647849639,0.012075490248263668,1.05
2025-04-30,17446.3416,9.76688525522105,0.008464712579668188,0.008464712579668188,9.154096995662115,0.6127882595589345,-0.5143071364753652,0.03217759912086141,-0.7398393372761056,0.03134086770426617,-0.9225484870455634,0.05190684838267699,-0.010891475799227727,2.686667570457989,0.012124623363879287,1.05
2025-05-31,19113.7665,9.858164113574883,0.09127885835383331,0.09127885835383331,9.165155846494178,0.693008267080705,0.08698262848061597,0.034239784873315436,-0.5968815111997571,0.044553981208946186,-0.7123241238394997,0.05886804811262019,-0.011220276655762803,2.74111450391114,0.012184368618564128,1.05
2025-06-30,20369.7334,9.92180542126088,0.0636413076859963,0.0636413076859963,9.1768828605261,0.7449225607347802,0.47033587877422695,0.03471808911477862,-0.5707351058481331,0.05851718696001996,-0.5309785914735824,0.06786080973829908,-0.011497199592353072,2.794693602468982,0.012225451351200874,1.05
2025-07-31,21122.4483,9.958091654397066,0.0362862331361864,0.0362862331361864,9.188679244318626,0.7694124100784396,0.6456766389119736,0.03711359919321019,-0.40376118931606814,0.07155837476949121,-0.38474972136763197,0.0772024615999832,-0.011707933692242276,2.847266064512557,0.012234024738253196,1.0
2025-08-31,21455.5523,9.973738739345523,0.01564708494845668,0.01564708494845668,9.201198188535749,0.772540550809774,0.6569136537074594,0.03787841684301455,-0.35437802812521474,0.08445741015382968,-0.25931542819796516,0.08737885743689809,-0.01187233537489778,2.8995221890981577,0.012228883913606822,1.0
2025-09-30,22660.009,10.028356931757559,0.05461819241203614,0.05461819241203614,9.214449624504471,0.8139073072530874,0.9540261175387738,0.04022223976446204,-0.18844348992206886,0.09748894445314257,-0.1493674802808738,0.09858666729249821,-0.011962940703167262,2.9511616609621756,0.01218317911284232,1.0
2025-10-31,23724.9571,10.074282815257316,0.04592588349975735,0.04592588349975735,9.227336266123656,0.8469465491336603,1.1842801111615477,0.04361752969851004,0.0575597185563078,0.11064484892717327,-0.0520750060508865,0.11079504232569952,-0.01197456663000556,3.0024667140196475,0.012091398717454141,1.0
2025-11-30,23365.6857,10.059023802018261,-0.015259013239054653,0.015259013239054653,9.240005678012576,0.8190181240056855,0.9574232499752173,0.03987144678194069,-0.22455750672837194,0.12169603030806941,0.035401905309294636,0.12177233065912602,-0.011978804491485093,3.054342960015237,0.012024543939093134,1.0
2025-12-31,23241.9906,10.0537158613425,-0.005307940675761458,0.005307940675761458,9.252797692737614,0.8009181686048858,0.8069634725622045,0.039913100009620596,-0.22561063748935117,0.13177292359038228,0.11604011752781238,0.13266511012784812,-0.011932811130494547,3.10645622322378,0.011940180859257294,1.0
2026-01-31,23461.8158,10.063129519041752,0.009413657699251843,0.009413657699251843,9.266350108712206,0.7967794103295454,0.7622976053776058,0.039342190345379446,-0.2683842004644674,0.14007735595613885,0.19238366361841305,0.14271017753737997,-0.011852647099272534,-3.1242446067475456,0.011854430878053074,1.0
